,Cruise ID,Station-Cast #,Target Station,Start Latitude [degrees],Start Longitude [degrees],Start Time [UTC],Cast,Cast Flag,Bottom Depth [m],Filename,File Flag,Bottle Position,Niskin Flag,Bottle Closure,"Pressure, Digiquartz [db]",Pressure Flag,"Depth [salt water, m]",Latitude [deg],Longitude [deg],"Temperature [ITS-90, deg C]",Temperature 1 Flag,"Temperature, 2 [ITS-90, deg C]",Temperature 2 Flag,Conductivity [S/m],Conductivity 1 Flag,"Conductivity, 2 [S/m]",Conductivity 2 Flag,"Salinity, Practical [PSU]","Salinity, Practical, 2 [PSU]","Oxygen, SBE 43 [ml/l]",Oxygen Flag,"Oxygen Saturation, Garcia & Gordon [ml/l]",Fluorescence [mg/m^3],Fluorescence Flag,"Beam Attenuation, WET Labs C-Star [1/m]","Beam Transmission, WET Labs C-Star [%]",Transmissometer Flag,pH,pH Flag,Discrete Oxygen [mL/L],Discrete Oxygen Flag,Discrete Oxygen Duplicate Flag,Discrete Chl (ug/l),Discrete Phaeo (ug/l),Discrete Fo/Fa Ratio,Discrete Fluorescence Flag,Discrete Fluorescence Duplicate Flag,Discrete Phosphate [µmol/L],Discrete Silicate [µmol/L],Discrete Nitrate+Nitrite [µmol/L],Discrete Ammonium [µmol/L],Discrete Nutrients Flag,Discrete Nutrients Duplicate Flag,Discrete Salinity [psu],Discrete Salinity Flag,Discrete Salinity Duplicate Flag,Discrete Alkalinity [µmol/kg],Discrete Alkalinity Flag,Discrete DIC [µmol/kg],Discrete DIC Flag,Discrete pCO2 [µatm],Discrete pCO2 Analysis Temp [C],Discrete pCO2 Flag,Discrete pH [Total Scale],Discrete pH Analysis Temp [C],Discrete pH Flag,Calculated Alkalinity [µmol/kg],Calculated DIC [µmol/kg],Calculated pCO2 [µatm],Calculated pH,Calculated CO2aq [µmol/kg],Calculated bicarb [µmol/kg],Calculated CO3 [µmol/kg],Calculated Omega-C,Calculated Omega-A,Comments,Chl Comments
0,KN 217,1,PMUI,40 21.70 N,070 46.31 W,2014-04-12T18:06:29Z,1,0000000000000100,96,ctd\kn217001.hex,0000000000000100,1,0000000000000100,Apr 12 2014 18:14:00,90.718,0000000000000100,90.001,40.36166,-70.77197,5.05,0000000000000100,5.2542,0000000000000100,3.19234,0000000000000100,3.218524,0000000000000100,33.1311,33.2283,6.6363,0000000000000100,7.1538,-9999999,-9999999,0.3267,92.1575,0000000000000100,-9999999,-9999999,7.316,0000000000000100,0000000000000100,1.61968349231796,0.645979062908254,-9999999,0000000000000100,0000000000000100,0.692730769230769,0.992036011080332,2.04949557733684,2.37758696871931,0000000000000100,0000000000000100,33.0886,0000000000000100,0000000000000100,2227.77679011392,0000000000000100,2072.42974819415,0000000000000100,-9999999,-9999999,-9999999,7.78123527777778,25,0000000000000100,-9999999,-9999999,-9999999,-9999999,-9999999,-9999999,-9999999,-9999999,-9999999,-9999999,
1,KN 217,1,PMUI,40 21.70 N,070 46.31 W,2014-04-12T18:06:29Z,1,0000000000000100,96,ctd\kn217001.hex,0000000000000100,2,0000000000000100,Apr 12 2014 18:14:09,90.823,0000000000000100,90.105,40.36166,-70.77198,4.9394,0000000000000100,5.187,0000000000000100,3.185822,0000000000000100,3.206726,0000000000000100,33.1661,33.1603,6.4294,0000000000000100,7.17096,-9999999,-9999999,0.3622,91.3633,0000000000000100,-9999999,-9999999,7.076,0000000000000100,0000000000000100,2.01223443907994,0.805782474229299,-9999999,0000000000000100,0000000000000100,0.72075,1.04494459833795,2.00441596939995,2.33526343105625,0000000000000100,0000000000000100,33.0933,0000000000000100,0000000000000100,2228.01376345427,0000000000000100,2069.47268622477,0000000000000100,-9999999,-9999999,-9999999,7.78196027777778,25,0000000000000100,-9999999,-9999999,-9999999,-9999999,-9999999,-9999999,-9999999,-9999999,-9999999,-9999999,
2,KN 217,1,PMUI,40 21.70 N,070 46.31 W,2014-04-12T18:06:29Z,1,0000000000000100,96,ctd\kn217001.hex,0000000000000100,3,0000000000000100,Apr 12 2014 18:18:21,51.425,0000000000000100,51.023,40.36166,-70.77198,4.9974,0000000000000100,4.9989,0000000000000100,3.178876,0000000000000100,3.179077,0000000000000100,33.0484,33.0492,7.0568,0000000000000100,7.16667,-9999999,-9999999,0.1511,96.2937,0000000000000100,-9999999,-9999999,7.292,0000000000000100,0000000000000100,0.378985858481423,0.105017145761707,-9999999,0000000000000100,0000000000000100,0.375576923076923,0.0380941828254848,0.684559407124074,0.771284233412821,0000000000000100,0000000000000100,33.035,0000000000000100,0000000000000100,2223.90056211177,0000000000000100,2055.60660006567,0000000000000100,-9999999,-9999999,-9999999,7.82704694444444,25,0000000000000100,-9999999,-9999999,-9999999,-9999999,-9999999,-9999999,-9999999,-9999999,-9999999,-9999999,
3,KN 217,1,PMUI,40 21.70 N,070 46.31 W,2014-04-12T18:06:29Z,1,0000000000000100,96,ctd\kn217001.hex,0000000000000100,4,0000000000000100,Apr 12 2014 18:18:32,51.69,0000000000000100,51.286,40.36166,-70.77198,5.016,0000000000000100,5.0114,0000000000000100,3.17867,0000000000000100,3.178866,0000000000000100,33.0274,33.0343,7.0752,0000000000000100,7.1645,-9999999,-9999999,0.1521,96.2681,0000000000000100,-9999999,-9999999,7.274,0000000000000100,0000000000000100,0.506317086066452,0.135110669677266,-9999999,0000000000000100,0000000000000100,0.401807692307693,0.0317451523545706,0.700825245039446,0.746885958759995,0000000000000100,0000000000000100,33.036,0000000000000100,0000000000000100,-9999999.0,-9999999,-9999999.0,-9999999,-9999999,-9999999,-9999999,-9999999.0,-9999999,-9999999,-9999999,-9999999,-9999999,-9999999,-9999999,-9999999,-9999999,-9999999,-9999999,-9999999,
4,KN 217,1,PMUI,40 21.70 N,070 46.31 W,2014-04-12T18:06:29Z,1,0000000000000100,96,ctd\kn217001.hex,0000000000000100,5,0000000000000100,Apr 12 2014 18:22:10,26.715,0000000000000100,26.507,40.36166,-70.77199,5.5665,0000000000000100,5.5637,0000000000000100,3.220398,0000000000000100,3.220331,0000000000000100,32.9739,32.9759,7.1601,0000000000000100,7.07405,-9999999,-9999999,0.2532,93.8761,0000000000000100,-9999999,-9999999,7.341,0000000000000100,0000000000000100,0.679125174886565,0.128612223742877,-9999999,0000000000000100,0000000000000100,0.31775,<0.030,0.124085106382979,0.48647172113901,0000000000000100,0000000000000100,32.9782,0000000000000100,0000000000000100,2220.07821789714,0000000000000100,2047.3384585018,0000000000000100,-9999999,-9999999,-9999999,7.84028527777778,25,0000000000000100,-9999999,-9999999,-9999999,-9999999,-9999999,-9999999,-9999999,-9999999,-9999999,-9999999,
5,KN 217,1,PMUI,40 21.70 N,070 46.31 W,2014-04-12T18:06:29Z,1,0000000000000100,96,ctd\kn217001.hex,0000000000000100,6,0000000000000100,Apr 12 2014 18:22:21,26.808,0000000000000100,26.6,40.36166,-70.772,5.5634,0000000000000100,5.5678,0000000000000100,3.220174,0000000000000100,3.220768,0000000000000100,32.9743,32.9768,7.1647,0000000000000100,7.07454,-9999999,-9999999,0.2327,94.3495,0000000000000100,-9999999,-9999999,7.363,0000000000000100,0000000000000100,0.770003014057495,0.136907069579623,-9999999,0000000000000100,0000000000000100,0.431019230769231,<0.030,0.14964570882142,0.706554116986955,0000000000000100,0000000000000100,32.9777,0000000000000100,0000000000000100,-9999999.0,-9999999,-9999999.0,-9999999,-9999999,-9999999,-9999999,-9999999.0,-9999999,-9999999,-9999999,-9999999,-9999999,-9999999,-9999999,-9999999,-9999999,-9999999,-9999999,-9999999,
6,KN 217,1,PMUI,40 21.70 N,070 46.31 W,2014-04-12T18:06:29Z,1,0000000000000100,96,ctd\kn217001.hex,0000000000000100,7,0000000000000100,Apr 12 2014 18:25:16,6.714,0000000000000100,6.662,40.36166,-70.77198,5.9768,0000000000000100,5.9596,0000000000000100,3.256445,0000000000000100,3.255135,0000000000000100,32.9893,32.9915,7.1846,0000000000000100,7.00539,-9999999,-9999999,0.2558,93.8056,0000000000000100,-9999999,-9999999,7.353,0000000000000100,0000000000000100,0.526870551936476,0.114557203807242,-9999999,0000000000000100,0000000000000100,0.334442307692308,<0.030,0.257929715515181,0.539749586197223,0000000000000100,0000000000000100,32.9935,0000000000000100,0000000000000100,2220.15101728542,0000000000000100,2039.18423531962,0000000000000100,-9999999,-9999999,-9999999,7.84774361111111,25,0000000000000100,-9999999,-9999999,-9999999,-9999999,-9999999,-9999999,-9999999,-9999999,-9999999,-9999999,
7,KN 217,1,PMUI,40 21.70 N,070 46.31 W,2014-04-12T18:06:29Z,1,0000000000000100,96,ctd\kn217001.hex,0000000000000100,8,0000000000000100,Apr 12 2014 18:25:27,6.76,0000000000000100,6.708,40.36166,-70.772,5.8953,0000000000000100,5.8948,0000000000000100,3.249481,0000000000000100,3.249591,0000000000000100,32.9906,32.9924,7.1908,0000000000000100,7.01873,-9999999,-9999999,0.2532,93.867,0000000000000100,-9999999,-9999999,7.357,0000000000000100,0000000000000100,0.519852295297931,0.108482122791693,-9999999,0000000000000100,0000000000000100,0.324307692307692,<0.030,0.259788668419795,0.623898737550849,0000000000000100,0000000000000100,32.9942,0000000000000100,0000000000000100,-9999999.0,-9999999,-9999999.0,-9999999,-9999999,-9999999,-9999999,-9999999.0,-9999999,-9999999,-9999999,-9999999,-9999999,-9999999,-9999999,-9999999,-9999999,-9999999,-9999999,-9999999,
8,KN 217,2,PMCO,40 05.59 N,070 52.52 W,2014-04-13T17:54:46Z,2,0000000000000100,150,ctd\kn217002.hex,0000000000000100,1,0000000000000100,Apr 13 2014 18:00:29,145.688,0000000000000100,144.52,40.09324,-70.87536,10.9919,0000000000000100,10.9916,0000000000000100,3.913031,0000000000000100,3.913154,0000000000000100,35.0319,35.0333,5.3981,0000000000000100,6.18038,-9999999,-9999999,0.1763,95.6884,0000000000000100,-9999999,-9999999,5.576,0000000000000100,0000000000000100,0.143637979467158,0.186623610460206,-9999999,0000000000000100,0000000000000100,0.779173076923077,4.2575540166205,10.0109261295721,0.130456080796746,0000000000000100,0000000000000100,35.0356,0000000000000100,0000000000000100,2314.59673425935,0000000000000100,2124.03867017798,0000000000000100,-9999999,-9999999,-9999999,7.84180527777778,25,0000000000000100,-9999999,-9999999,-9999999,-9999999,-9999999,-9999999,-9999999,-9999999,-9999999,salt max; temp max,"Salt max, Temp max"
9,KN 217,2,PMCO,40 05.59 N,070 52.52 W,2014-04-13T17:54:46Z,2,0000000000000100,150,ctd\kn217002.hex,0000000000000100,2,0000000000000100,Apr 13 2014 18:00:39,145.614,0000000000000100,144.446,40.09324,-70.87536,10.9913,0000000000000100,10.9912,0000000000000100,3.912959,0000000000000100,3.913107,0000000000000100,35.0317,35.0333,5.3975,0000000000000100,6.18046,-9999999,-9999999,0.1815,95.5631,0000000000000100,-9999999,-9999999,5.665,0000000000000100,0000000000000100,0.144525956349463,0.188891272780491,-9999999,0000000000000100,0000000000000100,0.776788461538462,4.40993074792244,10.1424470475736,0.317177570486744,0000000000000100,0000000000000100,35.0356,0000000000000100,0000000000000100,-9999999.0,-9999999,-9999999.0,-9999999,-9999999,-9999999,-9999999,-9999999.0,-9999999,-9999999,-9999999,-9999999,-9999999,-9999999,-9999999,-9999999,-9999999,-9999999,-9999999,-9999999,
10,KN 217,2,PMCO,40 05.59 N,070 52.52 W,2014-04-13T17:54:46Z,2,0000000000000100,150,ctd\kn217002.hex,0000000000000100,3,0000000000000100,Apr 13 2014 18:03:38,111.676,0000000000000100,110.79,40.09326,-70.87536,10.4431,0000000000000100,10.4447,0000000000000100,3.83948,0000000000000100,3.839823,0000000000000100,34.8322,34.8342,5.6173,0000000000000100,6.26135,-9999999,-9999999,0.126,96.8992,0000000000000100,-9999999,-9999999,5.916,0000000000000100,0000000000000100,0.168488289729638,0.176387978923886,-9999999,0000000000000100,0000000000000100,0.736846153846154,2.97875346260388,8.92762132440832,0.355517716369757,0000000000000100,0000000000000100,34.818,0000000000000100,0000000000000100,2305.61311065906,0000000000000100,2119.61110599048,0000000000000100,-9999999,-9999999,-9999999,7.84439694444445,25,0000000000000100,-9999999,-9999999,-9999999,-9999999,-9999999,-9999999,-9999999,-9999999,-9999999,-9999999,
11,KN 217,2,PMCO,40 05.59 N,070 52.52 W,2014-04-13T17:54:46Z,2,0000000000000100,150,ctd\kn217002.hex,0000000000000100,4,0000000000000100,Apr 13 2014 18:03:45,111.609,0000000000000100,110.723,40.09326,-70.87536,10.4435,0000000000000100,10.4399,0000000000000100,3.839569,0000000000000100,3.839297,0000000000000100,34.8328,34.8335,5.6141,0000000000000100,6.26128,-9999999,-9999999,0.1237,96.9557,0000000000000100,-9999999,-9999999,5.838,0000000000000100,0000000000000100,0.176358763245721,0.16121346113133,-9999999,0000000000000100,0000000000000100,0.729096153846154,2.92849030470914,8.80539517092996,0.624894585495862,0000000000000100,0000000000000100,34.8159,0000000000000100,0000000000000100,2308.25609004153,0000000000000100,2112.86648163247,0000000000000100,-9999999,-9999999,-9999999,7.84417527777778,25,0000000000000100,-9999999,-9999999,-9999999,-9999999,-9999999,-9999999,-9999999,-9999999,-9999999,-9999999,
12,KN 217,2,PMCO,40 05.59 N,070 52.52 W,2014-04-13T17:54:46Z,2,0000000000000100,150,ctd\kn217002.hex,0000000000000100,5,0000000000000100,Apr 13 2014 18:06:11,52.095,0000000000000100,51.689,40.09325,-70.87536,7.8035,0000000000000100,7.8023,0000000000000100,3.508504,0000000000000100,3.508499,0000000000000100,33.9568,33.9579,5.9482,0000000000000100,6.67431,-9999999,-9999999,0.1318,96.758,0000000000000100,-9999999,-9999999,6.216,0000000000000100,0000000000000100,0.246909079070116,0.190318883942197,-9999999,0000000000000100,0000000000000100,0.924634615384615,4.02581440443213,9.4532402581879,0.750371426567542,0000000000000100,0000000000000100,33.9749,0000000000000100,0000000000000100,2265.78899414598,0000000000000100,2105.88380190455,0000000000000100,-9999999,-9999999,-9999999,7.77648194444444,25,0000000000000100,-9999999,-9999999,-9999999,-9999999,-9999999,-9999999,-9999999,-9999999,-9999999,-9999999,
13,KN 217,2,PMCO,40 05.59 N,070 52.52 W,2014-04-13T17:54:46Z,2,0000000000000100,150,ctd\kn217002.hex,0000000000000100,6,0000000000000100,Apr 13 2014 18:06:22,52.171,0000000000000100,51.764,40.09325,-70.87536,7.7819,0000000000000100,7.7829,0000000000000100,3.505988,0000000000000100,3.506216,0000000000000100,33.9507,33.9522,5.9564,0000000000000100,6.67783,-9999999,-9999999,0.1332,96.7244,0000000000000100,-9999999,-9999999,6.191,0000000000000100,0000000000000100,0.266693752264705,0.21074873316722,-9999999,0000000000000100,0000000000000100,0.932980769230769,4.00094736842105,9.41420224719101,0.816097390938421,0000000000000100,0000000000000100,33.9716,0000000000000100,0000000000000100,-9999999.0,-9999999,-9999999.0,-9999999,-9999999,-9999999,-9999999,-9999999.0,-9999999,-9999999,-9999999,-9999999,-9999999,-9999999,-9999999,-9999999,-9999999,-9999999,-9999999,-9999999,
14,KN 217,2,PMCO,40 05.59 N,070 52.52 W,2014-04-13T17:54:46Z,2,0000000000000100,150,ctd\kn217002.hex,0000000000000100,7,0000000000000100,Apr 13 2014 18:08:53,12.535,0000000000000100,12.438,40.09326,-70.87536,6.5983,0000000000000100,6.5986,0000000000000100,3.345256,0000000000000100,3.345481,0000000000000100,33.3701,33.3723,6.7489,0000000000000100,6.88735,-9999999,-9999999,0.182,95.5518,0000000000000100,-9999999,-9999999,6.972,0000000000000100,0000000000000100,0.568980091767745,0.122172022885694,-9999999,0000000000000100,0000000000000100,0.783346153846154,2.72320498614958,6.99152187425293,0.633857217000982,0000000000000100,0000000000000100,33.4002,0000000000000100,0000000000000100,2240.45799694538,0000000000000100,2079.64137875198,0000000000000100,-9999999,-9999999,-9999999,7.78690027777778,25,0000000000000100,-9999999,-9999999,-9999999,-9999999,-9999999,-9999999,-9999999,-9999999,-9999999,chlorophyll max; temp min,"Chl max, Temp min."
15,KN 217,2,PMCO,40 05.59 N,070 52.52 W,2014-04-13T17:54:46Z,2,0000000000000100,150,ctd\kn217002.hex,0000000000000100,8,0000000000000100,Apr 13 2014 18:09:05,12.597,0000000000000100,12.5,40.09326,-70.87536,6.57,0000000000000100,6.5703,0000000000000100,3.341626,0000000000000100,3.341784,0000000000000100,33.3575,33.3589,6.78,0000000000000100,6.89245,-9999999,-9999999,0.1868,95.4375,0000000000000100,-9999999,-9999999,7.036,0000000000000100,0000000000000100,0.615100063963897,0.118914106922743,-9999999,0000000000000100,0000000000000100,0.771423076923077,2.43908587257618,6.89950370547454,0.699085257399355,0000000000000100,0000000000000100,33.3523,0000000000000100,0000000000000100,-9999999.0,-9999999,-9999999.0,-9999999,-9999999,-9999999,-9999999,-9999999.0,-9999999,-9999999,-9999999,-9999999,-9999999,-9999999,-9999999,-9999999,-9999999,-9999999,-9999999,-9999999,
16,KN 217,3,PMCO,40 05.48 N,070 52.28 W,2014-04-13T22:05:09Z,3,0000000000000100,151,ctd\kn217003.hex,0000000000000100,1,0000000000000100,Apr 13 2014 22:10:57,146.762,0000000000000100,145.585,40.09278,-70.87206,10.7519,0000000000000100,10.7515,0000000000000100,3.881179,0000000000000100,3.881313,0000000000000100,34.9414,34.9432,5.5015,0000000000000100,6.21568,-9999999,-9999999,0.1541,96.2194,0000000000000100,-9999999,-9999999,5.792,0000000000000100,0000000000000100,0.183153448713877,0.166377818717762,-9999999,0000000000000100,0000000000000100,-9999999.0,-9999999,-9999999.0,-9999999.0,-9999999,-9999999,34.9441,-9999999,-9999999,-9999999.0,-9999999,-9999999.0,-9999999,-9999999,-9999999,-9999999,-9999999.0,-9999999,-9999999,-9999999,-9999999,-9999999,-9999999,-9999999,-9999999,-9999999,-9999999,-9999999,salt max; temp max,Satl & Temp max; Glider station
17,KN 217,3,PMCO,40 05.48 N,070 52.28 W,2014-04-13T22:05:09Z,3,0000000000000100,151,ctd\kn217003.hex,0000000000000100,2,0000000000000100,Apr 13 2014 22:11:10,146.736,0000000000000100,145.559,40.09281,-70.87207,10.7527,0000000000000100,10.752,0000000000000100,3.88129,0000000000000100,3.881354,0000000000000100,34.9417,34.9431,5.5166,0000000000000100,6.21556,-9999999,-9999999,0.1523,96.264,0000000000000100,-9999999,-9999999,5.665,0000000000000100,0000000000000100,0.150691996110471,0.202275579076872,-9999999,0000000000000100,0000000000000100,-9999999.0,-9999999,-9999999.0,-9999999.0,-9999999,-9999999,34.9402,-9999999,-9999999,-9999999.0,-9999999,-9999999.0,-9999999,-9999999,-9999999,-9999999,-9999999.0,-9999999,-9999999,-9999999,-9999999,-9999999,-9999999,-9999999,-9999999,-9999999,-9999999,-9999999,-9999999,
18,KN 217,3,PMCO,40 05.48 N,070 52.28 W,2014-04-13T22:05:09Z,3,0000000000000100,151,ctd\kn217003.hex,0000000000000100,3,0000000000000100,Apr 13 2014 22:13:23,92.444,0000000000000100,91.714,40.09324,-70.87226,9.3125,0000000000000100,9.3121,0000000000000100,3.695438,0000000000000100,3.695519,0000000000000100,34.4509,34.4522,5.6499,0000000000000100,6.43289,-9999999,-9999999,0.1202,97.0408,0000000000000100,-9999999,-9999999,5.916,0000000000000100,0000000000000100,0.200270966221334,0.198663977436514,-9999999,0000000000000100,0000000000000100,-9999999.0,-9999999,-9999999.0,-9999999.0,-9999999,-9999999,34.4571,-9999999,-9999999,-9999999.0,-9999999,-9999999.0,-9999999,-9999999,-9999999,-9999999,-9999999.0,-9999999,-9999999,-9999999,-9999999,-9999999,-9999999,-9999999,-9999999,-9999999,-9999999,-9999999,-9999999,
19,KN 217,3,PMCO,40 05.48 N,070 52.28 W,2014-04-13T22:05:09Z,3,0000000000000100,151,ctd\kn217003.hex,0000000000000100,4,0000000000000100,Apr 13 2014 22:13:34,92.59,0000000000000100,91.859,40.09324,-70.87226,9.3173,0000000000000100,9.3141,0000000000000100,3.696012,0000000000000100,3.695771,0000000000000100,34.4523,34.4528,5.6382,0000000000000100,6.43217,-9999999,-9999999,0.1191,97.0669,0000000000000100,-9999999,-9999999,5.838,0000000000000100,0000000000000100,0.175957720009232,0.227132218895711,-9999999,0000000000000100,0000000000000100,-9999999.0,-9999999,-9999999.0,-9999999.0,-9999999,-9999999,34.4593,-9999999,-9999999,-9999999.0,-9999999,-9999999.0,-9999999,-9999999,-9999999,-9999999,-9999999.0,-9999999,-9999999,-9999999,-9999999,-9999999,-9999999,-9999999,-9999999,-9999999,-9999999,-9999999,-9999999,
20,KN 217,3,PMCO,40 05.48 N,070 52.28 W,2014-04-13T22:05:09Z,3,0000000000000100,151,ctd\kn217003.hex,0000000000000100,5,0000000000000100,Apr 13 2014 22:16:48,23.377,0000000000000100,23.196,40.09324,-70.8723,5.5306,0000000000000100,5.5283,0000000000000100,3.244286,0000000000000100,3.244306,0000000000000100,33.2823,33.2848,6.8044,0000000000000100,7.06552,-9999999,-9999999,0.1297,96.8097,0000000000000100,-9999999,-9999999,6.216,0000000000000100,0000000000000100,0.428209457616529,0.131365664153076,-9999999,0000000000000100,0000000000000100,-9999999.0,-9999999,-9999999.0,-9999999.0,-9999999,-9999999,33.3092,-9999999,-9999999,-9999999.0,-9999999,-9999999.0,-9999999,-9999999,-9999999,-9999999,-9999999.0,-9999999,-9999999,-9999999,-9999999,-9999999,-9999999,-9999999,-9999999,-9999999,-9999999,-9999999,-9999999,
21,KN 217,3,PMCO,40 05.48 N,070 52.28 W,2014-04-13T22:05:09Z,3,0000000000000100,151,ctd\kn217003.hex,0000000000000100,6,0000000000000100,Apr 13 2014 22:17:00,23.274,0000000000000100,23.094,40.09326,-70.87231,5.5324,0000000000000100,5.5279,0000000000000100,3.24456,0000000000000100,3.244446,0000000000000100,33.2837,33.2868,6.8012,0000000000000100,7.06515,-9999999,-9999999,0.1354,96.6734,0000000000000100,-9999999,-9999999,6.191,0000000000000100,0000000000000100,0.404051060761941,0.11712821674468,-9999999,0000000000000100,0000000000000100,-9999999.0,-9999999,-9999999.0,-9999999.0,-9999999,-9999999,33.3182,-9999999,-9999999,-9999999.0,-9999999,-9999999.0,-9999999,-9999999,-9999999,-9999999,-9999999.0,-9999999,-9999999,-9999999,-9999999,-9999999,-9999999,-9999999,-9999999,-9999999,-9999999,-9999999,-9999999,
22,KN 217,3,PMCO,40 05.48 N,070 52.28 W,2014-04-13T22:05:09Z,3,0000000000000100,151,ctd\kn217003.hex,0000000000000100,7,0000000000000100,Apr 13 2014 22:18:27,3.594,0000000000000100,3.566,40.09338,-70.87236,7.7687,0000000000000100,7.7748,0000000000000100,3.431618,0000000000000100,3.432229,0000000000000100,33.1871,33.1878,6.9771,0000000000000100,6.71323,-9999999,-9999999,0.4307,89.7947,0000000000000100,-9999999,-9999999,6.972,0000000000000100,0000000000000100,1.39813698320726,0.226521558343918,-9999999,0000000000000100,0000000000000100,-9999999.0,-9999999,-9999999.0,-9999999.0,-9999999,-9999999,33.2073,-9999999,-9999999,-9999999.0,-9999999,-9999999.0,-9999999,-9999999,-9999999,-9999999,-9999999.0,-9999999,-9999999,-9999999,-9999999,-9999999,-9999999,-9999999,-9999999,-9999999,-9999999,-9999999,-9999999,
23,KN 217,3,PMCO,40 05.48 N,070 52.28 W,2014-04-13T22:05:09Z,3,0000000000000100,151,ctd\kn217003.hex,0000000000000100,8,0000000000000100,Apr 13 2014 22:18:35,3.545,0000000000000100,3.518,40.09339,-70.87236,7.772,0000000000000100,7.7682,0000000000000100,3.431892,0000000000000100,3.431939,0000000000000100,33.1869,33.191,6.9645,0000000000000100,6.71274,-9999999,-9999999,0.3961,90.5716,0000000000000100,-9999999,-9999999,7.036,0000000000000100,0000000000000100,1.36705613237942,0.154383579875479,-9999999,0000000000000100,0000000000000100,-9999999.0,-9999999,-9999999.0,-9999999.0,-9999999,-9999999,33.2006,-9999999,-9999999,-9999999.0,-9999999,-9999999.0,-9999999,-9999999,-9999999,-9999999,-9999999.0,-9999999,-9999999,-9999999,-9999999,-9999999,-9999999,-9999999,-9999999,-9999999,-9999999,-9999999,-9999999,
24,KN 217,4,PMCO,39 56.41 N,070 46.50 W,2014-04-14T20:02:46Z,4,0000000000000100,451,ctd\kn217004.hex,0000000000000100,1,0000000000000100,Apr 14 2014 20:14:10,445.2,0000000000000100,441.316,39.9402,-70.77518,7.4925,0000000000000100,7.4935,0000000000000100,3.603528,0000000000000100,3.603852,0000000000000100,35.1021,35.1046,3.7686,0000000000000100,6.67129,-9999999,-9999999,0.0973,97.5979,0000000000000100,-9999999,-9999999,4.079,0000000000000100,0000000000000100,0.026193397231982,0.059652069315591,-9999999,0000000000000100,0000000000000100,1.77773076923077,14.3059529085873,23.1662710972985,0.242986898583251,0000000000000100,0000000000000100,35.1069,0000000000000100,0000000000000100,2317.484668646,0000000000000100,2186.92561496784,0000000000000100,-9999999,-9999999,-9999999,7.67805361111111,25,0000000000000100,-9999999,-9999999,-9999999,-9999999,-9999999,-9999999,-9999999,-9999999,-9999999,-9999999,
25,KN 217,4,PMCO,39 56.41 N,070 46.50 W,2014-04-14T20:02:46Z,4,0000000000000100,451,ctd\kn217004.hex,0000000000000100,2,0000000000000100,Apr 14 2014 20:14:15,445.053,0000000000000100,441.17,39.9402,-70.77518,7.494,0000000000000100,7.4928,0000000000000100,3.603655,0000000000000100,3.603747,0000000000000100,35.102,35.1042,3.7675,0000000000000100,6.67107,-9999999,-9999999,0.0968,97.6089,0000000000000100,-9999999,-9999999,4.036,0000000000000100,0000000000000100,0.027872504935935,0.051302751863816,-9999999,0000000000000100,0000000000000100,1.77832692307692,14.2794986149585,23.110037771934,0.0667218123158929,0000000000000100,0000000000000100,35.1065,0000000000000100,0000000000000100,-9999999.0,-9999999,-9999999.0,-9999999,-9999999,-9999999,-9999999,-9999999.0,-9999999,-9999999,-9999999,-9999999,-9999999,-9999999,-9999999,-9999999,-9999999,-9999999,-9999999,-9999999,
26,KN 217,4,PMCO,39 56.41 N,070 46.50 W,2014-04-14T20:02:46Z,4,0000000000000100,451,ctd\kn217004.hex,0000000000000100,3,0000000000000100,Apr 14 2014 20:19:51,212.004,0000000000000100,210.272,39.94022,-70.77518,12.8961,0000000000000100,12.8919,0000000000000100,4.166664,0000000000000100,4.166297,0000000000000100,35.6773,35.6777,4.9829,0000000000000100,5.91483,-9999999,-9999999,0.0765,98.1054,0000000000000100,-9999999,-9999999,5.443,0000000000000100,0000000000000100,0.173050156544692,-0.095055793130958,-9999999,0000000000000100,0000000000000100,0.815538461538461,4.45913573407202,11.248988764045,0.219086547902932,0000000000000100,0000000000000100,35.6544,0000000000000100,0000000000000100,2341.99744494665,0000000000000100,2137.41326926179,0000000000000100,-9999999,-9999999,-9999999,7.86259694444444,25,0000000000000100,-9999999,-9999999,-9999999,-9999999,-9999999,-9999999,-9999999,-9999999,-9999999,-9999999,
27,KN 217,4,PMCO,39 56.41 N,070 46.50 W,2014-04-14T20:02:46Z,4,0000000000000100,451,ctd\kn217004.hex,0000000000000100,4,0000000000000100,Apr 14 2014 20:20:04,211.922,0000000000000100,210.192,39.9402,-70.77516,12.8819,0000000000000100,12.8651,0000000000000100,4.165119,0000000000000100,4.163364,0000000000000100,35.6759,35.6749,4.9845,0000000000000100,5.91661,-9999999,-9999999,0.0757,98.1269,0000000000000100,-9999999,-9999999,5.475,0000000000000100,0000000000000100,0.080208647297656,0.1166623169751,-9999999,0000000000000100,0000000000000100,0.827461538461539,4.43691412742383,11.3363595505618,0.271368565016131,0000000000000100,0000000000000100,35.6546,0000000000000100,0000000000000100,-9999999.0,-9999999,-9999999.0,-9999999,-9999999,-9999999,-9999999,-9999999.0,-9999999,-9999999,-9999999,-9999999,-9999999,-9999999,-9999999,-9999999,-9999999,-9999999,-9999999,-9999999,
28,KN 217,4,PMCO,39 56.41 N,070 46.50 W,2014-04-14T20:02:46Z,4,0000000000000100,451,ctd\kn217004.hex,0000000000000100,5,0000000000000100,Apr 14 2014 20:25:03,33.583,0000000000000100,33.323,39.9402,-70.77518,11.6308,0000000000000100,11.6287,0000000000000100,3.965069,0000000000000100,3.96515,0000000000000100,34.9916,34.9943,6.438,0000000000000100,6.09889,-9999999,-9999999,0.5207,87.7952,0000000000000100,-9999999,-9999999,6.839,0000000000000100,0000000000000100,3.92350045727239,1.47255689311105,-9999999,0000000000000100,0000000000001001,0.351730769230769,0.248670360110803,4.43964427444418,0.206638448590265,0000000000000100,0000000000000100,34.9943,0000000000000100,0000000000000100,2317.67911519804,0000000000000100,2083.52235970976,0000000000000100,-9999999,-9999999,-9999999,7.92517527777778,25,0000000000000100,-9999999,-9999999,-9999999,-9999999,-9999999,-9999999,-9999999,-9999999,-9999999,-9999999,likely needed to dilute more. Maxed out fl sense
29,KN 217,4,PMCO,39 56.41 N,070 46.50 W,2014-04-14T20:02:46Z,4,0000000000000100,451,ctd\kn217004.hex,0000000000000100,6,0000000000000100,Apr 14 2014 20:25:13,33.574,0000000000000100,33.314,39.9402,-70.77518,11.6317,0000000000000100,11.631,0000000000000100,3.965188,0000000000000100,3.965291,0000000000000100,34.9918,34.9935,6.4346,0000000000000100,6.09875,-9999999,-9999999,0.5244,87.714,0000000000000100,-9999999,-9999999,6.938,0000000000000100,0000000000000100,4.9749413486371,2.0751583656929,-9999999,0000000000000100,0000000000000100,0.33325,0.0592576177285319,4.43917953621803,0.340579997194558,0000000000000100,0000000000000100,34.9941,0000000000000100,0000000000000100,2319.42051382636,0000000000000100,2084.50069352358,0000000000000100,-9999999,-9999999,-9999999,7.92462861111111,25,0000000000000100,-9999999,-9999999,-9999999,-9999999,-9999999,-9999999,-9999999,-9999999,-9999999,-9999999,
30,KN 217,4,PMCO,39 56.41 N,070 46.50 W,2014-04-14T20:02:46Z,4,0000000000000100,451,ctd\kn217004.hex,0000000000000100,7,0000000000000100,Apr 14 2014 20:27:16,4.112,0000000000000100,4.081,39.94022,-70.77518,9.0052,0000000000000100,9.0052,0000000000000100,3.585246,0000000000000100,3.585373,0000000000000100,33.6386,33.6399,7.174,0000000000000100,6.5107,-9999999,-9999999,0.8145,81.5777,0000000000000100,-9999999,-9999999,7.398,0000000000000100,0000000000000100,3.70363428896925,0.796555047469386,-9999999,0000000000000100,0000000000000100,0.785134615384615,2.45707479224377,3.98977767152761,0.711533356712022,0000000000000100,0000000000000100,33.6625,0000000000000100,0000000000000100,2253.89067843405,0000000000000100,2058.89275953233,0000000000000100,-9999999,-9999999,-9999999,7.87384861111111,25,0000000000000100,-9999999,-9999999,-9999999,-9999999,-9999999,-9999999,-9999999,-9999999,-9999999,-9999999,
31,KN 217,4,PMCO,39 56.41 N,070 46.50 W,2014-04-14T20:02:46Z,4,0000000000000100,451,ctd\kn217004.hex,0000000000000100,8,0000000000000100,Apr 14 2014 20:27:22,4.021,0000000000000100,3.99,39.94022,-70.77518,9.0062,0000000000000100,9.0063,0000000000000100,3.585256,0000000000000100,3.58544,0000000000000100,33.6378,33.6397,7.1656,0000000000000100,6.51059,-9999999,-9999999,0.8118,81.6311,0000000000000100,-9999999,-9999999,7.621,0000000000000100,0000000000000100,4.10969056591364,0.540078599420463,-9999999,0000000000000100,0000000000000100,0.494807692307692,2.39411357340721,3.87312837676308,0.220580319820451,0000000000000100,0000000000000100,33.657,0000000000000100,0000000000000100,-9999999.0,-9999999,-9999999.0,-9999999,-9999999,-9999999,-9999999,-9999999.0,-9999999,-9999999,-9999999,-9999999,-9999999,-9999999,-9999999,-9999999,-9999999,-9999999,-9999999,-9999999,
32,KN 217,5,OSPM,39 56.40 N,070 52.99 W,2014-04-15T20:07:35Z,5,0000000000000100,445,ctd\kn217005.hex,0000000000000100,1,0000000000000100,Apr 15 2014 20:20:15,440.8,0000000000000100,436.96,39.94002,-70.88332,7.2053,0000000000000100,7.2057,0000000000000100,3.575341,0000000000000100,3.575596,0000000000000100,35.0874,35.0897,3.9078,0000000000000100,6.71564,-9999999,-9999999,0.1035,97.4472,0000000000000100,-9999999,-9999999,4.352,0000000000000100,0000000000000100,0.022337007964558,0.059210286374767,-9999999,0000000000000100,0000000000000100,1.74613461538462,14.2816149584488,22.6471584986851,0.210621840370318,0000000000000100,0000000000000100,35.097,0000000000000100,0000000000000100,2310.11630973484,0000000000000100,2184.34256236252,0000000000000100,-9999999,-9999999,-9999999,7.68243527777778,25,0000000000000100,-9999999,-9999999,-9999999,-9999999,-9999999,-9999999,-9999999,-9999999,-9999999,-9999999,
33,KN 217,5,OSPM,39 56.40 N,070 52.99 W,2014-04-15T20:07:35Z,5,0000000000000100,445,ctd\kn217005.hex,0000000000000100,2,0000000000000100,Apr 15 2014 20:20:22,440.082,0000000000000100,436.249,39.94002,-70.88332,7.2097,0000000000000100,7.2087,0000000000000100,3.575711,0000000000000100,3.575833,0000000000000100,35.0872,35.0896,3.9086,0000000000000100,6.71496,-9999999,-9999999,0.1021,97.4808,0000000000000100,-9999999,-9999999,4.19,0000000000000100,0000000000000100,0.026218201585421,0.058380417431593,-9999999,0000000000000100,0000000000000100,1.76163461538462,14.2440498614958,22.6954912742051,0.43568347594333,0000000000000100,0000000000000100,35.0896,0000000000000100,0000000000000100,-9999999.0,-9999999,-9999999.0,-9999999,-9999999,-9999999,-9999999,-9999999.0,-9999999,-9999999,-9999999,-9999999,-9999999,-9999999,-9999999,-9999999,-9999999,-9999999,-9999999,-9999999,
34,KN 217,5,OSPM,39 56.40 N,070 52.99 W,2014-04-15T20:07:35Z,5,0000000000000100,445,ctd\kn217005.hex,0000000000000100,3,0000000000000100,Apr 15 2014 20:25:30,222.148,0000000000000100,220.329,39.94004,-70.88332,12.498,0000000000000100,12.4981,0000000000000100,4.120881,0000000000000100,4.121044,0000000000000100,35.6086,35.6101,4.4016,0000000000000100,5.96619,-9999999,-9999999,0.0752,98.1373,0000000000000100,-9999999,-9999999,4.717,0000000000000100,0000000000000100,0.050180534965596,0.079904347809101,-9999999,0000000000000100,0000000000000100,1.06353846153846,6.15538504155125,13.9458646904136,0.331617365689438,0000000000000100,0000000000000100,35.6169,0000000000000100,0000000000000100,2332.47834790019,0000000000000100,2154.7607437241,0000000000000100,-9999999,-9999999,-9999999,7.80467027777778,25,0000000000000100,-9999999,-9999999,-9999999,-9999999,-9999999,-9999999,-9999999,-9999999,-9999999,temp max; salt max,temp & salt max
35,KN 217,5,OSPM,39 56.40 N,070 52.99 W,2014-04-15T20:07:35Z,5,0000000000000100,445,ctd\kn217005.hex,0000000000000100,4,0000000000000100,Apr 15 2014 20:25:40,222.305,0000000000000100,220.484,39.94004,-70.88332,12.5002,0000000000000100,12.5,0000000000000100,4.121146,0000000000000100,4.121274,0000000000000100,35.609,35.6104,4.416,0000000000000100,5.9659,-9999999,-9999999,0.0744,98.1577,0000000000000100,-9999999,-9999999,4.829,0000000000000100,0000000000000100,0.231602469071981,0.443454506097971,-9999999,0000000000000100,0000000000000100,1.05340384615385,6.2786620498615,14.0583313411428,0.461575522513676,0000000000000100,0000000000000100,35.6198,0000000000000100,0000000000000100,-9999999.0,-9999999,-9999999.0,-9999999,-9999999,-9999999,-9999999,-9999999.0,-9999999,-9999999,-9999999,-9999999,-9999999,-9999999,-9999999,-9999999,-9999999,-9999999,-9999999,-9999999,
36,KN 217,5,OSPM,39 56.40 N,070 52.99 W,2014-04-15T20:07:35Z,5,0000000000000100,445,ctd\kn217005.hex,0000000000000100,5,0000000000000100,Apr 15 2014 20:31:06,27.975,0000000000000100,27.758,39.94003,-70.88336,12.4029,0000000000000100,12.371,0000000000000100,4.068322,0000000000000100,4.063489,0000000000000100,35.2746,35.2578,6.4996,0000000000000100,5.99052,-9999999,-9999999,0.5589,86.9608,0000000000000100,-9999999,-9999999,6.795,0000000000000100,0000000000000100,4.91915004995269,1.46092802015012,-9999999,0000000000000100,0000000000000100,0.240846153846153,<0.030,3.83037245995696,0.622404965633329,0000000000000100,0000000000000100,35.3096,0000000000000100,0000000000000100,2331.79578650444,0000000000000100,2084.92371725747,0000000000000100,-9999999,-9999999,-9999999,7.94835861111111,25,0000000000000100,-9999999,-9999999,-9999999,-9999999,-9999999,-9999999,-9999999,-9999999,-9999999,chlorophyll max,chl max
37,KN 217,5,OSPM,39 56.40 N,070 52.99 W,2014-04-15T20:07:35Z,5,0000000000000100,445,ctd\kn217005.hex,0000000000000100,6,0000000000000100,Apr 15 2014 20:31:18,28.627,0000000000000100,28.406,39.94002,-70.88336,12.3886,0000000000000100,12.3806,0000000000000100,4.06619,0000000000000100,4.064986,0000000000000100,35.2671,35.263,6.5125,0000000000000100,5.99258,-9999999,-9999999,0.5522,87.1067,0000000000000100,-9999999,-9999999,6.883,0000000000000100,0000000000000100,5.40907065213566,1.41091813594482,-9999999,0000000000000100,0000000000000100,0.227134615384615,0.111108033240997,3.58406120009562,0.756346514237621,0000000000000100,0000000000000100,35.2708,0000000000000100,0000000000000100,-9999999.0,-9999999,-9999999.0,-9999999,-9999999,-9999999,-9999999,-9999999.0,-9999999,-9999999,-9999999,-9999999,-9999999,-9999999,-9999999,-9999999,-9999999,-9999999,-9999999,-9999999,
38,KN 217,5,OSPM,39 56.40 N,070 52.99 W,2014-04-15T20:07:35Z,5,0000000000000100,445,ctd\kn217005.hex,0000000000000100,7,0000000000000100,Apr 15 2014 20:33:02,3.947,0000000000000100,3.917,39.94003,-70.88334,11.1635,0000000000000100,11.1646,0000000000000100,3.856101,0000000000000100,3.856437,0000000000000100,34.3658,34.3681,7.1161,0000000000000100,6.18396,-9999999,-9999999,0.7921,82.0337,0000000000000100,-9999999,-9999999,7.489,0000000000000100,0000000000000100,7.06638182692347,2.17279973068165,-9999999,0000000000000100,0000000000000100,0.11148076923077,<0.030,0.294644035381305,0.239999354748211,0000000000000100,0000000000000100,34.3688,0000000000000100,0000000000000100,2292.73674862919,0000000000000100,2047.07375609525,0000000000000100,-9999999,-9999999,-9999999,7.96417527777778,25,0000000000000100,-9999999,-9999999,-9999999,-9999999,-9999999,-9999999,-9999999,-9999999,-9999999,-9999999,
39,KN 217,5,OSPM,39 56.40 N,070 52.99 W,2014-04-15T20:07:35Z,5,0000000000000100,445,ctd\kn217005.hex,0000000000000100,8,0000000000000100,Apr 15 2014 20:33:08,3.683,0000000000000100,3.655,39.94004,-70.88334,11.1635,0000000000000100,11.1641,0000000000000100,3.856108,0000000000000100,3.856343,0000000000000100,34.3659,34.3678,7.1282,0000000000000100,6.18395,-9999999,-9999999,0.7922,82.0331,0000000000000100,-9999999,-9999999,7.669,0000000000000100,0000000000000100,4.670148488906,1.0975330818573,-9999999,0000000000000100,0000000000001001,0.109096153846154,0.463479224376731,0.263971312455175,0.125974765044186,0000000000000100,0000000000000100,34.368,0000000000000100,0000000000000100,2293.8137716832,0000000000000100,2041.40462009945,0000000000000100,-9999999,-9999999,-9999999,7.96301694444445,25,0000000000000100,-9999999,-9999999,-9999999,-9999999,-9999999,-9999999,-9999999,-9999999,-9999999,-9999999,likely needed to dilute more. Maxed out fl sense
40,KN 217,6,PMCI,40 08.09 N,070 46.58 W,2014-04-16T13:28:19Z,6,0000000000000100,136,ctd\kn217006.hex,0000000000000100,1,0000000000000100,Apr 16 2014 13:33:39,130.961,0000000000000100,129.915,40.13484,-70.77739,11.0499,0000000000000100,11.0497,0000000000000100,3.925945,0000000000000100,3.926188,0000000000000100,35.112,35.1147,4.6388,0000000000000100,6.1696,-9999999,-9999999,0.2858,93.104,0000000000000100,-9999999,-9999999,4.94,0000000000000100,0000000000000100,0.11879682262765,0.264161436393035,-9999999,0000000000000100,0000000000000100,0.950865384615384,6.97493905817175,12.0395084867321,0.723483532052181,0000000000000100,0000000000000100,35.1152,0000000000000100,0000000000000100,2319.42514481406,0000000000000100,2141.17263756742,0000000000000100,-9999999,-9999999,-9999999,7.80173694444444,25,0000000000000100,-9999999,-9999999,-9999999,-9999999,-9999999,-9999999,-9999999,-9999999,-9999999,-9999999,
41,KN 217,6,PMCI,40 08.09 N,070 46.58 W,2014-04-16T13:28:19Z,6,0000000000000100,136,ctd\kn217006.hex,0000000000000100,2,0000000000000100,Apr 16 2014 13:33:48,131.244,0000000000000100,130.195,40.13484,-70.77741,11.0501,0000000000000100,11.0499,0000000000000100,3.925986,0000000000000100,3.926241,0000000000000100,35.1122,35.1149,4.6404,0000000000000100,6.16958,-9999999,-9999999,0.2848,93.1285,0000000000000100,-9999999,-9999999,4.892,0000000000000100,0000000000000100,0.126328619493808,0.265827121392462,-9999999,0000000000000100,0000000000000100,0.966365384615385,7.40984764542936,13.0335835524743,0.352530172534717,0000000000000100,0000000000000100,35.1146,0000000000000100,0000000000000100,2317.12942071641,0000000000000100,2142.44636781714,0000000000000100,-9999999,-9999999,-9999999,7.79594527777778,25,0000000000000100,-9999999,-9999999,-9999999,-9999999,-9999999,-9999999,-9999999,-9999999,-9999999,-9999999,
42,KN 217,6,PMCI,40 08.09 N,070 46.58 W,2014-04-16T13:28:19Z,6,0000000000000100,136,ctd\kn217006.hex,0000000000000100,3,0000000000000100,Apr 16 2014 13:38:01,47.262,0000000000000100,46.894,40.13466,-70.778,5.4918,0000000000000100,5.4886,0000000000000100,3.236525,0000000000000100,3.23641,0000000000000100,33.2204,33.2223,6.781,0000000000000100,7.07491,-9999999,-9999999,0.1016,97.4932,0000000000000100,-9999999,-9999999,7.05,0000000000000100,0000000000000100,0.109635194774983,0.08692961195325,-9999999,0000000000000100,0000000000000100,0.695115384615385,1.01690304709141,4.30951757112121,1.37327431617338,0000000000000100,0000000000000100,33.2246,0000000000000100,0000000000000100,2233.01687447132,0000000000000100,2072.44095948133,0000000000000100,-9999999,-9999999,-9999999,7.78675527777778,25,0000000000000100,-9999999,-9999999,-9999999,-9999999,-9999999,-9999999,-9999999,-9999999,-9999999,-9999999,
43,KN 217,6,PMCI,40 08.09 N,070 46.58 W,2014-04-16T13:28:19Z,6,0000000000000100,136,ctd\kn217006.hex,0000000000000100,4,0000000000000100,Apr 16 2014 13:38:09,47.392,0000000000000100,47.023,40.13466,-70.77803,5.4733,0000000000000100,5.4766,0000000000000100,3.234624,0000000000000100,3.235308,0000000000000100,33.217,33.2215,6.787,0000000000000100,7.07817,-9999999,-9999999,0.1004,97.5219,0000000000000100,-9999999,-9999999,7.063,0000000000000100,0000000000000100,0.124473794525049,0.070035382975673,-9999999,0000000000000100,0000000000000100,0.688557692307693,0.998385041551246,4.55071671049486,1.58538992846122,0000000000000100,0000000000000100,33.216,0000000000000100,0000000000000100,-9999999.0,-9999999,-9999999.0,-9999999,-9999999,-9999999,-9999999,-9999999.0,-9999999,-9999999,-9999999,-9999999,-9999999,-9999999,-9999999,-9999999,-9999999,-9999999,-9999999,-9999999,
44,KN 217,6,PMCI,40 08.09 N,070 46.58 W,2014-04-16T13:28:19Z,6,0000000000000100,136,ctd\kn217006.hex,0000000000000100,5,0000000000000100,Apr 16 2014 13:39:54,22.865,0000000000000100,22.688,40.13484,-70.77857,6.7606,0000000000000100,6.7615,0000000000000100,3.339188,0000000000000100,3.339426,0000000000000100,33.1403,33.1421,6.9292,0000000000000100,6.87196,-9999999,-9999999,0.3084,92.5802,0000000000000100,-9999999,-9999999,7.269,0000000000000100,0000000000000100,1.53253911146968,0.291144332745809,-9999999,0000000000000100,0000000000000100,0.507326923076923,1.26610249307479,2.56210184078413,1.07103446486183,0000000000000100,0000000000000100,33.1419,0000000000000100,0000000000000100,2227.5739578607,0000000000000100,2055.97976719563,0000000000000100,-9999999,-9999999,-9999999,7.82347694444445,25,0000000000000100,-9999999,-9999999,-9999999,-9999999,-9999999,-9999999,-9999999,-9999999,-9999999,-9999999,
45,KN 217,6,PMCI,40 08.09 N,070 46.58 W,2014-04-16T13:28:19Z,6,0000000000000100,136,ctd\kn217006.hex,0000000000000100,6,0000000000000100,Apr 16 2014 13:40:01,22.59,0000000000000100,22.416,40.13484,-70.77862,6.7135,0000000000000100,6.7249,0000000000000100,3.335537,0000000000000100,3.336572,0000000000000100,33.1458,33.1462,6.9351,0000000000000100,6.87919,-9999999,-9999999,0.2972,92.8401,0000000000000100,-9999999,-9999999,7.276,0000000000000100,0000000000000100,1.52897733911156,0.342356709740897,-9999999,0000000000000100,0000000000000100,0.526403846153846,1.02907202216067,2.89531914893617,1.14273551690279,0000000000000100,0000000000000100,33.1429,0000000000000100,0000000000000100,-9999999.0,-9999999,-9999999.0,-9999999,-9999999,-9999999,-9999999,-9999999.0,-9999999,-9999999,-9999999,-9999999,-9999999,-9999999,-9999999,-9999999,-9999999,-9999999,-9999999,-9999999,
46,KN 217,6,PMCI,40 08.09 N,070 46.58 W,2014-04-16T13:28:19Z,6,0000000000000100,136,ctd\kn217006.hex,0000000000000100,7,0000000000000100,Apr 16 2014 13:41:45,3.032,0000000000000100,3.009,40.13514,-70.77919,6.8373,0000000000000100,6.8388,0000000000000100,3.343801,0000000000000100,3.344175,0000000000000100,33.1267,33.1293,6.9549,0000000000000100,6.86043,-9999999,-9999999,0.3757,91.035,0000000000000100,-9999999,-9999999,7.254,0000000000000100,0000000000000100,1.61119120259166,0.277200195169932,-9999999,0000000000000100,0000000000000100,0.505538461538461,1.13594736842106,2.65412000956251,0.927632360779913,0000000000000100,0000000000000100,33.1298,0000000000000100,0000000000000100,2227.49637322855,0000000000000100,2049.11508472439,0000000000000100,-9999999,-9999999,-9999999,7.82314694444444,25,0000000000000100,-9999999,-9999999,-9999999,-9999999,-9999999,-9999999,-9999999,-9999999,-9999999,-9999999,
47,KN 217,6,PMCI,40 08.09 N,070 46.58 W,2014-04-16T13:28:19Z,6,0000000000000100,136,ctd\kn217006.hex,0000000000000100,8,0000000000000100,Apr 16 2014 13:41:52,2.975,0000000000000100,2.953,40.13518,-70.7792,6.8395,0000000000000100,6.8401,0000000000000100,3.344084,0000000000000100,3.344336,0000000000000100,33.1276,33.1298,6.9536,0000000000000100,6.86003,-9999999,-9999999,0.3188,92.3401,0000000000000100,-9999999,-9999999,7.241,0000000000000100,0000000000000100,1.69440767416298,0.351436175067516,-9999999,0000000000000100,0000000000000100,0.498384615384616,0.996797783933518,2.50679799187187,0.801657595735728,0000000000000100,0000000000000100,33.131,0000000000000100,0000000000000100,-9999999.0,-9999999,-9999999.0,-9999999,-9999999,-9999999,-9999999,-9999999.0,-9999999,-9999999,-9999999,-9999999,-9999999,-9999999,-9999999,-9999999,-9999999,-9999999,-9999999,-9999999,
48,KN 217,7,PMCI,40 07.27 N,070 35.20 W,2014-04-16T17:29:43Z,7,0000000000000100,122,ctd\kn217007.hex,0000000000000100,1,0000000000000100,Apr 16 2014 17:35:19,114.559,0000000000000100,113.648,40.12152,-70.58949,12.0162,0000000000000100,12.0218,0000000000000100,4.051924,0000000000000100,4.05282,0000000000000100,35.4427,35.4461,4.9997,0000000000000100,6.03257,-9999999,-9999999,0.1019,97.485,0000000000000100,-9999999,-9999999,5.308,0000000000000100,0000000000000100,0.107928816510365,0.185497539548286,-9999999,0000000000000100,0000000000000100,-9999999.0,-9999999,-9999999.0,-9999999.0,-9999999,-9999999,35.388,-9999999,-9999999,-9999999.0,-9999999,-9999999.0,-9999999,-9999999,-9999999,-9999999,-9999999.0,-9999999,-9999999,-9999999,-9999999,-9999999,-9999999,-9999999,-9999999,-9999999,-9999999,-9999999,-9999999,
49,KN 217,7,PMCI,40 07.27 N,070 35.20 W,2014-04-16T17:29:43Z,7,0000000000000100,122,ctd\kn217007.hex,0000000000000100,2,0000000000000100,Apr 16 2014 17:35:31,114.794,0000000000000100,113.882,40.12152,-70.58959,12.066,0000000000000100,12.0812,0000000000000100,4.059124,0000000000000100,4.061403,0000000000000100,35.4656,35.4734,4.9739,0000000000000100,6.02543,-9999999,-9999999,0.0993,97.5489,0000000000000100,-9999999,-9999999,5.331,0000000000000100,0000000000000100,0.112943801476011,0.183181980837989,-9999999,0000000000000100,0000000000000100,-9999999.0,-9999999,-9999999.0,-9999999.0,-9999999,-9999999,35.4101,-9999999,-9999999,-9999999.0,-9999999,-9999999.0,-9999999,-9999999,-9999999,-9999999,-9999999.0,-9999999,-9999999,-9999999,-9999999,-9999999,-9999999,-9999999,-9999999,-9999999,-9999999,-9999999,-9999999,
50,KN 217,7,PMCI,40 07.27 N,070 35.20 W,2014-04-16T17:29:43Z,7,0000000000000100,122,ctd\kn217007.hex,0000000000000100,3,0000000000000100,Apr 16 2014 17:38:34,99.729,0000000000000100,98.94,40.12124,-70.59094,10.996,0000000000000100,10.9965,0000000000000100,3.911371,0000000000000100,3.911617,0000000000000100,35.032,35.034,5.3997,0000000000000100,6.17983,-9999999,-9999999,0.128,96.8524,0000000000000100,-9999999,-9999999,5.69,0000000000000100,0000000000000100,0.315320244688909,0.3007678716198,-9999999,0000000000000100,0000000000000100,-9999999.0,-9999999,-9999999.0,-9999999.0,-9999999,-9999999,35.0238,-9999999,-9999999,-9999999.0,-9999999,-9999999.0,-9999999,-9999999,-9999999,-9999999,-9999999.0,-9999999,-9999999,-9999999,-9999999,-9999999,-9999999,-9999999,-9999999,-9999999,-9999999,-9999999,-9999999,
51,KN 217,7,PMCI,40 07.27 N,070 35.20 W,2014-04-16T17:29:43Z,7,0000000000000100,122,ctd\kn217007.hex,0000000000000100,4,0000000000000100,Apr 16 2014 17:38:41,99.088,0000000000000100,98.304,40.12124,-70.59101,10.8667,0000000000000100,10.8616,0000000000000100,3.8934,0000000000000100,3.892689,0000000000000100,34.9758,34.9735,5.4544,0000000000000100,6.19911,-9999999,-9999999,0.1405,96.5479,0000000000000100,-9999999,-9999999,5.702,0000000000000100,0000000000000100,0.401544540533889,0.334382386059485,-9999999,0000000000000100,0000000000000100,-9999999.0,-9999999,-9999999.0,-9999999.0,-9999999,-9999999,34.9941,-9999999,-9999999,-9999999.0,-9999999,-9999999.0,-9999999,-9999999,-9999999,-9999999,-9999999.0,-9999999,-9999999,-9999999,-9999999,-9999999,-9999999,-9999999,-9999999,-9999999,-9999999,-9999999,-9999999,
52,KN 217,7,PMCI,40 07.27 N,070 35.20 W,2014-04-16T17:29:43Z,7,0000000000000100,122,ctd\kn217007.hex,0000000000000100,5,0000000000000100,Apr 16 2014 17:42:18,60.649,0000000000000100,60.174,40.12114,-70.59272,8.0188,0000000000000100,8.0176,0000000000000100,3.505052,0000000000000100,3.505242,0000000000000100,33.7072,33.7104,6.6039,0000000000000100,6.65278,-9999999,-9999999,0.2693,93.4887,0000000000000100,-9999999,-9999999,6.883,0000000000000100,0000000000000100,1.37427690257281,0.417508889538099,-9999999,0000000000000100,0000000000000100,-9999999.0,-9999999,-9999999.0,-9999999.0,-9999999,-9999999,33.7124,-9999999,-9999999,-9999999.0,-9999999,-9999999.0,-9999999,-9999999,-9999999,-9999999,-9999999.0,-9999999,-9999999,-9999999,-9999999,-9999999,-9999999,-9999999,-9999999,-9999999,-9999999,-9999999,-9999999,
53,KN 217,7,PMCI,40 07.27 N,070 35.20 W,2014-04-16T17:29:43Z,7,0000000000000100,122,ctd\kn217007.hex,0000000000000100,6,0000000000000100,Apr 16 2014 17:42:25,60.452,0000000000000100,59.979,40.12112,-70.5928,8.0066,0000000000000100,8.0038,0000000000000100,3.503952,0000000000000100,3.50378,0000000000000100,33.7072,33.7081,6.5811,0000000000000100,6.6546,-9999999,-9999999,0.268,93.519,0000000000000100,-9999999,-9999999,6.896,0000000000000100,0000000000000100,1.34349484223573,0.353166122214947,-9999999,0000000000000100,0000000000000100,-9999999.0,-9999999,-9999999.0,-9999999.0,-9999999,-9999999,33.7112,-9999999,-9999999,-9999999.0,-9999999,-9999999.0,-9999999,-9999999,-9999999,-9999999,-9999999.0,-9999999,-9999999,-9999999,-9999999,-9999999,-9999999,-9999999,-9999999,-9999999,-9999999,-9999999,-9999999,
54,KN 217,7,PMCI,40 07.27 N,070 35.20 W,2014-04-16T17:29:43Z,7,0000000000000100,122,ctd\kn217007.hex,0000000000000100,7,0000000000000100,Apr 16 2014 17:46:58,6.698,0000000000000100,6.647,40.12107,-70.59495,6.7589,0000000000000100,6.7586,0000000000000100,3.338256,0000000000000100,3.338449,0000000000000100,33.1396,33.142,6.9318,0000000000000100,6.87227,-9999999,-9999999,0.2455,94.0482,0000000000000100,-9999999,-9999999,7.234,0000000000000100,0000000000000100,1.12693149453206,0.195505813782973,-9999999,0000000000000100,0000000000000100,-9999999.0,-9999999,-9999999.0,-9999999.0,-9999999,-9999999,33.1454,-9999999,-9999999,-9999999.0,-9999999,-9999999.0,-9999999,-9999999,-9999999,-9999999,-9999999.0,-9999999,-9999999,-9999999,-9999999,-9999999,-9999999,-9999999,-9999999,-9999999,-9999999,-9999999,-9999999,
55,KN 217,7,PMCI,40 07.27 N,070 35.20 W,2014-04-16T17:29:43Z,7,0000000000000100,122,ctd\kn217007.hex,0000000000000100,8,0000000000000100,Apr 16 2014 17:47:05,6.551,0000000000000100,6.501,40.12108,-70.595,6.7625,0000000000000100,6.7622,0000000000000100,3.339126,0000000000000100,3.339269,0000000000000100,33.1458,33.1477,6.9464,0000000000000100,6.87141,-9999999,-9999999,0.2481,93.986,0000000000000100,-9999999,-9999999,7.233,0000000000000100,0000000000000100,1.05374110387295,0.229169807551113,-9999999,0000000000000100,0000000000000100,-9999999.0,-9999999,-9999999.0,-9999999.0,-9999999,-9999999,33.1555,-9999999,-9999999,-9999999.0,-9999999,-9999999.0,-9999999,-9999999,-9999999,-9999999,-9999999.0,-9999999,-9999999,-9999999,-9999999,-9999999,-9999999,-9999999,-9999999,-9999999,-9999999,-9999999,-9999999,
56,KN 217,8,PMCI,40 13.56 N,070 53.01 W,2014-04-17T01:09:51Z,8,0000000000000100,109,ctd\kn217008.hex,0000000000000100,1,0000000000000100,Apr 17 2014 01:14:44,125.022,0000000000000100,124.024,40.22608,-70.88358,10.5964,0000000000000100,10.5998,0000000000000100,3.860961,0000000000000100,3.861658,0000000000000100,34.8964,34.9002,5.2965,0000000000000100,6.23821,-9999999,-9999999,0.3894,90.7244,0000000000000100,-9999999,-9999999,5.678,0000000000000100,0000000000000100,0.165624406589224,0.244615812320543,-9999999,0000000000000100,0000000000000100,0.822692307692308,4.18930193905817,9.71953526177385,0.999831336793377,0000000000000100,0000000000000100,34.8987,0000000000000100,0000000000000100,2310.09396209151,0000000000000100,2120.08309520913,0000000000000100,-9999999,-9999999,-9999999,7.82568027777778,25,0000000000000100,-9999999,-9999999,-9999999,-9999999,-9999999,-9999999,-9999999,-9999999,-9999999,-9999999,
57,KN 217,8,PMCI,40 13.56 N,070 53.01 W,2014-04-17T01:09:51Z,8,0000000000000100,109,ctd\kn217008.hex,0000000000000100,2,0000000000000100,Apr 17 2014 01:14:48,124.389,0000000000000100,123.396,40.22606,-70.88355,10.5998,0000000000000100,10.6018,0000000000000100,3.861351,0000000000000100,3.861836,0000000000000100,34.8974,34.9003,5.3015,0000000000000100,6.23772,-9999999,-9999999,0.3835,90.8566,0000000000000100,-9999999,-9999999,5.592,0000000000000100,0000000000000100,0.158762991244797,0.229122580841913,-9999999,0000000000000100,0000000000000100,0.825673076923077,4.52050969529086,10.495183361224,0.485475873193996,0000000000000100,0000000000000100,34.8985,0000000000000100,0000000000000100,-9999999.0,-9999999,-9999999.0,-9999999,-9999999,-9999999,-9999999,-9999999.0,-9999999,-9999999,-9999999,-9999999,-9999999,-9999999,-9999999,-9999999,-9999999,-9999999,-9999999,-9999999,
58,KN 217,8,PMCI,40 13.56 N,070 53.01 W,2014-04-17T01:09:51Z,8,0000000000000100,109,ctd\kn217008.hex,0000000000000100,3,0000000000000100,Apr 17 2014 01:17:52,62.407,0000000000000100,61.918,40.22609,-70.88356,5.019,0000000000000100,4.9874,0000000000000100,3.190087,0000000000000100,3.187057,0000000000000100,33.1504,33.147,6.6398,0000000000000100,7.15809,-9999999,-9999999,0.0907,97.7573,0000000000000100,-9999999,-9999999,6.896,0000000000000100,0000000000000100,0.132294137636571,0.139907619412571,-9999999,0000000000000100,0000000000000100,0.662923076923077,1.01002493074792,2.82746736791776,2.2794959461355,0000000000000100,0000000000000100,33.16,0000000000000100,0000000000000100,2231.35920170579,0000000000000100,2072.34786788514,0000000000000100,-9999999,-9999999,-9999999,7.78305361111111,25,0000000000000100,-9999999,-9999999,-9999999,-9999999,-9999999,-9999999,-9999999,-9999999,-9999999,-9999999,
59,KN 217,8,PMCI,40 13.56 N,070 53.01 W,2014-04-17T01:09:51Z,8,0000000000000100,109,ctd\kn217008.hex,0000000000000100,4,0000000000000100,Apr 17 2014 01:18:02,62.216,0000000000000100,61.729,40.22608,-70.88356,5.0033,0000000000000100,5.0102,0000000000000100,3.188465,0000000000000100,3.189185,0000000000000100,33.1474,33.1489,6.6371,0000000000000100,7.16091,-9999999,-9999999,0.0913,97.743,0000000000000100,-9999999,-9999999,6.902,0000000000000100,0000000000000100,0.104120850273269,0.104209153523057,-9999999,0000000000000100,0000000000000100,0.606288461538462,0.610036011080333,2.24189720296438,2.68878945153598,0000000000000100,0000000000000100,33.1612,0000000000000100,0000000000000100,2226.8543747479,0000000000000100,2072.66356232917,0000000000000100,-9999999,-9999999,-9999999,7.78489527777778,25,0000000000000100,-9999999,-9999999,-9999999,-9999999,-9999999,-9999999,-9999999,-9999999,-9999999,-9999999,
60,KN 217,8,PMCI,40 13.56 N,070 53.01 W,2014-04-17T01:09:51Z,8,0000000000000100,109,ctd\kn217008.hex,0000000000000100,5,0000000000000100,Apr 17 2014 01:20:02,22.515,0000000000000100,22.34,40.2261,-70.88356,6.6871,0000000000000100,6.6938,0000000000000100,3.329282,0000000000000100,3.330075,0000000000000100,33.1025,33.1047,6.997,0000000000000100,6.88537,-9999999,-9999999,0.2189,94.6758,0000000000000100,-9999999,-9999999,7.26,0000000000000100,0000000000000100,0.864432191632899,0.265777361149694,-9999999,0000000000000100,0000000000000100,0.403,0.377767313019391,1.55408462825723,1.45493384766447,0000000000000100,0000000000000100,33.1267,0000000000000100,0000000000000100,2224.33362726841,0000000000000100,2044.84410877854,0000000000000100,-9999999,-9999999,-9999999,7.83799027777778,25,0000000000000100,-9999999,-9999999,-9999999,-9999999,-9999999,-9999999,-9999999,-9999999,-9999999,-9999999,
61,KN 217,8,PMCI,40 13.56 N,070 53.01 W,2014-04-17T01:09:51Z,8,0000000000000100,109,ctd\kn217008.hex,0000000000000100,6,0000000000000100,Apr 17 2014 01:20:10,22.113,0000000000000100,21.942,40.2261,-70.88356,6.6832,0000000000000100,6.6889,0000000000000100,3.329044,0000000000000100,3.329745,0000000000000100,33.1038,33.106,6.9874,0000000000000100,6.88592,-9999999,-9999999,0.2156,94.7538,0000000000000100,-9999999,-9999999,7.271,0000000000000100,0000000000000100,0.962503767571869,0.292988548900569,-9999999,0000000000000100,0000000000000100,0.491826923076923,0.727493074792244,2.40734401147501,0.711533356712021,0000000000000100,0000000000000100,33.1261,0000000000000100,0000000000000100,-9999999.0,-9999999,-9999999.0,-9999999,-9999999,-9999999,-9999999,-9999999.0,-9999999,-9999999,-9999999,-9999999,-9999999,-9999999,-9999999,-9999999,-9999999,-9999999,-9999999,-9999999,
62,KN 217,8,PMCI,40 13.56 N,070 53.01 W,2014-04-17T01:09:51Z,8,0000000000000100,109,ctd\kn217008.hex,0000000000000100,7,0000000000000100,Apr 17 2014 01:21:43,3.209,0000000000000100,3.184,40.22608,-70.88356,6.6949,0000000000000100,6.6949,0000000000000100,3.328743,0000000000000100,3.328989,0000000000000100,33.0983,33.101,7.0207,0000000000000100,6.8843,-9999999,-9999999,0.209,94.9085,0000000000000100,-9999999,-9999999,7.298,0000000000000100,0000000000000100,1.00160548312948,0.350354159835979,-9999999,0000000000000100,0000000000000100,0.394653846153846,0.377767313019391,1.9031030360985,1.79601176883154,0000000000000100,0000000000000100,33.1029,0000000000000100,0000000000000100,2224.61747535024,0000000000000100,2045.67807989656,0000000000000100,-9999999,-9999999,-9999999,7.83799861111111,25,0000000000000100,-9999999,-9999999,-9999999,-9999999,-9999999,-9999999,-9999999,-9999999,-9999999,-9999999,
63,KN 217,8,PMCI,40 13.56 N,070 53.01 W,2014-04-17T01:09:51Z,8,0000000000000100,109,ctd\kn217008.hex,0000000000000100,8,0000000000000100,Apr 17 2014 01:21:47,2.976,0000000000000100,2.953,40.22608,-70.88356,6.6945,0000000000000100,6.6938,0000000000000100,3.328694,0000000000000100,3.328849,0000000000000100,33.0983,33.1007,6.9893,0000000000000100,6.88438,-9999999,-9999999,0.2129,94.8163,0000000000000100,-9999999,-9999999,7.299,0000000000000100,0000000000000100,0.945459430021117,0.32799267117026,-9999999,0000000000000100,0000000000000100,0.442942307692308,1.12113296398892,1.99930384891226,0.865889788189087,0000000000000100,0000000000000100,33.1029,0000000000000100,0000000000000100,-9999999.0,-9999999,-9999999.0,-9999999,-9999999,-9999999,-9999999,-9999999.0,-9999999,-9999999,-9999999,-9999999,-9999999,-9999999,-9999999,-9999999,-9999999,-9999999,-9999999,-9999999,
64,KN 217,8,PMCI,40 13.56 N,070 53.01 W,2014-04-17T01:09:51Z,8,0000000000000100,109,ctd\kn217008.hex,0000000000000100,9,0000000000000100,Apr 17 2014 01:21:49,3.121,0000000000000100,3.097,40.22608,-70.88356,6.6941,0000000000000100,6.6935,0000000000000100,3.32867,0000000000000100,3.328827,0000000000000100,33.0984,33.1007,6.9833,0000000000000100,6.88444,-9999999,-9999999,0.2123,94.8306,0000000000000100,-9999999,-9999999,-9999999.0,-9999999,-9999999,-9999999.0,-9999999.0,-9999999,-9999999,-9999999,-9999999.0,-9999999,-9999999.0,-9999999.0,-9999999,-9999999,-9999999.0,-9999999,-9999999,-9999999.0,-9999999,-9999999.0,-9999999,-9999999,-9999999,-9999999,-9999999.0,-9999999,-9999999,-9999999,-9999999,-9999999,-9999999,-9999999,-9999999,-9999999,-9999999,-9999999,-9999999,-9999999
65,KN 217,8,PMCI,40 13.56 N,070 53.01 W,2014-04-17T01:09:51Z,8,0000000000000100,109,ctd\kn217008.hex,0000000000000100,10,0000000000000100,Apr 17 2014 01:21:52,3.298,0000000000000100,3.273,40.22608,-70.88356,6.6939,0000000000000100,6.6934,0000000000000100,3.328657,0000000000000100,3.32886,0000000000000100,33.0984,33.1011,7.0113,0000000000000100,6.88447,-9999999,-9999999,0.2125,94.8273,0000000000000100,-9999999,-9999999,-9999999.0,-9999999,-9999999,-9999999.0,-9999999.0,-9999999,-9999999,-9999999,-9999999.0,-9999999,-9999999.0,-9999999.0,-9999999,-9999999,-9999999.0,-9999999,-9999999,-9999999.0,-9999999,-9999999.0,-9999999,-9999999,-9999999,-9999999,-9999999.0,-9999999,-9999999,-9999999,-9999999,-9999999,-9999999,-9999999,-9999999,-9999999,-9999999,-9999999,-9999999,-9999999
66,KN 217,8,PMCI,40 13.56 N,070 53.01 W,2014-04-17T01:09:51Z,8,0000000000000100,109,ctd\kn217008.hex,0000000000000100,11,0000000000000100,Apr 17 2014 01:21:54,3.292,0000000000000100,3.266,40.22608,-70.88356,6.6936,0000000000000100,6.6933,0000000000000100,3.328621,0000000000000100,3.328852,0000000000000100,33.0982,33.1011,7.0182,0000000000000100,6.88452,-9999999,-9999999,0.2121,94.8372,0000000000000100,-9999999,-9999999,-9999999.0,-9999999,-9999999,-9999999.0,-9999999.0,-9999999,-9999999,-9999999,-9999999.0,-9999999,-9999999.0,-9999999.0,-9999999,-9999999,-9999999.0,-9999999,-9999999,-9999999.0,-9999999,-9999999.0,-9999999,-9999999,-9999999,-9999999,-9999999.0,-9999999,-9999999,-9999999,-9999999,-9999999,-9999999,-9999999,-9999999,-9999999,-9999999,-9999999,-9999999,-9999999
67,KN 217,8,PMCI,40 13.56 N,070 53.01 W,2014-04-17T01:09:51Z,8,0000000000000100,109,ctd\kn217008.hex,0000000000000100,12,0000000000000100,Apr 17 2014 01:21:56,3.015,0000000000000100,2.992,40.22608,-70.88356,6.6935,0000000000000100,6.6937,0000000000000100,3.328597,0000000000000100,3.328874,0000000000000100,33.0982,33.1011,7.0142,0000000000000100,6.88453,-9999999,-9999999,0.2081,94.9311,0000000000000100,-9999999,-9999999,-9999999.0,-9999999,-9999999,-9999999.0,-9999999.0,-9999999,-9999999,-9999999,-9999999.0,-9999999,-9999999.0,-9999999.0,-9999999,-9999999,-9999999.0,-9999999,-9999999,-9999999.0,-9999999,-9999999.0,-9999999,-9999999,-9999999,-9999999,-9999999.0,-9999999,-9999999,-9999999,-9999999,-9999999,-9999999,-9999999,-9999999,-9999999,-9999999,-9999999,-9999999,-9999999
68,KN 217,8,PMCI,40 13.56 N,070 53.01 W,2014-04-17T01:09:51Z,8,0000000000000100,109,ctd\kn217008.hex,0000000000000100,13,0000000000000100,Apr 17 2014 01:21:58,2.881,0000000000000100,2.858,40.22608,-70.88356,6.6937,0000000000000100,6.6936,0000000000000100,3.328621,0000000000000100,3.328862,0000000000000100,33.0983,33.1011,7.0085,0000000000000100,6.8845,-9999999,-9999999,0.2095,94.8967,0000000000000100,-9999999,-9999999,-9999999.0,-9999999,-9999999,-9999999.0,-9999999.0,-9999999,-9999999,-9999999,-9999999.0,-9999999,-9999999.0,-9999999.0,-9999999,-9999999,-9999999.0,-9999999,-9999999,-9999999.0,-9999999,-9999999.0,-9999999,-9999999,-9999999,-9999999,-9999999.0,-9999999,-9999999,-9999999,-9999999,-9999999,-9999999,-9999999,-9999999,-9999999,-9999999,-9999999,-9999999,-9999999
69,KN 217,8,PMCI,40 13.56 N,070 53.01 W,2014-04-17T01:09:51Z,8,0000000000000100,109,ctd\kn217008.hex,0000000000000100,14,0000000000000100,Apr 17 2014 01:22:12,3.592,0000000000000100,3.564,40.22608,-70.88356,6.6937,0000000000000100,6.6935,0000000000000100,3.328442,0000000000000100,3.328882,0000000000000100,33.096,33.1011,7.0002,0000000000000100,6.8846,-9999999,-9999999,0.2094,94.9003,0000000000000100,-9999999,-9999999,-9999999.0,-9999999,-9999999,-9999999.0,-9999999.0,-9999999,-9999999,-9999999,-9999999.0,-9999999,-9999999.0,-9999999.0,-9999999,-9999999,-9999999.0,-9999999,-9999999,-9999999.0,-9999999,-9999999.0,-9999999,-9999999,-9999999,-9999999,-9999999.0,-9999999,-9999999,-9999999,-9999999,-9999999,-9999999,-9999999,-9999999,-9999999,-9999999,-9999999,-9999999,-9999999
70,KN 217,8,PMCI,40 13.56 N,070 53.01 W,2014-04-17T01:09:51Z,8,0000000000000100,109,ctd\kn217008.hex,0000000000000100,15,0000000000000100,Apr 17 2014 01:22:14,3.497,0000000000000100,3.47,40.22608,-70.88356,6.6937,0000000000000100,6.6933,0000000000000100,3.328591,0000000000000100,3.328861,0000000000000100,33.0977,33.101,6.9985,0000000000000100,6.88453,-9999999,-9999999,0.2117,94.8457,0000000000000100,-9999999,-9999999,-9999999.0,-9999999,-9999999,-9999999.0,-9999999.0,-9999999,-9999999,-9999999,-9999999.0,-9999999,-9999999.0,-9999999.0,-9999999,-9999999,-9999999.0,-9999999,-9999999,-9999999.0,-9999999,-9999999.0,-9999999,-9999999,-9999999,-9999999,-9999999.0,-9999999,-9999999,-9999999,-9999999,-9999999,-9999999,-9999999,-9999999,-9999999,-9999999,-9999999,-9999999,-9999999
71,KN 217,8,PMCI,40 13.56 N,070 53.01 W,2014-04-17T01:09:51Z,8,0000000000000100,109,ctd\kn217008.hex,0000000000000100,16,0000000000000100,Apr 17 2014 01:22:16,3.033,0000000000000100,3.01,40.22608,-70.88356,6.6935,0000000000000100,6.6932,0000000000000100,3.328573,0000000000000100,3.328826,0000000000000100,33.0979,33.101,7.0,0000000000000100,6.88455,-9999999,-9999999,0.2149,94.7708,0000000000000100,-9999999,-9999999,-9999999.0,-9999999,-9999999,-9999999.0,-9999999.0,-9999999,-9999999,-9999999,-9999999.0,-9999999,-9999999.0,-9999999.0,-9999999,-9999999,-9999999.0,-9999999,-9999999,-9999999.0,-9999999,-9999999.0,-9999999,-9999999,-9999999,-9999999,-9999999.0,-9999999,-9999999,-9999999,-9999999,-9999999,-9999999,-9999999,-9999999,-9999999,-9999999,-9999999,-9999999,-9999999
72,KN 217,8,PMCI,40 13.56 N,070 53.01 W,2014-04-17T01:09:51Z,8,0000000000000100,109,ctd\kn217008.hex,0000000000000100,17,0000000000000100,Apr 17 2014 01:22:18,2.563,0000000000000100,2.544,40.22608,-70.88356,6.6935,0000000000000100,6.6932,0000000000000100,3.328585,0000000000000100,3.328808,0000000000000100,33.0983,33.1011,7.0013,0000000000000100,6.88453,-9999999,-9999999,0.2155,94.7565,0000000000000100,-9999999,-9999999,-9999999.0,-9999999,-9999999,-9999999.0,-9999999.0,-9999999,-9999999,-9999999,-9999999.0,-9999999,-9999999.0,-9999999.0,-9999999,-9999999,-9999999.0,-9999999,-9999999,-9999999.0,-9999999,-9999999.0,-9999999,-9999999,-9999999,-9999999,-9999999.0,-9999999,-9999999,-9999999,-9999999,-9999999,-9999999,-9999999,-9999999,-9999999,-9999999,-9999999,-9999999,-9999999
73,KN 217,8,PMCI,40 13.56 N,070 53.01 W,2014-04-17T01:09:51Z,8,0000000000000100,109,ctd\kn217008.hex,0000000000000100,18,0000000000000100,Apr 17 2014 01:22:20,2.744,0000000000000100,2.723,40.22608,-70.88356,6.6937,0000000000000100,6.6934,0000000000000100,3.328627,0000000000000100,3.328839,0000000000000100,33.0984,33.1011,7.0007,0000000000000100,6.88449,-9999999,-9999999,0.2149,94.77,0000000000000100,-9999999,-9999999,-9999999.0,-9999999,-9999999,-9999999.0,-9999999.0,-9999999,-9999999,-9999999,-9999999.0,-9999999,-9999999.0,-9999999.0,-9999999,-9999999,-9999999.0,-9999999,-9999999,-9999999.0,-9999999,-9999999.0,-9999999,-9999999,-9999999,-9999999,-9999999.0,-9999999,-9999999,-9999999,-9999999,-9999999,-9999999,-9999999,-9999999,-9999999,-9999999,-9999999,-9999999,-9999999
74,KN 217,8,PMCI,40 13.56 N,070 53.01 W,2014-04-17T01:09:51Z,8,0000000000000100,109,ctd\kn217008.hex,0000000000000100,19,0000000000000100,Apr 17 2014 01:22:22,3.52,0000000000000100,3.493,40.22608,-70.88357,6.6942,0000000000000100,6.694,0000000000000100,3.328702,0000000000000100,3.328918,0000000000000100,33.0984,33.101,7.0055,0000000000000100,6.88441,-9999999,-9999999,0.2151,94.7656,0000000000000100,-9999999,-9999999,-9999999.0,-9999999,-9999999,-9999999.0,-9999999.0,-9999999,-9999999,-9999999,-9999999.0,-9999999,-9999999.0,-9999999.0,-9999999,-9999999,-9999999.0,-9999999,-9999999,-9999999.0,-9999999,-9999999.0,-9999999,-9999999,-9999999,-9999999,-9999999.0,-9999999,-9999999,-9999999,-9999999,-9999999,-9999999,-9999999,-9999999,-9999999,-9999999,-9999999,-9999999,-9999999
75,KN 217,8,PMCI,40 13.56 N,070 53.01 W,2014-04-17T01:09:51Z,8,0000000000000100,109,ctd\kn217008.hex,0000000000000100,20,0000000000000100,Apr 17 2014 01:22:24,3.786,0000000000000100,3.757,40.22608,-70.88358,6.6947,0000000000000100,6.6945,0000000000000100,3.328734,0000000000000100,3.328974,0000000000000100,33.0982,33.101,7.0137,0000000000000100,6.88435,-9999999,-9999999,0.2146,94.7763,0000000000000100,-9999999,-9999999,-9999999.0,-9999999,-9999999,-9999999.0,-9999999.0,-9999999,-9999999,-9999999,-9999999.0,-9999999,-9999999.0,-9999999.0,-9999999,-9999999,-9999999.0,-9999999,-9999999,-9999999.0,-9999999,-9999999.0,-9999999,-9999999,-9999999,-9999999,-9999999.0,-9999999,-9999999,-9999999,-9999999,-9999999,-9999999,-9999999,-9999999,-9999999,-9999999,-9999999,-9999999,-9999999
76,KN 217,8,PMCI,40 13.56 N,070 53.01 W,2014-04-17T01:09:51Z,8,0000000000000100,109,ctd\kn217008.hex,0000000000000100,21,0000000000000100,Apr 17 2014 01:22:25,3.297,0000000000000100,3.272,40.22608,-70.88358,6.6946,0000000000000100,6.6944,0000000000000100,3.328695,0000000000000100,3.328943,0000000000000100,33.0981,33.101,7.0129,0000000000000100,6.88437,-9999999,-9999999,0.2145,94.7788,0000000000000100,-9999999,-9999999,-9999999.0,-9999999,-9999999,-9999999.0,-9999999.0,-9999999,-9999999,-9999999,-9999999.0,-9999999,-9999999.0,-9999999.0,-9999999,-9999999,-9999999.0,-9999999,-9999999,-9999999.0,-9999999,-9999999.0,-9999999,-9999999,-9999999,-9999999,-9999999.0,-9999999,-9999999,-9999999,-9999999,-9999999,-9999999,-9999999,-9999999,-9999999,-9999999,-9999999,-9999999,-9999999
77,KN 217,8,PMCI,40 13.56 N,070 53.01 W,2014-04-17T01:09:51Z,8,0000000000000100,109,ctd\kn217008.hex,0000000000000100,22,0000000000000100,Apr 17 2014 01:22:27,2.681,0000000000000100,2.661,40.22608,-70.88357,6.6945,0000000000000100,6.6942,0000000000000100,3.328668,0000000000000100,3.328845,0000000000000100,33.0982,33.1004,7.0106,0000000000000100,6.88438,-9999999,-9999999,0.2432,94.113,0000000000000100,-9999999,-9999999,-9999999.0,-9999999,-9999999,-9999999.0,-9999999.0,-9999999,-9999999,-9999999,-9999999.0,-9999999,-9999999.0,-9999999.0,-9999999,-9999999,-9999999.0,-9999999,-9999999,-9999999.0,-9999999,-9999999.0,-9999999,-9999999,-9999999,-9999999,-9999999.0,-9999999,-9999999,-9999999,-9999999,-9999999,-9999999,-9999999,-9999999,-9999999,-9999999,-9999999,-9999999,-9999999
78,KN 217,8,PMCI,40 13.56 N,070 53.01 W,2014-04-17T01:09:51Z,8,0000000000000100,109,ctd\kn217008.hex,0000000000000100,23,0000000000000100,Apr 17 2014 01:22:29,2.509,0000000000000100,2.49,40.22608,-70.88356,6.6941,0000000000000100,6.6936,0000000000000100,3.328632,0000000000000100,3.328798,0000000000000100,33.0983,33.1005,7.0066,0000000000000100,6.88444,-9999999,-9999999,0.2533,93.8753,0000000000000100,-9999999,-9999999,-9999999.0,-9999999,-9999999,-9999999.0,-9999999.0,-9999999,-9999999,-9999999,-9999999.0,-9999999,-9999999.0,-9999999.0,-9999999,-9999999,-9999999.0,-9999999,-9999999,-9999999.0,-9999999,-9999999.0,-9999999,-9999999,-9999999,-9999999,-9999999.0,-9999999,-9999999,-9999999,-9999999,-9999999,-9999999,-9999999,-9999999,-9999999,-9999999,-9999999,-9999999,-9999999
79,KN 217,8,PMCI,40 13.56 N,070 53.01 W,2014-04-17T01:09:51Z,8,0000000000000100,109,ctd\kn217008.hex,0000000000000100,24,0000000000000100,Apr 17 2014 01:22:32,3.816,0000000000000100,3.787,40.22608,-70.88357,6.6932,0000000000000100,6.6926,0000000000000100,3.328618,0000000000000100,3.328775,0000000000000100,33.0983,33.1006,7.0003,0000000000000100,6.88457,-9999999,-9999999,0.2139,94.7934,0000000000000100,-9999999,-9999999,-9999999.0,-9999999,-9999999,-9999999.0,-9999999.0,-9999999,-9999999,-9999999,-9999999.0,-9999999,-9999999.0,-9999999.0,-9999999,-9999999,-9999999.0,-9999999,-9999999,-9999999.0,-9999999,-9999999.0,-9999999,-9999999,-9999999,-9999999,-9999999.0,-9999999,-9999999,-9999999,-9999999,-9999999,-9999999,-9999999,-9999999,-9999999,-9999999,-9999999,-9999999,-9999999
80,KN 217,9,UO,39 56.512 N,70 46.524 W,2014-04-17T12:31:00Z,9,0000000000000100,450,ctd\kn217009.hex,0000000000000010,-9999999,-9999999,-9999999,-9999999.0,-9999999,-9999999.0,-9999999.0,-9999999.0,-9999999.0,-9999999,-9999999.0,-9999999,-9999999.0,-9999999,-9999999.0,-9999999,-9999999.0,-9999999.0,-9999999.0,-9999999,-9999999.0,-9999999,-9999999,-9999999.0,-9999999.0,-9999999,-9999999,-9999999,-9999999.0,-9999999,-9999999,-9999999.0,-9999999.0,-9999999,-9999999,-9999999,-9999999.0,-9999999,-9999999.0,-9999999.0,-9999999,-9999999,-9999999.0,-9999999,-9999999,-9999999.0,-9999999,-9999999.0,-9999999,-9999999,-9999999,-9999999,-9999999.0,-9999999,-9999999,-9999999,-9999999,-9999999,-9999999,-9999999,-9999999,-9999999,-9999999,-9999999,-9999999,-9999999
81,KN 217,10,CS-4,40 0.449 N,70 46.549 W,2014-04-17T13:41:00Z,10,0000000000000100,270,ctd\kn217010.hex,0000000000000010,-9999999,-9999999,-9999999,-9999999.0,-9999999,-9999999.0,-9999999.0,-9999999.0,-9999999.0,-9999999,-9999999.0,-9999999,-9999999.0,-9999999,-9999999.0,-9999999,-9999999.0,-9999999.0,-9999999.0,-9999999,-9999999.0,-9999999,-9999999,-9999999.0,-9999999.0,-9999999,-9999999,-9999999,-9999999.0,-9999999,-9999999,-9999999.0,-9999999.0,-9999999,-9999999,-9999999,-9999999.0,-9999999,-9999999.0,-9999999.0,-9999999,-9999999,-9999999.0,-9999999,-9999999,-9999999.0,-9999999,-9999999.0,-9999999,-9999999,-9999999,-9999999,-9999999.0,-9999999,-9999999,-9999999,-9999999,-9999999,-9999999,-9999999,-9999999,-9999999,-9999999,-9999999,-9999999,-9999999
82,KN 217,11,CS-3,40 4.444 N,70 46.637 W,2014-04-17T14:42:00Z,11,0000000000000100,144,ctd\kn217011.hex,0000000000000010,-9999999,-9999999,-9999999,-9999999.0,-9999999,-9999999.0,-9999999.0,-9999999.0,-9999999.0,-9999999,-9999999.0,-9999999,-9999999.0,-9999999,-9999999.0,-9999999,-9999999.0,-9999999.0,-9999999.0,-9999999,-9999999.0,-9999999,-9999999,-9999999.0,-9999999.0,-9999999,-9999999,-9999999,-9999999.0,-9999999,-9999999,-9999999.0,-9999999.0,-9999999,-9999999,-9999999,-9999999.0,-9999999,-9999999.0,-9999999.0,-9999999,-9999999,-9999999.0,-9999999,-9999999,-9999999.0,-9999999,-9999999.0,-9999999,-9999999,-9999999,-9999999,-9999999.0,-9999999,-9999999,-9999999,-9999999,-9999999,-9999999,-9999999,-9999999,-9999999,-9999999,-9999999,-9999999,-9999999
83,KN 217,12,CN,40 8.316 N,70 46.847 W,2014-04-17T15:39:00Z,12,0000000000000100,136,ctd\kn217012.hex,0000000000000010,-9999999,-9999999,-9999999,-9999999.0,-9999999,-9999999.0,-9999999.0,-9999999.0,-9999999.0,-9999999,-9999999.0,-9999999,-9999999.0,-9999999,-9999999.0,-9999999,-9999999.0,-9999999.0,-9999999.0,-9999999,-9999999.0,-9999999,-9999999,-9999999.0,-9999999.0,-9999999,-9999999,-9999999,-9999999.0,-9999999,-9999999,-9999999.0,-9999999.0,-9999999,-9999999,-9999999,-9999999.0,-9999999,-9999999.0,-9999999.0,-9999999,-9999999,-9999999.0,-9999999,-9999999,-9999999.0,-9999999,-9999999.0,-9999999,-9999999,-9999999,-9999999,-9999999.0,-9999999,-9999999,-9999999,-9999999,-9999999,-9999999,-9999999,-9999999,-9999999,-9999999,-9999999,-9999999,-9999999
84,KN 217,13,CS-2,40 13.295 N,70 46.689 W,2014-04-17T17:06:00Z,13,0000000000000100,127,ctd\kn217013.hex,0000000000000010,-9999999,-9999999,-9999999,-9999999.0,-9999999,-9999999.0,-9999999.0,-9999999.0,-9999999.0,-9999999,-9999999.0,-9999999,-9999999.0,-9999999,-9999999.0,-9999999,-9999999.0,-9999999.0,-9999999.0,-9999999,-9999999.0,-9999999,-9999999,-9999999.0,-9999999.0,-9999999,-9999999,-9999999,-9999999.0,-9999999,-9999999,-9999999.0,-9999999.0,-9999999,-9999999,-9999999,-9999999.0,-9999999,-9999999.0,-9999999.0,-9999999,-9999999,-9999999.0,-9999999,-9999999,-9999999.0,-9999999,-9999999.0,-9999999,-9999999,-9999999,-9999999,-9999999.0,-9999999,-9999999,-9999999,-9999999,-9999999,-9999999,-9999999,-9999999,-9999999,-9999999,-9999999,-9999999,-9999999
85,KN 217,14,CS-1,40 17.600 N,70 46.600 W,2014-04-17T17:59:00Z,14,0000000000000100,116,ctd\kn217014.hex,0000000000000010,-9999999,-9999999,-9999999,-9999999.0,-9999999,-9999999.0,-9999999.0,-9999999.0,-9999999.0,-9999999,-9999999.0,-9999999,-9999999.0,-9999999,-9999999.0,-9999999,-9999999.0,-9999999.0,-9999999.0,-9999999,-9999999.0,-9999999,-9999999,-9999999.0,-9999999.0,-9999999,-9999999,-9999999,-9999999.0,-9999999,-9999999,-9999999.0,-9999999.0,-9999999,-9999999,-9999999,-9999999.0,-9999999,-9999999.0,-9999999.0,-9999999,-9999999,-9999999.0,-9999999,-9999999,-9999999.0,-9999999,-9999999.0,-9999999,-9999999,-9999999,-9999999,-9999999.0,-9999999,-9999999,-9999999,-9999999,-9999999,-9999999,-9999999,-9999999,-9999999,-9999999,-9999999,-9999999,-9999999
86,KN 217,15,UI,40 21.535 N,70 46.330 W,2014-04-17T18:53:00Z,15,0000000000000100,96,ctd\kn217015.hex,0000000000000010,-9999999,-9999999,-9999999,-9999999.0,-9999999,-9999999.0,-9999999.0,-9999999.0,-9999999.0,-9999999,-9999999.0,-9999999,-9999999.0,-9999999,-9999999.0,-9999999,-9999999.0,-9999999.0,-9999999.0,-9999999,-9999999.0,-9999999,-9999999,-9999999.0,-9999999.0,-9999999,-9999999,-9999999,-9999999.0,-9999999,-9999999,-9999999.0,-9999999.0,-9999999,-9999999,-9999999,-9999999.0,-9999999,-9999999.0,-9999999.0,-9999999,-9999999,-9999999.0,-9999999,-9999999,-9999999.0,-9999999,-9999999.0,-9999999,-9999999,-9999999,-9999999,-9999999.0,-9999999,-9999999,-9999999,-9999999,-9999999,-9999999,-9999999,-9999999,-9999999,-9999999,-9999999,-9999999,-9999999
87,KN 217,999,-9999999,40 21.88 N,070 46.33 W,2014-04-12T09:50:07Z,999,0000000000000100,-9999999,ctd\kn217999.hex,0000000000000100,1,0000000000000100,Apr 12 2014 09:50:16,0.23,0000000000000100,0.228,40.36476,-70.7722,11.4377,0000000000000100,11.3758,0000000000000100,-2e-06,0000000000000100,0.000254,0000000000000100,0.0029,0.0065,7.4809,0000000000000100,7.63871,-9999999,-9999999,1.8878,62.3785,0000000000000100,-9999999,-9999999,-9999999.0,-9999999,-9999999,-9999999.0,-9999999.0,-9999999,-9999999,-9999999,-9999999.0,-9999999,-9999999.0,-9999999.0,-9999999,-9999999,-9999999.0,-9999999,-9999999,-9999999.0,-9999999,-9999999.0,-9999999,-9999999,-9999999,-9999999,-9999999.0,-9999999,-9999999,-9999999,-9999999,-9999999,-9999999,-9999999,-9999999,-9999999,-9999999,-9999999,-9999999,-9999999
88,KN 217,999,-9999999,40 21.88 N,070 46.33 W,2014-04-12T09:50:07Z,999,0000000000000100,-9999999,ctd\kn217999.hex,0000000000000100,2,0000000000000100,Apr 12 2014 09:50:19,0.22,0000000000000100,0.218,40.36476,-70.7722,11.4402,0000000000000100,11.3781,-9999999,3.4021e-07,-9999999,0.000251,0000000000000100,0.0032,0.0065,7.481,0000000000000100,7.63826,-9999999,-9999999,1.8878,62.3785,0000000000000100,-9999999,-9999999,-9999999.0,-9999999,-9999999,-9999999.0,-9999999.0,-9999999,-9999999,-9999999,-9999999.0,-9999999,-9999999.0,-9999999.0,-9999999,-9999999,-9999999.0,-9999999,-9999999,-9999999.0,-9999999,-9999999.0,-9999999,-9999999,-9999999,-9999999,-9999999.0,-9999999,-9999999,-9999999,-9999999,-9999999,-9999999,-9999999,-9999999,-9999999,-9999999,-9999999,-9999999,-9999999
