,Bottle Position,Conductivity [S/m],"Conductivity, 2 [S/m]","Beam Attenuation, WET Labs C-Star [1/m]","Beam Transmission, WET Labs C-Star [%]",Cast,Cruise ID,Date Time,"Depth [salt water, m]",Hex name,Latitude [deg],Longitude [deg],"Oxygen Saturation, Garcia & Gordon [ml/l]","Pressure, Digiquartz [db]","Salinity, Practical [PSU]","Salinity, Practical, 2 [PSU]","Oxygen, SBE 43 [ml/l]",Start Latitude,Start Longitude,Start Time,"Temperature [ITS-90, deg C]","Temperature, 2 [ITS-90, deg C]"
0,1,3.455169,3.454611,19.0368, 0.8578 (avg),1,ar30-03,Jun 06 2018 09:26:42,146.727,D:\Data\ar30-03001.hex,62.7739,-28.653190000000002,6.88271,148.209,34.9512,34.9511,6.2855,62 46.29 N,028 39.40 W,2018-06-06T08:16:04Z,6.1764,6.1704
1,2,3.4766230000000005,3.4765910000000004,19.1611, 0.8311 (avg),1,ar30-03,Jun 06 2018 09:31:25,104.726,D:\Data\ar30-03001.hex,62.774080000000005,-28.652959999999997,6.84254,105.773,34.9553,34.9554,6.3981,62 46.29 N,028 39.40 W,2018-06-06T08:16:04Z,6.4277,6.4273
2,3,3.5055440000000004,3.505613,21.4223, 0.4769 (avg),1,ar30-03,Jun 06 2018 09:36:05,40.167,D:\Data\ar30-03001.hex,62.77418,-28.6528,6.788989999999999,40.563,34.9647,34.9645,6.6604,62 46.29 N,028 39.40 W,2018-06-06T08:16:04Z,6.7659,6.7668
3,4,3.540467,3.5422290000000003,26.6674, 0.1282 (avg),1,ar30-03,Jun 06 2018 09:38:14,23.168000000000003,D:\Data\ar30-03001.hex,62.7742,-28.65278,6.72998,23.395,34.9734,34.9686,7.0707,62 46.29 N,028 39.40 W,2018-06-06T08:16:04Z,7.1446,7.1685
4,5,3.558928,3.558911,28.1697, 0.1376 (avg),1,ar30-03,Jun 06 2018 09:39:31,15.343,D:\Data\ar30-03001.hex,62.77426,-28.65268,6.6980699999999995,15.493,34.9664,34.9663,7.0591,62 46.29 N,028 39.40 W,2018-06-06T08:16:04Z,7.3552,7.3551
5,6,3.5596660000000004,3.559626,22.2056, 0.3952 (avg),1,ar30-03,Jun 06 2018 09:41:34,2.713,D:\Data\ar30-03001.hex,62.774319999999996,-28.65258,6.6958899999999995,2.739,34.9664,34.9657,7.0726,62 46.29 N,028 39.40 W,2018-06-06T08:16:04Z,7.3695,7.3698
6,7,3.559819,3.5598339999999995,22.1383, 0.3963 (avg),1,ar30-03,Jun 06 2018 09:41:42,2.943,D:\Data\ar30-03001.hex,62.774319999999996,-28.65257,6.69567,2.972,34.9665,34.9664,7.0735,62 46.29 N,028 39.40 W,2018-06-06T08:16:04Z,7.371,7.3712
0,1,3.491486,3.4915529999999997,16.6596, 1.5555 (avg),02b,ar30-03,Jun 06 2018 14:24:52,153.80700000000002,D:\Data\ar30-03002b.hex,62.5042,-29.798340000000003,6.8232,155.36,34.9768,34.9768,6.2735,62 30.13 N,029 47.90 W,2018-06-06T14:12:41Z,6.5441,6.5448
1,2,3.49632,3.4963519999999995,17.7897, 1.1718 (avg),02b,ar30-03,Jun 06 2018 14:27:57,98.94200000000001,D:\Data\ar30-03002b.hex,62.504709999999996,-29.798340000000003,6.80975,99.927,34.9689,34.969,6.4129,62 30.13 N,029 47.90 W,2018-06-06T14:12:41Z,6.6319,6.6321
2,3,3.51497,3.515027,17.3674, 1.3014 (avg),02b,ar30-03,Jun 06 2018 14:31:07,39.068000000000005,D:\Data\ar30-03002b.hex,62.505230000000005,-29.79833,6.7739199999999995,39.452,34.9736,34.9738,6.5663,62 30.13 N,029 47.90 W,2018-06-06T14:12:41Z,6.8601,6.8605
3,4,3.5455,3.546033,17.4135, 1.2887 (avg),02b,ar30-03,Jun 06 2018 14:33:15,26.037,D:\Data\ar30-03002b.hex,62.50557,-29.79836,6.72192,26.291999999999998,34.9744,34.9748,6.9243,62 30.13 N,029 47.90 W,2018-06-06T14:12:41Z,7.1968,7.2022
4,5,3.55365,3.5536980000000002,16.9543, 1.4429 (avg),02b,ar30-03,Jun 06 2018 14:35:02,14.388,D:\Data\ar30-03002b.hex,62.50585,-29.798340000000003,6.70754,14.527999999999999,34.9743,34.9744,7.0344,62 30.13 N,029 47.90 W,2018-06-06T14:12:41Z,7.2909,7.2913
5,6,3.554467,3.554497,17.1284, 1.3822 (avg),02b,ar30-03,Jun 06 2018 14:36:21,4.6419999999999995,D:\Data\ar30-03002b.hex,62.50603,-29.798309999999997,6.7054100000000005,4.687,34.974,34.9743,7.0305,62 30.13 N,029 47.90 W,2018-06-06T14:12:41Z,7.3049,7.3048
6,7,3.554469,3.5545129999999996,17.2774, 1.3312 (avg),02b,ar30-03,Jun 06 2018 14:36:29,4.53,D:\Data\ar30-03002b.hex,62.50605,-29.7983,6.7054100000000005,4.574,34.9741,34.9744,7.0371,62 30.13 N,029 47.90 W,2018-06-06T14:12:41Z,7.3049,7.305
0,1,3.137537,3.137507,24.1139, 0.2413 (avg),3,ar30-03,Jun 07 2018 09:20:35,2948.9390000000003,D:\Data\ar30-03003.hex,60.8898,-35.35597,7.74242,2998.402,34.8842,34.8818,6.5627,60 53.48 N,035 21.66 W,2018-06-07T08:19:03Z,1.352,1.3538
1,2,3.268464,3.2684330000000004,55.262,-0.2524 (avg),3,ar30-03,Jun 07 2018 09:34:15,2500.937,D:\Data\ar30-03003.hex,60.889619999999994,-35.35485,7.4264600000000005,2540.1910000000003,34.9261,34.9243,6.0296,60 53.48 N,035 21.66 W,2018-06-07T08:19:03Z,3.0054,3.0067
2,3,3.289796,3.2898050000000003,55.262,-0.2075 (avg),3,ar30-03,Jun 07 2018 09:52:05,2000.07,D:\Data\ar30-03003.hex,60.889469999999996,-35.35385,7.3433600000000006,2029.0410000000002,34.9399,34.9387,5.9515,60 53.48 N,035 21.66 W,2018-06-07T08:19:03Z,3.4602,3.4615
3,4,3.274421,3.274428,55.262,-0.0464 (avg),3,ar30-03,Jun 07 2018 10:05:07,1601.98,D:\Data\ar30-03003.hex,60.88933000000001,-35.352959999999996,7.3358300000000005,1623.636,34.8966,34.8959,6.2236,60 53.48 N,035 21.66 W,2018-06-07T08:19:03Z,3.5143,3.515
4,5,3.246366,3.2463740000000003,55.262,-0.0935 (avg),3,ar30-03,Jun 07 2018 10:16:10,1301.05,D:\Data\ar30-03003.hex,60.8892,-35.352109999999996,7.36268,1317.684,34.863,34.8626,6.5492,60 53.48 N,035 21.66 W,2018-06-07T08:19:03Z,3.3742,3.3746
5,6,3.244405,3.24442,55.262,-0.5363 (avg),3,ar30-03,Jun 07 2018 10:27:13,1002.3839999999999,D:\Data\ar30-03003.hex,60.889019999999995,-35.35098,7.342110000000001,1014.4680000000001,34.8769,34.8767,6.5509,60 53.48 N,035 21.66 W,2018-06-07T08:19:03Z,3.4847,3.4851
6,7,3.242305,3.242309,55.262,-0.8099 (avg),3,ar30-03,Jun 07 2018 10:38:53,803.551,D:\Data\ar30-03003.hex,60.888819999999996,-35.34967,7.32948,812.847,34.8835,34.8835,6.554,60 53.48 N,035 21.66 W,2018-06-07T08:19:03Z,3.5534,3.5535
7,8,3.242139,3.2421900000000003,55.262,-0.8599 (avg),3,ar30-03,Jun 07 2018 10:48:09,602.797,D:\Data\ar30-03003.hex,60.88873,-35.34912,7.31265,609.4730000000001,34.8902,34.8903,6.5494,60 53.48 N,035 21.66 W,2018-06-07T08:19:03Z,3.6459,3.6464
8,9,3.2413220000000003,3.241387,55.262,-0.9923 (avg),3,ar30-03,Jun 07 2018 10:57:27,403.215,D:\Data\ar30-03003.hex,60.88864,-35.348459999999996,7.296069999999999,407.483,34.8883,34.8886,6.548,60 53.48 N,035 21.66 W,2018-06-07T08:19:03Z,3.7398,3.7402
9,10,3.2598439999999997,3.2598990000000003,55.262,-0.9556 (avg),3,ar30-03,Jun 07 2018 11:07:04,203.6,D:\Data\ar30-03003.hex,60.8885,-35.34776,7.241680000000001,205.655,34.8895,34.8898,6.4619,60 53.48 N,035 21.66 W,2018-06-07T08:19:03Z,4.0482,4.0485
10,11,3.313183,3.3132580000000003,55.262,-0.5936 (avg),3,ar30-03,Jun 07 2018 11:15:03,104.353,D:\Data\ar30-03003.hex,60.88844,-35.34732,7.13055,105.38,34.8914,34.8917,6.6791,60 53.48 N,035 21.66 W,2018-06-07T08:19:03Z,4.6914,4.6919
11,12,3.3131779999999997,3.3131839999999997,55.262,-0.6047 (avg),3,ar30-03,Jun 07 2018 11:15:11,104.523,D:\Data\ar30-03003.hex,60.88844,-35.34732,7.13057,105.552,34.8914,34.8917,6.6804,60 53.48 N,035 21.66 W,2018-06-07T08:19:03Z,4.6913,4.6911
12,13,3.367401,3.3676660000000003,55.262,-0.6728 (avg),3,ar30-03,Jun 07 2018 11:19:02,44.471000000000004,D:\Data\ar30-03003.hex,60.8884,-35.34704,7.02385,44.903,34.885,34.8852,6.8531,60 53.48 N,035 21.66 W,2018-06-07T08:19:03Z,5.3283,5.331
13,14,3.372497,3.3725300000000002,55.262,-0.7018 (avg),3,ar30-03,Jun 07 2018 11:21:46,25.053,D:\Data\ar30-03003.hex,60.88836,-35.34688,7.012560000000001,25.295,34.8819,34.8821,6.9281,60 53.48 N,035 21.66 W,2018-06-07T08:19:03Z,5.3974,5.3975
14,15,3.3758790000000003,3.3759339999999995,55.262,-0.7738 (avg),3,ar30-03,Jun 07 2018 11:23:52,15.126,D:\Data\ar30-03003.hex,60.88836,-35.346740000000004,7.00525,15.272,34.8792,34.8795,6.9223,60 53.48 N,035 21.66 W,2018-06-07T08:19:03Z,5.4424,5.4426
15,16,3.378711,3.37879,55.262,-0.7495 (avg),3,ar30-03,Jun 07 2018 11:30:02,4.657,D:\Data\ar30-03003.hex,60.88828,-35.34618,6.999219999999999,4.702,34.8791,34.8794,6.9351,60 53.48 N,035 21.66 W,2018-06-07T08:19:03Z,5.479,5.4796
16,17,3.378735,3.378797,55.262,-0.7421 (avg),3,ar30-03,Jun 07 2018 11:30:11,4.396,D:\Data\ar30-03003.hex,60.888259999999995,-35.34616,6.99914,4.438,34.879,34.8794,6.9333,60 53.48 N,035 21.66 W,2018-06-07T08:19:03Z,5.4795,5.4798
0,1,3.260234,3.260234,55.262,-0.4348 (avg),4,ar30-03,Jun 07 2018 16:05:03,2500.35,D:\Data\ar30-03004.hex,60.6375,-36.514379999999996,7.44394,2539.541,34.9298,34.9286,5.9833,60 38.27 N,036 30.62 W,2018-06-07T15:13:41Z,2.9091,2.9103
1,2,3.266743,3.2667450000000002,55.262,-0.4268 (avg),4,ar30-03,Jun 07 2018 16:15:05,2249.528,D:\Data\ar30-03004.hex,60.63754,-36.515229999999995,7.4104600000000005,2283.425,34.9356,34.9346,5.9588,60 38.27 N,036 30.62 W,2018-06-07T15:13:41Z,3.0904,3.0913
2,3,3.2725020000000002,3.272488,55.262,-0.6836 (avg),4,ar30-03,Jun 07 2018 16:25:24,2000.28,D:\Data\ar30-03004.hex,60.63757,-36.51578,7.37787,2029.215,34.9352,34.9345,5.9636,60 38.27 N,036 30.62 W,2018-06-07T15:13:41Z,3.27,3.2704
3,4,3.282061,3.2820910000000003,55.262,-0.6052 (avg),4,ar30-03,Jun 07 2018 16:38:17,1600.943,D:\Data\ar30-03004.hex,60.63759,-36.51647,7.325060000000001,1622.549,34.9356,34.9356,5.9619,60 38.27 N,036 30.62 W,2018-06-07T15:13:41Z,3.5637,3.5641
4,5,3.267779,3.267811,55.262,-0.7412 (avg),4,ar30-03,Jun 07 2018 16:49:06,1299.907,D:\Data\ar30-03004.hex,60.637640000000005,-36.51722,7.3248,1316.497,34.9085,34.9088,6.1583,60 38.27 N,036 30.62 W,2018-06-07T15:13:41Z,3.5726,3.5727
5,6,3.24875,3.248772,55.262,-0.4124 (avg),4,ar30-03,Jun 07 2018 17:00:04,1002.689,D:\Data\ar30-03004.hex,60.63766999999999,-36.51806,7.33466,1014.757,34.8877,34.8883,6.3505,60 38.27 N,036 30.62 W,2018-06-07T15:13:41Z,3.5233,3.523
6,7,3.24542,3.245485,55.262,-0.4828 (avg),4,ar30-03,Jun 07 2018 17:10:03,802.928,D:\Data\ar30-03004.hex,60.63768,-36.51855,7.32401,812.199,34.8906,34.8913,6.4069,60 38.27 N,036 30.62 W,2018-06-07T15:13:41Z,3.5821,3.5821
7,8,3.2481259999999996,3.248173,55.262,-0.5567 (avg),4,ar30-03,Jun 07 2018 17:20:04,603.405,D:\Data\ar30-03004.hex,60.6377,-36.518840000000004,7.30169,610.077,34.8981,34.899,6.3652,60 38.27 N,036 30.62 W,2018-06-07T15:13:41Z,3.7053,3.705
8,9,3.257542,3.257591,55.262,-0.6574 (avg),4,ar30-03,Jun 07 2018 17:29:21,403.722,D:\Data\ar30-03004.hex,60.6377,-36.5188,7.26553,407.98800000000006,34.9012,34.9021,6.2618,60 38.27 N,036 30.62 W,2018-06-07T15:13:41Z,3.909,3.9088
9,10,3.261141,3.261201,55.262,-0.5437 (avg),4,ar30-03,Jun 07 2018 17:38:23,203.614,D:\Data\ar30-03004.hex,60.6377,-36.51898,7.236860000000001,205.66400000000002,34.8698,34.8708,6.703,60 38.27 N,036 30.62 W,2018-06-07T15:13:41Z,4.0812,4.0809
10,11,3.295519,3.295844,55.262,-0.6447 (avg),4,ar30-03,Jun 07 2018 17:45:32,104.67299999999999,D:\Data\ar30-03004.hex,60.63771,-36.51897,7.161560000000001,105.70100000000001,34.8689,34.8702,6.7184,60 38.27 N,036 30.62 W,2018-06-07T15:13:41Z,4.5163,4.5187
11,12,3.4187019999999997,3.4188940000000003,55.262,-0.7001 (avg),4,ar30-03,Jun 07 2018 17:53:45,5.171,D:\Data\ar30-03004.hex,60.637719999999995,-36.51891,6.92565,5.22,34.8626,34.8637,6.9527,60 38.27 N,036 30.62 W,2018-06-07T15:13:41Z,5.9345,5.9356
0,1,3.166069,3.1660619999999997,19.8462, 0.7003 (avg),5,ar30-03,Jun 08 2018 19:05:23,2501.19,D:\Data\ar30-03005.hex,59.94093,-39.523959999999995,7.63975,2540.257,34.8845,34.8841,6.4503,59 56.43 N,039 31.38 W,2018-06-08T18:14:14Z,1.8797,1.88
1,2,3.254998,3.254995,21.1591, 0.5045 (avg),5,ar30-03,Jun 08 2018 19:16:13,2002.132,D:\Data\ar30-03005.hex,59.94079,-39.523709999999994,7.4109300000000005,2030.99,34.911,34.9107,6.1059,59 56.43 N,039 31.38 W,2018-06-08T18:14:14Z,3.0946,3.0948
2,3,3.2775260000000004,3.2776110000000003,33.9696, 0.0295 (avg),5,ar30-03,Jun 08 2018 19:23:05,1702.805,D:\Data\ar30-03005.hex,59.94066,-39.52347,7.33978,1726.112,34.9107,34.9108,6.1053,59 56.43 N,039 31.38 W,2018-06-08T18:14:14Z,3.4883,3.4892
3,4,3.2642580000000003,3.2642919999999997,55.262,-0.1658 (avg),5,ar30-03,Jun 08 2018 19:28:31,1500.9679999999998,D:\Data\ar30-03005.hex,59.94051999999999,-39.52325,7.346439999999999,1520.775,34.8859,34.8863,6.2879,59 56.43 N,039 31.38 W,2018-06-08T18:14:14Z,3.4581,3.4581
4,5,3.243533,3.243598,55.262,-0.5840 (avg),5,ar30-03,Jun 08 2018 19:39:11,1001.806,D:\Data\ar30-03005.hex,59.94022,-39.5227,7.34362,1013.805,34.8753,34.8761,6.5712,59 56.43 N,039 31.38 W,2018-06-08T18:14:14Z,3.4768,3.4767
5,6,3.251393,3.251447,55.262,-0.2725 (avg),5,ar30-03,Jun 08 2018 19:46:25,702.039,D:\Data\ar30-03005.hex,59.94016,-39.5226,7.30388,709.931,34.8973,34.8981,6.4273,59 56.43 N,039 31.38 W,2018-06-08T18:14:14Z,3.6933,3.693
6,7,3.259468,3.259544,55.262,-0.3302 (avg),5,ar30-03,Jun 08 2018 19:52:04,501.92199999999997,D:\Data\ar30-03005.hex,59.94014,-39.52256,7.2710300000000005,507.319,34.9057,34.9067,6.3514,59 56.43 N,039 31.38 W,2018-06-08T18:14:14Z,3.8765,3.8764
7,8,3.275999,3.2760439999999997,55.262,-0.3876 (avg),5,ar30-03,Jun 08 2018 19:57:08,351.14599999999996,D:\Data\ar30-03005.hex,59.9401,-39.522459999999995,7.2254,354.79,34.9072,34.9082,6.3657,59 56.43 N,039 31.38 W,2018-06-08T18:14:14Z,4.1364,4.1359
8,9,3.29875,3.2988440000000003,55.262,-0.1782 (avg),5,ar30-03,Jun 08 2018 20:01:03,251.93400000000003,D:\Data\ar30-03005.hex,59.940059999999995,-39.52239,7.1733899999999995,254.488,34.9129,34.9141,6.2885,59 56.43 N,039 31.38 W,2018-06-08T18:14:14Z,4.4351,4.435
9,10,3.314343,3.31435,55.262,-0.3344 (avg),5,ar30-03,Jun 08 2018 20:03:30,204.395,D:\Data\ar30-03005.hex,59.94,-39.52234,7.13858,206.44299999999998,34.9045,34.9056,6.5434,59 56.43 N,039 31.38 W,2018-06-08T18:14:14Z,4.6406,4.6396
10,11,3.322544,3.322981,55.262,-0.4378 (avg),5,ar30-03,Jun 08 2018 20:06:23,149.98,D:\Data\ar30-03005.hex,59.939980000000006,-39.522240000000004,7.11785,151.46200000000002,34.9,34.9019,6.3341,59 56.43 N,039 31.38 W,2018-06-08T18:14:14Z,4.7637,4.7667
11,12,3.310198,3.310283,55.262,-0.4350 (avg),5,ar30-03,Jun 08 2018 20:08:25,130.5,D:\Data\ar30-03005.hex,59.939919999999994,-39.52214,7.136480000000001,131.784,34.8738,34.875,6.3247,59 56.43 N,039 31.38 W,2018-06-08T18:14:14Z,4.6615,4.6614
12,13,3.317932,3.318199,55.262,-0.2806 (avg),5,ar30-03,Jun 08 2018 20:10:53,100.698,D:\Data\ar30-03005.hex,59.93982,-39.52198,7.11954,101.681,34.8762,34.8774,6.3505,59 56.43 N,039 31.38 W,2018-06-08T18:14:14Z,4.7604,4.7622
13,14,3.317974,3.318139,55.262,-0.2982 (avg),5,ar30-03,Jun 08 2018 20:11:03,100.05799999999999,D:\Data\ar30-03005.hex,59.93982,-39.52198,7.11942,101.035,34.8764,34.8779,6.3516,59 56.43 N,039 31.38 W,2018-06-08T18:14:14Z,4.761,4.7615
14,15,3.3570910000000005,3.357168,55.262,-0.2232 (avg),5,ar30-03,Jun 08 2018 20:13:32,80.87,D:\Data\ar30-03005.hex,59.939730000000004,-39.52182,7.04908,81.656,34.9135,34.9146,6.5546,59 56.43 N,039 31.38 W,2018-06-08T18:14:14Z,5.1685,5.1683
15,16,3.372268,3.3723919999999996,55.262,-0.4130 (avg),5,ar30-03,Jun 08 2018 20:16:21,50.68,D:\Data\ar30-03005.hex,59.93965,-39.52169,7.01778,51.169,34.9055,34.9068,6.6332,59 56.43 N,039 31.38 W,2018-06-08T18:14:14Z,5.3591,5.3592
16,17,3.3854349999999998,3.38553,55.262,-0.4692 (avg),5,ar30-03,Jun 08 2018 20:18:25,41.092,D:\Data\ar30-03005.hex,59.93962,-39.52163,6.99263,41.486999999999995,34.9018,34.9029,6.7282,59 56.43 N,039 31.38 W,2018-06-08T18:14:14Z,5.5126,5.5126
17,18,3.385477,3.385618,55.262,-0.4408 (avg),5,ar30-03,Jun 08 2018 20:18:40,40.451,D:\Data\ar30-03005.hex,59.93962,-39.521640000000005,6.992439999999999,40.84,34.9013,34.9024,6.7276,59 56.43 N,039 31.38 W,2018-06-08T18:14:14Z,5.5139,5.5144
18,19,3.3943480000000004,3.39285,55.262,-0.4775 (avg),5,ar30-03,Jun 08 2018 20:20:38,21.06,D:\Data\ar30-03005.hex,59.93958000000001,-39.52154,6.97187,21.261,34.875,34.8787,6.8305,59 56.43 N,039 31.38 W,2018-06-08T18:14:14Z,5.6468,5.6267
19,20,3.4082199999999996,3.4082470000000002,55.262,-0.6080 (avg),5,ar30-03,Jun 08 2018 20:23:29,12.842,D:\Data\ar30-03005.hex,59.9396,-39.52162,6.945589999999999,12.965,34.8684,34.8696,7.0587,59 56.43 N,039 31.38 W,2018-06-08T18:14:14Z,5.8098,5.809
20,21,3.408979,3.409103,55.262,-0.6411 (avg),5,ar30-03,Jun 08 2018 20:25:55,2.989,D:\Data\ar30-03005.hex,59.93965,-39.52167,6.943239999999999,3.017,34.8668,34.8688,7.0669,59 56.43 N,039 31.38 W,2018-06-08T18:14:14Z,5.8248,5.8242
21,22,3.409069,3.409163,55.262,-0.6654 (avg),5,ar30-03,Jun 08 2018 20:26:25,3.2739999999999996,D:\Data\ar30-03005.hex,59.939659999999996,-39.52169,6.943160000000001,3.305,34.8673,34.8687,7.0791,59 56.43 N,039 31.38 W,2018-06-08T18:14:14Z,5.8251,5.8248
0,1,3.1399939999999997,3.1399220000000003,,,6,ar30-03,Jun 09 2018 14:28:43,,D:\Data\ar30-03006.hdr,,,,2688.6459999999997,34.8865 (avg),,,59 57.97 N,039 30.98 W,2018-06-09T13:38:40Z,1.5133,1.5131
1,2,3.15505,3.155097,,,6,ar30-03,Jun 09 2018 14:34:25,,D:\Data\ar30-03006.hdr,,,,2541.0789999999997,34.8901 (avg),,,59 57.97 N,039 30.98 W,2018-06-09T13:38:40Z,1.748,1.7492
2,3,3.255287,3.255307,,,6,ar30-03,Jun 09 2018 14:59:25,,D:\Data\ar30-03006.hdr,,,,2130.011,34.9086 (avg),,,59 57.97 N,039 30.98 W,2018-06-09T13:38:40Z,3.0553,3.0557
3,4,3.285758,3.285768,,,6,ar30-03,Jun 09 2018 15:06:01,,D:\Data\ar30-03006.hdr,,,,1822.977,34.9227 (avg),,,59 57.97 N,039 30.98 W,2018-06-09T13:38:40Z,3.525,3.5251
4,5,3.266032,3.266057,,,6,ar30-03,Jun 09 2018 15:13:41,,D:\Data\ar30-03006.hdr,,,,1526.7879999999998,34.8802 (avg),,,59 57.97 N,039 30.98 W,2018-06-09T13:38:40Z,3.4807,3.4806
5,6,3.260472,3.260503,,,6,ar30-03,Jun 09 2018 15:21:15,,D:\Data\ar30-03006.hdr,,,,1217.468,34.8838 (avg),,,59 57.97 N,039 30.98 W,2018-06-09T13:38:40Z,3.5611,3.5608
6,7,3.261812,3.261873,,,6,ar30-03,Jun 09 2018 15:27:03,,D:\Data\ar30-03006.hdr,,,,1010.3610000000001,34.8940 (avg),,,59 57.97 N,039 30.98 W,2018-06-09T13:38:40Z,3.6662,3.6661
7,8,3.259531,3.259582,,,6,ar30-03,Jun 09 2018 15:32:10,,D:\Data\ar30-03006.hdr,,,,811.633,34.8960 (avg),,,59 57.97 N,039 30.98 W,2018-06-09T13:38:40Z,3.7356,3.7354
8,9,3.2789599999999997,3.2789599999999997,,,6,ar30-03,Jun 09 2018 15:37:43,,D:\Data\ar30-03006.hdr,,,,606.768,34.9050 (avg),,,59 57.97 N,039 30.98 W,2018-06-09T13:38:40Z,4.0456,4.0446
9,10,3.3161940000000003,3.316193,,,6,ar30-03,Jun 09 2018 15:43:28,,D:\Data\ar30-03006.hdr,,,,405.744,34.9140 (avg),,,59 57.97 N,039 30.98 W,2018-06-09T13:38:40Z,4.552,4.551
10,11,3.316962,3.3171169999999996,,,6,ar30-03,Jun 09 2018 15:47:08,,D:\Data\ar30-03006.hdr,,,,306.98400000000004,34.8904 (avg),,,59 57.97 N,039 30.98 W,2018-06-09T13:38:40Z,4.6324,4.633
11,12,3.324043,3.3242019999999997,,,6,ar30-03,Jun 09 2018 15:50:35,,D:\Data\ar30-03006.hdr,,,,204.672,34.8834 (avg),,,59 57.97 N,039 30.98 W,2018-06-09T13:38:40Z,4.7692,4.7697
12,13,3.323861,3.323837,,,6,ar30-03,Jun 09 2018 15:50:52,,D:\Data\ar30-03006.hdr,,,,203.609,34.8832 (avg),,,59 57.97 N,039 30.98 W,2018-06-09T13:38:40Z,4.7679,4.7664
13,14,3.3282910000000006,3.3283730000000005,,,6,ar30-03,Jun 09 2018 15:53:07,,D:\Data\ar30-03006.hdr,,,,176.358,34.8892 (avg),,,59 57.97 N,039 30.98 W,2018-06-09T13:38:40Z,4.8251,4.8249
14,15,3.351036,3.351139,,,6,ar30-03,Jun 09 2018 15:55:19,,D:\Data\ar30-03006.hdr,,,,151.803,34.9096 (avg),,,59 57.97 N,039 30.98 W,2018-06-09T13:38:40Z,5.0698,5.0698
15,16,3.3511849999999996,3.3512440000000003,,,6,ar30-03,Jun 09 2018 15:55:33,,D:\Data\ar30-03006.hdr,,,,151.261,34.9099 (avg),,,59 57.97 N,039 30.98 W,2018-06-09T13:38:40Z,5.0716,5.071
16,17,3.3717989999999998,3.371885,,,6,ar30-03,Jun 09 2018 15:58:05,,D:\Data\ar30-03006.hdr,,,,101.242,34.9157 (avg),,,59 57.97 N,039 30.98 W,2018-06-09T13:38:40Z,5.3189,5.3187
17,18,3.3718269999999997,3.371932,,,6,ar30-03,Jun 09 2018 15:58:12,,D:\Data\ar30-03006.hdr,,,,101.898,34.9156 (avg),,,59 57.97 N,039 30.98 W,2018-06-09T13:38:40Z,5.3189,5.3189
18,19,3.396497,3.3965959999999997,,,6,ar30-03,Jun 09 2018 16:01:05,,D:\Data\ar30-03006.hdr,,,,51.376000000000005,34.8962 (avg),,,59 57.97 N,039 30.98 W,2018-06-09T13:38:40Z,5.6348,5.6346
19,20,3.39641,3.396644,,,6,ar30-03,Jun 09 2018 16:01:13,,D:\Data\ar30-03006.hdr,,,,51.706,34.8946 (avg),,,59 57.97 N,039 30.98 W,2018-06-09T13:38:40Z,5.6352,5.6349
20,21,3.4100610000000002,3.410114,,,6,ar30-03,Jun 09 2018 16:03:22,,D:\Data\ar30-03006.hdr,,,,20.613000000000003,34.9041 (avg),,,59 57.97 N,039 30.98 W,2018-06-09T13:38:40Z,5.7917,5.7912
21,22,3.410308,3.4103790000000003,,,6,ar30-03,Jun 09 2018 16:03:31,,D:\Data\ar30-03006.hdr,,,,20.656,34.9040 (avg),,,59 57.97 N,039 30.98 W,2018-06-09T13:38:40Z,5.7945,5.794
22,23,3.419536,3.419573,,,6,ar30-03,Jun 09 2018 16:05:03,,D:\Data\ar30-03006.hdr,,,,10.094,34.8772 (avg),,,59 57.97 N,039 30.98 W,2018-06-09T13:38:40Z,5.9271,5.9268
23,24,3.419418,3.419517,,,6,ar30-03,Jun 09 2018 16:06:11,,D:\Data\ar30-03006.hdr,,,,5.35,34.8778 (avg),,,59 57.97 N,039 30.98 W,2018-06-09T13:38:40Z,5.9276,5.9275
0,1,3.162172,3.1621639999999998,55.262,-0.9051 (avg),7,ar30-03,Jun 10 2018 15:28:44,2648.366,D:\Data\ar30-03007.hex,59.77138000000001,-39.855740000000004,7.6611899999999995,2690.634,34.8848,34.8843,6.4665,59 46.24 N,039 51.54 W,2018-06-10T14:37:43Z,1.7683,1.7688
1,2,3.251297,3.251445,55.262,-0.9145 (avg),7,ar30-03,Jun 10 2018 15:38:49,2198.118,D:\Data\ar30-03007.hex,59.77154,-39.85487,7.436560000000001,2230.813,34.9233,34.9238,5.2315,59 46.24 N,039 51.54 W,2018-06-10T14:37:43Z,2.951,2.9522
2,3,3.276511,3.276569,55.262,-0.9627 (avg),7,ar30-03,Jun 10 2018 15:56:07,1800.55,D:\Data\ar30-03007.hex,59.771840000000005,-39.853190000000005,7.35159,1825.5970000000002,34.9236,34.9237,5.9858,59 46.24 N,039 51.54 W,2018-06-10T14:37:43Z,3.419,3.4194
3,4,3.266346,3.266435,55.262,-0.9671 (avg),7,ar30-03,Jun 10 2018 16:03:07,1501.295,D:\Data\ar30-03007.hex,59.771969999999996,-39.85253,7.34328,1521.0870000000002,34.8946,34.8951,6.203,59 46.24 N,039 51.54 W,2018-06-10T14:37:43Z,3.4733,3.4738
4,5,3.2291830000000004,3.229245,55.262,-0.8913 (avg),7,ar30-03,Jun 10 2018 16:13:44,1002.235,D:\Data\ar30-03007.hex,59.77208,-39.851729999999996,7.37091,1014.2260000000001,34.86,34.8609,6.5419,59 46.24 N,039 51.54 W,2018-06-10T14:37:43Z,3.3294,3.3292
5,6,3.22344,3.223513,55.262,-0.9569 (avg),7,ar30-03,Jun 10 2018 16:19:47,750.762,D:\Data\ar30-03007.hex,59.7722,-39.85118,7.36084,759.283,34.8668,34.8679,6.5833,59 46.24 N,039 51.54 W,2018-06-10T14:37:43Z,3.3833,3.3831
6,7,3.219064,3.219137,55.262,-1.0668 (avg),7,ar30-03,Jun 10 2018 16:28:38,350.88199999999995,D:\Data\ar30-03007.hex,59.77234,-39.85044,7.33435,354.519,34.876,34.8773,6.5732,59 46.24 N,039 51.54 W,2018-06-10T14:37:43Z,3.5283,3.5279
7,8,3.227534,3.227664,55.262,-0.9801 (avg),7,ar30-03,Jun 10 2018 16:33:17,180.918,D:\Data\ar30-03007.hex,59.7724,-39.85004,7.3014399999999995,182.718,34.873,34.8744,6.5341,59 46.24 N,039 51.54 W,2018-06-10T14:37:43Z,3.7137,3.7139
8,9,3.234912,3.235019,55.262,-0.7950 (avg),7,ar30-03,Jun 10 2018 16:35:42,131.58,D:\Data\ar30-03007.hex,59.77244,-39.84983,7.2819199999999995,132.872,34.87,34.8714,6.6275,59 46.24 N,039 51.54 W,2018-06-10T14:37:43Z,3.8248,3.8247
9,10,3.234929,3.2350630000000002,55.262,-0.8894 (avg),7,ar30-03,Jun 10 2018 16:35:58,131.505,D:\Data\ar30-03007.hex,59.772459999999995,-39.8498,7.28188,132.797,34.87,34.8715,6.6305,59 46.24 N,039 51.54 W,2018-06-10T14:37:43Z,3.825,3.8252
10,11,3.248581,3.248615,55.262,-0.8240 (avg),7,ar30-03,Jun 10 2018 16:38:20,90.90100000000001,D:\Data\ar30-03007.hex,59.7725,-39.84959,7.250310000000001,91.785,34.8617,34.8629,6.7663,59 46.24 N,039 51.54 W,2018-06-10T14:37:43Z,4.0067,4.0059
11,12,3.2792480000000004,3.2791349999999997,55.262,-0.8833 (avg),7,ar30-03,Jun 10 2018 16:40:34,60.575,D:\Data\ar30-03007.hex,59.77251999999999,-39.84943,7.19031,61.16,34.8818,34.8828,6.7536,59 46.24 N,039 51.54 W,2018-06-10T14:37:43Z,4.3457,4.3435
12,13,3.2793300000000003,3.2792779999999997,55.262,-0.8731 (avg),7,ar30-03,Jun 10 2018 16:40:43,60.604,D:\Data\ar30-03007.hex,59.77251999999999,-39.84941,7.1901399999999995,61.18899999999999,34.8817,34.8829,6.7617,59 46.24 N,039 51.54 W,2018-06-10T14:37:43Z,4.3467,4.345
13,14,3.282947,3.282921,55.262,-0.8747 (avg),7,ar30-03,Jun 10 2018 16:42:24,50.831,D:\Data\ar30-03007.hex,59.77254,-39.84924,7.1825399999999995,51.321000000000005,34.8837,34.8849,6.7365,59 46.24 N,039 51.54 W,2018-06-10T14:37:43Z,4.3902,4.3887
14,15,3.282975,3.2829980000000005,55.262,-0.8364 (avg),7,ar30-03,Jun 10 2018 16:42:32,50.742,D:\Data\ar30-03007.hex,59.77254,-39.84922,7.18244,51.23,34.8833,34.8848,6.7408,59 46.24 N,039 51.54 W,2018-06-10T14:37:43Z,4.3908,4.3897
15,16,3.3389379999999997,3.3390440000000003,54.8758,-0.9194 (avg),7,ar30-03,Jun 10 2018 16:45:14,30.206999999999997,D:\Data\ar30-03007.hex,59.77264,-39.8489,7.072189999999999,30.496,34.8591,34.8602,6.9193,59 46.24 N,039 51.54 W,2018-06-10T14:37:43Z,5.0457,5.0459
16,17,3.339114,3.339112,54.2706,-0.9404 (avg),7,ar30-03,Jun 10 2018 16:45:25,30.261,D:\Data\ar30-03007.hex,59.77264,-39.84887,7.07187,30.551,34.8591,34.8604,6.9279,59 46.24 N,039 51.54 W,2018-06-10T14:37:43Z,5.0477,5.0465
17,18,3.3467300000000004,3.346961,55.262,-1.1059 (avg),7,ar30-03,Jun 10 2018 16:47:03,19.8,D:\Data\ar30-03007.hex,59.772659999999995,-39.848659999999995,7.0571,19.989,34.8613,34.8626,6.9313,59 46.24 N,039 51.54 W,2018-06-10T14:37:43Z,5.1352,5.1365
18,19,3.346932,3.347022,55.262,-1.1078 (avg),7,ar30-03,Jun 10 2018 16:47:13,19.758,D:\Data\ar30-03007.hex,59.772659999999995,-39.84864,7.05674,19.945999999999998,34.8615,34.8629,6.934,59 46.24 N,039 51.54 W,2018-06-10T14:37:43Z,5.1373,5.137
19,20,3.3533129999999995,3.3532669999999998,55.262,-1.1622 (avg),7,ar30-03,Jun 10 2018 16:49:03,4.5489999999999995,D:\Data\ar30-03007.hex,59.7727,-39.848490000000005,7.0437,4.592,34.8618,34.8634,6.9341,59 46.24 N,039 51.54 W,2018-06-10T14:37:43Z,5.2153,5.2134
20,21,3.352877,3.353061,55.262,-1.0116 (avg),7,ar30-03,Jun 10 2018 16:49:15,4.7330000000000005,D:\Data\ar30-03007.hex,59.7727,-39.84847,7.04454,4.7780000000000005,34.862,34.8637,6.9365,59 46.24 N,039 51.54 W,2018-06-10T14:37:43Z,5.2103,5.2107
0,1,3.140658,3.140796,55.262,-0.9109 (avg),8,ar30-03,Jun 11 2018 16:08:02,2793.264,D:\Data\ar30-03008.hex,59.718090000000004,-39.3546,7.722,2838.805,34.886,34.8858,5.4372,59 43.05 N,039 20.61 W,2018-06-11T15:14:36Z,1.4555,1.4572
1,2,3.256152,3.256472,55.262,-0.9410 (avg),8,ar30-03,Jun 11 2018 16:22:45,2181.2870000000003,D:\Data\ar30-03008.hex,59.71791999999999,-39.35617,7.42283,2213.633,34.9047,34.9072,4.9962,59 43.05 N,039 20.61 W,2018-06-11T15:14:36Z,3.0312,3.0324
2,3,3.2795739999999998,3.279605,55.262,-0.8518 (avg),8,ar30-03,Jun 11 2018 16:45:29,1797.4589999999998,D:\Data\ar30-03008.hex,59.718140000000005,-39.35672,7.34347,1822.441,34.9097,34.9097,6.0547,59 43.05 N,039 20.61 W,2018-06-11T15:14:36Z,3.468,3.4683
0,1,3.33715,3.3374129999999997,18.2145, 1.0531 (avg),9,ar30-03,Jun 12 2018 18:08:13,132.06,D:\Data\ar30-03009.hex,59.83054,-39.22184,7.085430000000001,133.358,34.8692,34.8712,6.4423,59 49.83 N,039 13.28 W,2018-06-12T18:03:09Z,4.9641,4.9651
1,2,3.3519360000000002,3.3520339999999997,20.61, 0.5787 (avg),9,ar30-03,Jun 12 2018 18:10:23,90.18700000000001,D:\Data\ar30-03009.hex,59.83031,-39.22228,7.0546,91.064,34.8711,34.8725,6.557,59 49.83 N,039 13.28 W,2018-06-12T18:03:09Z,5.1474,5.1471
2,3,3.390857,3.3909569999999998,23.4513, 0.2847 (avg),9,ar30-03,Jun 12 2018 18:12:52,60.675,D:\Data\ar30-03009.hex,59.8298,-39.22285,6.98303,61.26,34.889,34.8902,6.6901,59 49.83 N,039 13.28 W,2018-06-12T18:03:09Z,5.5746,5.5746
3,4,3.412723,3.413476,24.3172, 0.2295 (avg),9,ar30-03,Jun 12 2018 18:15:02,30.570999999999998,D:\Data\ar30-03009.hex,59.82946,-39.22336,6.93958,30.863000000000003,34.8735,34.874,7.1711,59 49.83 N,039 13.28 W,2018-06-12T18:03:09Z,5.8454,5.8532
4,5,3.4152980000000004,3.4153830000000003,50.6042,-0.0144 (avg),9,ar30-03,Jun 12 2018 18:16:48,15.543,D:\Data\ar30-03009.hex,59.829240000000006,-39.2237,6.9335,15.690999999999999,34.8712,34.8724,7.3467,59 49.83 N,039 13.28 W,2018-06-12T18:03:09Z,5.8835,5.8833
5,6,3.436418,3.4365069999999998,55.262,-0.1749 (avg),9,ar30-03,Jun 12 2018 18:18:40,2.705,D:\Data\ar30-03009.hex,59.82911,-39.22401,6.89513,2.7310000000000003,34.8713,34.8726,7.4697,59 49.83 N,039 13.28 W,2018-06-12T18:03:09Z,6.1216,6.1213
6,7,3.4364209999999997,3.4365309999999996,55.262,-0.1791 (avg),9,ar30-03,Jun 12 2018 18:18:47,2.9619999999999997,D:\Data\ar30-03009.hex,59.8291,-39.22403,6.89514,2.99,34.8713,34.8727,7.4728,59 49.83 N,039 13.28 W,2018-06-12T18:03:09Z,6.1215,6.1214
7,8,3.436431,3.436432,55.262,-0.2055 (avg),9,ar30-03,Jun 12 2018 18:18:55,2.889,D:\Data\ar30-03009.hex,59.829080000000005,-39.224059999999994,6.89513,2.9160000000000004,34.8714,34.8716,7.4692,59 49.83 N,039 13.28 W,2018-06-12T18:03:09Z,6.1216,6.1214
8,9,3.4364779999999997,3.4365410000000005,55.262,-0.2381 (avg),9,ar30-03,Jun 12 2018 18:19:13,2.6010000000000004,D:\Data\ar30-03009.hex,59.82906,-39.22413,6.89502,2.6260000000000003,34.8714,34.8726,7.4702,59 49.83 N,039 13.28 W,2018-06-12T18:03:09Z,6.1223,6.1217
9,10,3.436438,3.4365989999999997,55.262,-0.2166 (avg),9,ar30-03,Jun 12 2018 18:19:20,2.895,D:\Data\ar30-03009.hex,59.82904,-39.22415,6.895110000000001,2.923,34.8713,34.8724,7.4564,59 49.83 N,039 13.28 W,2018-06-12T18:03:09Z,6.1217,6.1224
10,11,3.436411,3.436556,55.262,-0.1989 (avg),9,ar30-03,Jun 12 2018 18:19:26,2.9339999999999997,D:\Data\ar30-03009.hex,59.82904,-39.22417,6.895160000000001,2.9619999999999997,34.8713,34.8726,7.4587,59 49.83 N,039 13.28 W,2018-06-12T18:03:09Z,6.1214,6.1218
11,12,3.436319,3.436496,55.262,-0.2174 (avg),9,ar30-03,Jun 12 2018 18:19:33,2.8339999999999996,D:\Data\ar30-03009.hex,59.82901999999999,-39.2242,6.89532,2.861,34.8714,34.8727,7.4551,59 49.83 N,039 13.28 W,2018-06-12T18:03:09Z,6.1204,6.1211
12,13,3.436497,3.436586,55.262,-0.2232 (avg),9,ar30-03,Jun 12 2018 18:19:40,2.516,D:\Data\ar30-03009.hex,59.82901999999999,-39.22424,6.8949300000000004,2.54,34.871,34.8717,7.4577,59 49.83 N,039 13.28 W,2018-06-12T18:03:09Z,6.1229,6.1232
13,14,3.436579,3.436699,55.262,-0.2320 (avg),9,ar30-03,Jun 12 2018 18:19:47,2.801,D:\Data\ar30-03009.hex,59.829,-39.22426,6.89485,2.8280000000000003,34.8713,34.8727,7.4636,59 49.83 N,039 13.28 W,2018-06-12T18:03:09Z,6.1233,6.1233
14,15,3.436756,3.4369169999999998,55.262,-0.2475 (avg),9,ar30-03,Jun 12 2018 18:19:54,3.0069999999999997,D:\Data\ar30-03009.hex,59.828990000000005,-39.22429,6.89455,3.035,34.8713,34.8726,7.4495,59 49.83 N,039 13.28 W,2018-06-12T18:03:09Z,6.1252,6.1257
15,16,3.4369370000000004,3.4370410000000002,55.262,-0.2585 (avg),9,ar30-03,Jun 12 2018 18:20:01,2.739,D:\Data\ar30-03009.hex,59.82898,-39.22432,6.8942,2.765,34.8712,34.8727,7.4574,59 49.83 N,039 13.28 W,2018-06-12T18:03:09Z,6.1274,6.1271
16,17,3.436871,3.436928,55.262,-0.2654 (avg),9,ar30-03,Jun 12 2018 18:20:09,2.89,D:\Data\ar30-03009.hex,59.828959999999995,-39.22435,6.894310000000001,2.918,34.871,34.8719,7.4435,59 49.83 N,039 13.28 W,2018-06-12T18:03:09Z,6.1268,6.1266
17,18,3.436921,3.4370199999999995,55.262,-0.2759 (avg),9,ar30-03,Jun 12 2018 18:20:16,3.051,D:\Data\ar30-03009.hex,59.82894,-39.22437,6.89427,3.08,34.8713,34.8726,7.4512,59 49.83 N,039 13.28 W,2018-06-12T18:03:09Z,6.127,6.1268
18,19,3.436776,3.4366559999999997,55.262,-0.2908 (avg),9,ar30-03,Jun 12 2018 18:20:24,2.798,D:\Data\ar30-03009.hex,59.82894,-39.2244,6.89451,2.824,34.8714,34.8728,7.4599,59 49.83 N,039 13.28 W,2018-06-12T18:03:09Z,6.1254,6.1227
19,20,3.436557,3.4365900000000003,55.262,-0.3134 (avg),9,ar30-03,Jun 12 2018 18:20:30,2.7969999999999997,D:\Data\ar30-03009.hex,59.82892,-39.22442,6.89491,2.823,34.8715,34.8728,7.4502,59 49.83 N,039 13.28 W,2018-06-12T18:03:09Z,6.1229,6.122
20,21,3.436438,3.436519,55.262,-0.3087 (avg),9,ar30-03,Jun 12 2018 18:20:37,3.073,D:\Data\ar30-03009.hex,59.8289,-39.22444,6.89508,3.102,34.8709,34.8728,7.447,59 49.83 N,039 13.28 W,2018-06-12T18:03:09Z,6.122,6.1211
21,22,3.436436,3.4365449999999997,55.262,-0.3245 (avg),9,ar30-03,Jun 12 2018 18:20:44,2.557,D:\Data\ar30-03009.hex,59.828880000000005,-39.22448,6.89509,2.5810000000000004,34.8714,34.8727,7.4367,59 49.83 N,039 13.28 W,2018-06-12T18:03:09Z,6.1218,6.1217
22,23,3.436529,3.43663,55.262,-0.3333 (avg),9,ar30-03,Jun 12 2018 18:20:51,2.7889999999999997,D:\Data\ar30-03009.hex,59.82886,-39.2245,6.89495,2.8160000000000003,34.8714,34.8727,7.4552,59 49.83 N,039 13.28 W,2018-06-12T18:03:09Z,6.1227,6.1226
23,24,3.436415,3.436604,55.262,-0.3410 (avg),9,ar30-03,Jun 12 2018 18:20:59,3.073,D:\Data\ar30-03009.hex,59.82886,-39.22452,6.895160000000001,3.102,34.8713,34.8726,7.4486,59 49.83 N,039 13.28 W,2018-06-12T18:03:09Z,6.1214,6.1222
0,1,3.26281,3.262895,55.262,-0.6742 (avg),10,ar30-03,Jun 12 2018 20:13:25,998.2739999999999,D:\Data\ar30-03010.hex,59.842969999999994,-39.19984,7.306889999999999,1010.2139999999999,34.8944,34.8952,6.2388,59 50.67 N,039 11.81 W,2018-06-12T19:51:22Z,3.6772,3.6773
1,2,3.265482,3.265517,55.262,-0.8022 (avg),10,ar30-03,Jun 12 2018 20:48:49,901.204,D:\Data\ar30-03010.hex,59.84336,-39.20811,7.29375,911.7689999999999,34.9,34.9007,6.1939,59 50.67 N,039 11.81 W,2018-06-12T19:51:22Z,3.7496,3.7493
2,3,3.272221,3.2722900000000004,55.262,-0.6921 (avg),10,ar30-03,Jun 12 2018 20:52:04,801.4689999999999,D:\Data\ar30-03010.hex,59.84335,-39.209109999999995,7.27245,810.669,34.9067,34.9075,6.1146,59 50.67 N,039 11.81 W,2018-06-12T19:51:22Z,3.8682,3.8682
3,4,3.281044,3.2811169999999996,55.262,-0.7393 (avg),10,ar30-03,Jun 12 2018 20:55:16,701.765,D:\Data\ar30-03010.hex,59.843309999999995,-39.21017,7.24653,709.6489999999999,34.908,34.9087,6.1,59 50.67 N,039 11.81 W,2018-06-12T19:51:22Z,4.0153,4.0154
4,5,3.296664,3.2967370000000003,55.262,-0.6358 (avg),10,ar30-03,Jun 12 2018 20:58:40,601.344,D:\Data\ar30-03010.hex,59.843340000000005,-39.2112,7.2079699999999995,607.952,34.9132,34.9138,6.0311,59 50.67 N,039 11.81 W,2018-06-12T19:51:22Z,4.2349,4.2351
5,6,3.3114559999999997,3.311526,55.262,-0.8416 (avg),10,ar30-03,Jun 12 2018 21:01:52,501.8,D:\Data\ar30-03010.hex,59.84333,-39.212140000000005,7.17092,507.191,34.9136,34.9143,5.988,59 50.67 N,039 11.81 W,2018-06-12T19:51:22Z,4.4493,4.4493
6,7,3.3154790000000003,3.3155699999999997,55.262,-0.7421 (avg),10,ar30-03,Jun 12 2018 21:05:16,401.728,D:\Data\ar30-03010.hex,59.8433,-39.21326,7.153110000000001,405.945,34.9006,34.9015,5.9876,59 50.67 N,039 11.81 W,2018-06-12T19:51:22Z,4.5567,4.5568
7,8,3.31566,3.315743,55.262,-0.4720 (avg),10,ar30-03,Jun 12 2018 21:08:40,301.361,D:\Data\ar30-03010.hex,59.8434,-39.21434,7.141610000000001,304.45,34.8791,34.8801,6.0621,59 50.67 N,039 11.81 W,2018-06-12T19:51:22Z,4.63,4.63
8,9,3.317654,3.3177230000000004,55.262,-0.7404 (avg),10,ar30-03,Jun 12 2018 21:12:06,201.15400000000002,D:\Data\ar30-03010.hex,59.84338,-39.2155,7.12798,203.166,34.869,34.8701,6.1234,59 50.67 N,039 11.81 W,2018-06-12T19:51:22Z,4.7128,4.7125
9,10,3.322539,3.3224690000000003,55.262,-0.7211 (avg),10,ar30-03,Jun 12 2018 21:14:26,150.494,D:\Data\ar30-03010.hex,59.84332,-39.21637,7.1143,151.98,34.8683,34.8691,6.182,59 50.67 N,039 11.81 W,2018-06-12T19:51:22Z,4.7935,4.792
10,11,3.322632,3.3226129999999996,55.262,-0.7520 (avg),10,ar30-03,Jun 12 2018 21:14:39,149.719,D:\Data\ar30-03010.hex,59.84333,-39.21646,7.11408,151.197,34.8686,34.8697,6.1799,59 50.67 N,039 11.81 W,2018-06-12T19:51:22Z,4.7947,4.7935
11,12,3.332962,3.333075,55.262,-1.0273 (avg),10,ar30-03,Jun 12 2018 21:17:03,120.478,D:\Data\ar30-03010.hex,59.84333,-39.21736,7.092289999999999,121.65899999999999,34.8695,34.8706,6.2477,59 50.67 N,039 11.81 W,2018-06-12T19:51:22Z,4.9233,4.9235
12,13,3.3327709999999997,3.332904,55.262,-0.7909 (avg),10,ar30-03,Jun 12 2018 21:17:21,120.00399999999999,D:\Data\ar30-03010.hex,59.843340000000005,-39.217459999999996,7.092560000000001,121.18,34.8692,34.8704,6.2509,59 50.67 N,039 11.81 W,2018-06-12T19:51:22Z,4.9218,4.9221
13,14,3.359293,3.3593699999999997,54.8112,-0.4138 (avg),10,ar30-03,Jun 12 2018 21:19:21,100.134,D:\Data\ar30-03010.hex,59.843340000000005,-39.21817,7.04448,101.11,34.8941,34.895,6.24,59 50.67 N,039 11.81 W,2018-06-12T19:51:22Z,5.2016,5.2015
14,15,3.3598470000000002,3.359892,18.4697, 1.0096 (avg),10,ar30-03,Jun 12 2018 21:19:37,100.79799999999999,D:\Data\ar30-03010.hex,59.843340000000005,-39.21825,7.04368,101.781,34.8955,34.8965,6.2339,59 50.67 N,039 11.81 W,2018-06-12T19:51:22Z,5.206,5.2056
15,16,3.376751,3.375899,55.262,-0.6985 (avg),10,ar30-03,Jun 12 2018 21:21:08,91.488,D:\Data\ar30-03010.hex,59.8433,-39.218740000000004,7.01365,92.37799999999999,34.9108,34.9105,6.2685,59 50.67 N,039 11.81 W,2018-06-12T19:51:22Z,5.3826,5.3735
16,17,3.3767699999999996,3.376643,55.262,-0.7186 (avg),10,ar30-03,Jun 12 2018 21:21:22,90.88,D:\Data\ar30-03010.hex,59.8433,-39.21882,7.01355,91.764,34.9107,34.9116,6.2752,59 50.67 N,039 11.81 W,2018-06-12T19:51:22Z,5.3832,5.3809
17,18,3.387121,3.387204,55.262,-0.7707 (avg),10,ar30-03,Jun 12 2018 21:23:53,80.693,D:\Data\ar30-03010.hex,59.84336,-39.21966,6.99516,81.476,34.9221,34.9234,6.271,59 50.67 N,039 11.81 W,2018-06-12T19:51:22Z,5.4914,5.4912
18,19,3.3828620000000003,3.382933,55.262,-0.7603 (avg),10,ar30-03,Jun 12 2018 21:26:04,59.982,D:\Data\ar30-03010.hex,59.843340000000005,-39.22043,6.99799,60.56100000000001,34.8938,34.8952,6.4567,59 50.67 N,039 11.81 W,2018-06-12T19:51:22Z,5.4823,5.4818
19,20,3.3921410000000005,3.392353,55.262,-0.8069 (avg),10,ar30-03,Jun 12 2018 21:27:39,50.711999999999996,D:\Data\ar30-03010.hex,59.84328000000001,-39.22098,6.98027,51.201,34.8925,34.8939,6.5009,59 50.67 N,039 11.81 W,2018-06-12T19:51:22Z,5.5905,5.5915
20,21,3.4026080000000003,3.402636,55.262,-0.9925 (avg),10,ar30-03,Jun 12 2018 21:29:55,30.13,D:\Data\ar30-03010.hex,59.843340000000005,-39.22181,6.95947,30.419,34.8901,34.8914,6.6091,59 50.67 N,039 11.81 W,2018-06-12T19:51:22Z,5.7184,5.7175
21,22,3.407977,3.4075800000000003,43.4404,-0.0119 (avg),10,ar30-03,Jun 12 2018 21:31:26,24.888,D:\Data\ar30-03010.hex,59.84332,-39.222390000000004,6.94888,25.125999999999998,34.8852,34.8867,6.7242,59 50.67 N,039 11.81 W,2018-06-12T19:51:22Z,5.7848,5.779
22,23,3.421506,3.4217169999999997,55.262,-0.8124 (avg),10,ar30-03,Jun 12 2018 21:33:03,15.079,D:\Data\ar30-03010.hex,59.843340000000005,-39.222970000000004,6.92283,15.222999999999999,34.8747,34.8758,7.0925,59 50.67 N,039 11.81 W,2018-06-12T19:51:22Z,5.9485,5.9498
23,24,3.4357620000000004,3.435749,55.262,-0.9790 (avg),10,ar30-03,Jun 12 2018 21:34:46,3.1,D:\Data\ar30-03010.hex,59.843340000000005,-39.22357,6.8964300000000005,3.1289999999999996,34.8724,34.874,7.261,59 50.67 N,039 11.81 W,2018-06-12T19:51:22Z,6.1132,6.1115
0,1,3.150687,3.1505259999999997,55.262,-1.0769 (avg),11,ar30-03,Jun 13 2018 14:06:36,2945.5370000000003,D:\Data\ar30-03011.hex,59.6594,-38.61354,7.7133899999999995,2994.623,34.8916,34.8877,5.5464,59 39.70 N,038 37.20 W,2018-06-13T13:11:35Z,1.498,1.4997
1,2,3.25052,3.250839,55.262,-1.0946 (avg),11,ar30-03,Jun 13 2018 14:13:43,2700.386,D:\Data\ar30-03011.hex,59.65911,-38.61249,7.479589999999999,2743.797,34.9212,34.9229,5.1887,59 39.70 N,038 37.20 W,2018-06-13T13:11:35Z,2.7182,2.7202
2,3,3.259092,3.259465,55.262,-1.0924 (avg),11,ar30-03,Jun 13 2018 14:19:04,2501.141,D:\Data\ar30-03011.hex,59.6589,-38.611779999999996,7.445860000000001,2540.149,34.9257,34.9286,5.2887,59 39.70 N,038 37.20 W,2018-06-13T13:11:35Z,2.8997,2.9013
3,4,3.264487,3.265422,55.262,-1.1302 (avg),11,ar30-03,Jun 13 2018 14:25:24,2240.758,D:\Data\ar30-03011.hex,59.6586,-38.61088,7.41237,2274.297,34.9193,34.9286,4.6009,59 39.70 N,038 37.20 W,2018-06-13T13:11:35Z,3.0845,3.0862
4,5,3.276964,3.277,55.262,-1.0968 (avg),11,ar30-03,Jun 13 2018 14:34:42,1803.027,D:\Data\ar30-03011.hex,59.65824,-38.609559999999995,7.35173,1828.102,34.9306,34.9309,5.95,59 39.70 N,038 37.20 W,2018-06-13T13:11:35Z,3.4162,3.4164
5,6,3.272786,3.2728509999999997,55.262,-1.0893 (avg),11,ar30-03,Jun 13 2018 14:41:58,1499.819,D:\Data\ar30-03011.hex,59.65794,-38.60845,7.332269999999999,1519.5720000000001,34.9119,34.9126,6.0791,59 39.70 N,038 37.20 W,2018-06-13T13:11:35Z,3.53,3.5301
6,7,3.251027,3.251055,55.262,-0.9738 (avg),11,ar30-03,Jun 13 2018 14:49:09,1200.955,D:\Data\ar30-03011.hex,59.6576,-38.607240000000004,7.34691,1215.897,34.8831,34.8839,6.323,59 39.70 N,038 37.20 W,2018-06-13T13:11:35Z,3.4562,3.4559
7,8,3.2320349999999998,3.232184,55.262,-1.1481 (avg),11,ar30-03,Jun 13 2018 14:54:45,1001.8939999999999,D:\Data\ar30-03011.hex,59.6573,-38.60633,7.36562,1013.8710000000001,34.8646,34.8658,6.5053,59 39.70 N,038 37.20 W,2018-06-13T13:11:35Z,3.3574,3.3579
8,9,3.225546,3.225628,55.262,-1.0488 (avg),11,ar30-03,Jun 13 2018 15:01:14,751.051,D:\Data\ar30-03011.hex,59.65696,-38.605140000000006,7.35694,759.568,34.8697,34.8708,6.5766,59 39.70 N,038 37.20 W,2018-06-13T13:11:35Z,3.4042,3.4041
9,10,3.2236849999999997,3.223776,55.262,-0.8527 (avg),11,ar30-03,Jun 13 2018 15:07:20,507.225,D:\Data\ar30-03011.hex,59.65664,-38.604040000000005,7.33972,512.673,34.8792,34.8805,6.5655,59 39.70 N,038 37.20 W,2018-06-13T13:11:35Z,3.4974,3.4972
10,11,3.233305,3.2333950000000002,55.262,-1.0444 (avg),11,ar30-03,Jun 13 2018 15:14:43,201.09,D:\Data\ar30-03011.hex,59.656180000000006,-38.60238,7.293019999999999,203.09900000000002,34.8833,34.8847,6.6688,59 39.70 N,038 37.20 W,2018-06-13T13:11:35Z,3.7583,3.758
11,12,3.256663,3.2567310000000003,55.262,-0.8488 (avg),11,ar30-03,Jun 13 2018 15:17:22,131.316,D:\Data\ar30-03011.hex,59.6561,-38.60225,7.238169999999999,132.60399999999998,34.8618,34.8636,6.7793,59 39.70 N,038 37.20 W,2018-06-13T13:11:35Z,4.076,4.0751
12,13,3.268583,3.2686830000000002,55.262,-1.0071 (avg),11,ar30-03,Jun 13 2018 15:20:03,90.09700000000001,D:\Data\ar30-03011.hex,59.656119999999994,-38.60228,7.21068,90.97200000000001,34.8568,34.8582,6.8162,59 39.70 N,038 37.20 W,2018-06-13T13:11:35Z,4.2351,4.2349
13,14,3.273148,3.27317,55.262,-1.1594 (avg),11,ar30-03,Jun 13 2018 15:22:32,60.446000000000005,D:\Data\ar30-03011.hex,59.65614,-38.60228,7.1992199999999995,61.028,34.8571,34.8586,6.8308,59 39.70 N,038 37.20 W,2018-06-13T13:11:35Z,4.3011,4.2999
14,15,3.3093190000000003,3.3058739999999998,55.262,-1.1473 (avg),11,ar30-03,Jun 13 2018 15:24:42,30.552,D:\Data\ar30-03011.hex,59.65614,-38.6023,7.125139999999999,30.844,34.8365,34.8402,6.9263,59 39.70 N,038 37.20 W,2018-06-13T13:11:35Z,4.7387,4.6968
15,16,3.346349,3.3462730000000005,55.262,-1.1961 (avg),11,ar30-03,Jun 13 2018 15:26:40,15.659,D:\Data\ar30-03011.hex,59.65614,-38.60228,7.05346,15.808,34.826,34.8261,7.1088,59 39.70 N,038 37.20 W,2018-06-13T13:11:35Z,5.167,5.166
16,17,3.369328,3.3692910000000005,55.262,-1.1409 (avg),11,ar30-03,Jun 13 2018 15:28:49,5.564,D:\Data\ar30-03011.hex,59.65614,-38.6023,7.00978,5.617000000000001,34.8203,34.8219,7.1251,59 39.70 N,038 37.20 W,2018-06-13T13:11:35Z,5.4316,5.4297
0,1,3.147967,3.145421,55.262,-0.9550 (avg),12,ar30-03,Jun 13 2018 17:52:57,2897.66,D:\Data\ar30-03012.hex,59.680409999999995,-38.94144,7.7195100000000005,2945.6209999999996,34.9239,34.8901,4.7111,59 40.85 N,038 56.40 W,2018-06-13T17:00:29Z,1.4579,1.46
1,2,3.227011,3.227694,55.262,-1.1067 (avg),12,ar30-03,Jun 13 2018 17:58:27,2698.0170000000003,D:\Data\ar30-03012.hex,59.68038000000001,-38.94155,7.5266399999999996,2741.3790000000004,34.9011,34.9074,5.2613,59 40.85 N,038 56.40 W,2018-06-13T17:00:29Z,2.4712,2.473
2,3,3.2563310000000003,3.25786,55.262,-1.1310 (avg),12,ar30-03,Jun 13 2018 18:03:42,2499.11,D:\Data\ar30-03012.hex,59.6804,-38.94155,7.449610000000001,2538.078,34.9109,34.9277,4.5699,59 40.85 N,038 56.40 W,2018-06-13T17:00:29Z,2.8835,2.8849
3,4,3.266669,3.266707,55.262,-1.1200 (avg),12,ar30-03,Jun 13 2018 18:09:50,2249.29,D:\Data\ar30-03012.hex,59.68038000000001,-38.941559999999996,7.40946,2283.007,34.9265,34.9262,5.9773,59 40.85 N,038 56.40 W,2018-06-13T17:00:29Z,3.0984,3.099
4,5,3.284653,3.2846900000000003,55.262,-1.1630 (avg),12,ar30-03,Jun 13 2018 18:20:05,1800.7079999999999,D:\Data\ar30-03012.hex,59.680369999999996,-38.941559999999996,7.33555,1825.745,34.9267,34.9269,5.9698,59 40.85 N,038 56.40 W,2018-06-13T17:00:29Z,3.5075,3.5077
5,6,3.249796,3.249878,55.262,-1.0745 (avg),12,ar30-03,Jun 13 2018 18:26:36,1501.895,D:\Data\ar30-03012.hex,59.68036,-38.941559999999996,7.37286,1521.6860000000001,34.861,34.8617,6.4999,59 40.85 N,038 56.40 W,2018-06-13T17:00:29Z,3.3183,3.3185
6,7,3.234609,3.2346790000000003,55.262,-1.1327 (avg),12,ar30-03,Jun 13 2018 18:33:34,1202.258,D:\Data\ar30-03012.hex,59.68038000000001,-38.941559999999996,7.37723,1217.221,34.8571,34.858,6.5551,59 40.85 N,038 56.40 W,2018-06-13T17:00:29Z,3.2952,3.2951
7,8,3.2259759999999997,3.226034,55.262,-1.1418 (avg),12,ar30-03,Jun 13 2018 18:38:22,1003.164,D:\Data\ar30-03012.hex,59.68036,-38.941559999999996,7.3771,1015.1619999999999,34.8564,34.8574,6.5798,59 40.85 N,038 56.40 W,2018-06-13T17:00:29Z,3.2961,3.2958
8,9,3.224335,3.2244,55.262,-1.1423 (avg),12,ar30-03,Jun 13 2018 18:44:35,750.675,D:\Data\ar30-03012.hex,59.68038000000001,-38.94155,7.35923,759.188,34.8686,34.8698,6.5884,59 40.85 N,038 56.40 W,2018-06-13T17:00:29Z,3.3917,3.3914
9,10,3.2197400000000003,3.219804,55.262,-1.1699 (avg),12,ar30-03,Jun 13 2018 18:50:43,500.064,D:\Data\ar30-03012.hex,59.68038000000001,-38.94154,7.3464100000000006,505.42699999999996,34.8739,34.8752,6.612,59 40.85 N,038 56.40 W,2018-06-13T17:00:29Z,3.4616,3.4611
10,11,3.258738,3.258691,55.262,-1.0452 (avg),12,ar30-03,Jun 13 2018 18:57:29,199.611,D:\Data\ar30-03012.hex,59.68036,-38.941559999999996,7.244910000000001,201.604,34.9018,34.9031,6.3806,59 40.85 N,038 56.40 W,2018-06-13T17:00:29Z,4.0263,4.0246
11,12,3.2899629999999997,3.290064,55.262,-1.0783 (avg),12,ar30-03,Jun 13 2018 19:02:24,60.168,D:\Data\ar30-03012.hex,59.68038000000001,-38.94155,7.169969999999999,60.748000000000005,34.8841,34.8856,6.7358,59 40.85 N,038 56.40 W,2018-06-13T17:00:29Z,4.463,4.4627
12,13,3.345915,3.3457190000000003,55.262,-1.0278 (avg),12,ar30-03,Jun 13 2018 19:05:27,5.3,D:\Data\ar30-03012.hex,59.68038000000001,-38.941559999999996,7.05675,5.351,34.8559,34.8571,7.0665,59 40.85 N,038 56.40 W,2018-06-13T17:00:29Z,5.1388,5.1356
0,1,3.282096,3.28245,55.262,-0.1440 (avg),13,ar30-03,Jun 14 2018 20:22:42,132.22299999999998,D:\Data\ar30-03013.hex,59.78037,-39.82802,7.19187,133.523,34.8874,34.8896,6.7021,59 46.82 N,039 49.61 W,2018-06-14T20:15:22Z,4.3351,4.337
1,2,3.2907889999999997,3.290834,55.262,-0.2772 (avg),13,ar30-03,Jun 14 2018 20:25:02,90.29899999999999,D:\Data\ar30-03013.hex,59.7804,-39.82841,7.17166,91.177,34.8893,34.8911,6.697,59 46.82 N,039 49.61 W,2018-06-14T20:15:22Z,4.4518,4.4505
2,3,3.325044,3.324918,55.262,-0.1871 (avg),13,ar30-03,Jun 14 2018 20:27:25,60.328,D:\Data\ar30-03013.hex,59.780440000000006,-39.82886,7.10305,60.91,34.8797,34.8814,6.7199,59 46.82 N,039 49.61 W,2018-06-14T20:15:22Z,4.8567,4.8537
3,4,3.371925,3.37186,55.262,-0.4000 (avg),13,ar30-03,Jun 14 2018 20:29:45,30.27,D:\Data\ar30-03013.hex,59.78046,-39.8291,7.01121,30.56,34.8566,34.8578,7.0179,59 46.82 N,039 49.61 W,2018-06-14T20:15:22Z,5.4127,5.4108
4,5,3.382757,3.382882,55.262,-0.5451 (avg),13,ar30-03,Jun 14 2018 20:31:31,15.492,D:\Data\ar30-03013.hex,59.780480000000004,-39.82918,6.98993,15.64,34.8535,34.8548,7.1627,59 46.82 N,039 49.61 W,2018-06-14T20:15:22Z,5.5427,5.5428
5,6,3.426368,3.4267300000000005,55.262,-0.6414 (avg),13,ar30-03,Jun 14 2018 20:33:07,2.365,D:\Data\ar30-03013.hex,59.78046,-39.829240000000006,6.909660000000001,2.388,34.8428,34.8444,7.0337,59 46.82 N,039 49.61 W,2018-06-14T20:15:22Z,6.0393,6.0418
0,1,3.131552,3.131589,55.262,-0.9385 (avg),14,ar30-03,Jun 15 2018 16:43:26,2749.656,D:\Data\ar30-03014.hex,59.74695,-39.58566,7.73867,2794.205,34.8855,34.8853,6.5237,59 44.59 N,039 35.05 W,2018-06-15T15:52:39Z,1.3707,1.3713
1,2,3.161104,3.161088,55.262,-0.9840 (avg),14,ar30-03,Jun 15 2018 16:46:17,2699.474,D:\Data\ar30-03014.hex,59.74756,-39.5859,7.668069999999999,2742.884,34.8854,34.8848,6.4635,59 44.59 N,039 35.05 W,2018-06-15T15:52:39Z,1.7326,1.7331
2,3,3.2141599999999997,3.2141740000000003,55.262,-0.9321 (avg),14,ar30-03,Jun 15 2018 16:51:34,2500.955,D:\Data\ar30-03014.hex,59.747980000000005,-39.58618,7.537310000000001,2539.9770000000003,34.8994,34.8988,6.258,59 44.59 N,039 35.05 W,2018-06-15T15:52:39Z,2.4147,2.4155
3,4,3.254021,3.254084,55.262,-0.9950 (avg),14,ar30-03,Jun 15 2018 16:58:47,2246.966,D:\Data\ar30-03014.hex,59.74756,-39.58628,7.43375,2280.647,34.913,34.9129,6.0878,59 44.59 N,039 35.05 W,2018-06-15T15:52:39Z,2.9692,2.97
4,5,3.282539,3.2825949999999997,55.262,-1.0693 (avg),14,ar30-03,Jun 15 2018 17:34:07,1800.783,D:\Data\ar30-03014.hex,59.75225,-39.58702,7.33971,1825.8310000000001,34.9258,34.9261,5.9672,59 44.59 N,039 35.05 W,2018-06-15T15:52:39Z,3.4845,3.4849
5,6,3.267357,3.267445,55.262,-1.0681 (avg),14,ar30-03,Jun 15 2018 17:40:44,1499.68,D:\Data\ar30-03014.hex,59.75224,-39.58717,7.34064,1519.442,34.8907,34.8915,6.2495,59 44.59 N,039 35.05 W,2018-06-15T15:52:39Z,3.4891,3.4893
6,7,3.2417119999999997,3.2418009999999997,55.262,-1.0452 (avg),14,ar30-03,Jun 15 2018 17:47:25,1200.356,D:\Data\ar30-03014.hex,59.75224,-39.58724,7.363569999999999,1215.297,34.8651,34.866,6.4753,59 44.59 N,039 35.05 W,2018-06-15T15:52:39Z,3.3686,3.3688
7,8,3.2356540000000003,3.23575,55.262,-1.0764 (avg),14,ar30-03,Jun 15 2018 17:52:24,1000.3,D:\Data\ar30-03014.hex,59.7522,-39.58736,7.358560000000001,1012.262,34.8681,34.8692,6.5245,59 44.59 N,039 35.05 W,2018-06-15T15:52:39Z,3.3956,3.3957
8,9,3.2326580000000003,3.232754,55.262,-1.0546 (avg),14,ar30-03,Jun 15 2018 17:58:36,752.225,D:\Data\ar30-03014.hex,59.752140000000004,-39.58761,7.343610000000001,760.763,34.8777,34.879,6.5292,59 44.59 N,039 35.05 W,2018-06-15T15:52:39Z,3.4761,3.476
9,10,3.2314529999999997,3.231537,55.262,-1.0422 (avg),14,ar30-03,Jun 15 2018 18:04:25,500.444,D:\Data\ar30-03014.hex,59.752019999999995,-39.587959999999995,7.324380000000001,505.815,34.8867,34.8881,6.542,59 44.59 N,039 35.05 W,2018-06-15T15:52:39Z,3.5811,3.5807
10,11,3.255486,3.2555330000000002,55.262,-1.0585 (avg),14,ar30-03,Jun 15 2018 18:11:14,203.68900000000002,D:\Data\ar30-03014.hex,59.751819999999995,-39.588409999999996,7.25117,205.727,34.8978,34.8995,6.4962,59 44.59 N,039 35.05 W,2018-06-15T15:52:39Z,3.9916,3.9906
11,12,3.2826120000000003,3.282745,55.262,-0.9589 (avg),14,ar30-03,Jun 15 2018 18:14:07,128.842,D:\Data\ar30-03014.hex,59.751740000000005,-39.58858,7.19073,130.107,34.8888,34.8903,6.7064,59 44.59 N,039 35.05 W,2018-06-15T15:52:39Z,4.3413,4.3414
12,13,3.3008889999999997,3.300997,55.262,-1.0452 (avg),14,ar30-03,Jun 15 2018 18:16:26,89.62899999999999,D:\Data\ar30-03014.hex,59.7517,-39.58868,7.152939999999999,90.5,34.8946,34.896,6.6689,59 44.59 N,039 35.05 W,2018-06-15T15:52:39Z,4.5594,4.5592
13,14,3.323764,3.323829,55.262,-1.0328 (avg),14,ar30-03,Jun 15 2018 18:19:07,59.11,D:\Data\ar30-03014.hex,59.7516,-39.58887,7.10579,59.68,34.8836,34.8852,6.734,59 44.59 N,039 35.05 W,2018-06-15T15:52:39Z,4.8394,4.8386
14,15,3.360467,3.3606519999999995,55.262,-1.0494 (avg),14,ar30-03,Jun 15 2018 18:21:03,29.55,D:\Data\ar30-03014.hex,59.751569999999994,-39.589,7.0324,29.831999999999997,34.8593,34.8605,7.0419,59 44.59 N,039 35.05 W,2018-06-15T15:52:39Z,5.284,5.2849
15,16,3.3730870000000004,3.373147,55.262,-1.0521 (avg),14,ar30-03,Jun 15 2018 18:22:49,14.982999999999999,D:\Data\ar30-03014.hex,59.75151999999999,-39.58909,7.00765,15.126,34.8553,34.8566,7.1844,59 44.59 N,039 35.05 W,2018-06-15T15:52:39Z,5.4346,5.4339
16,17,3.411978,3.412177,55.262,-1.0436 (avg),14,ar30-03,Jun 15 2018 18:24:39,5.031000000000001,D:\Data\ar30-03014.hex,59.751419999999996,-39.589240000000004,6.93547,5.078,34.8434,34.8455,7.1238,59 44.59 N,039 35.05 W,2018-06-15T15:52:39Z,5.8794,5.8795
0,1,3.1368970000000003,3.136935,55.262,-0.9887 (avg),15,ar30-03,Jun 16 2018 14:48:08,2798.825,D:\Data\ar30-03015.hex,59.7181,-39.33948,7.731160000000001,2844.494,34.8874,34.8869,6.5029,59 43.05 N,039 20.31 W,2018-06-16T13:54:45Z,1.4084,1.4093
1,2,3.264193,3.26421,55.262,-0.9909 (avg),15,ar30-03,Jun 16 2018 15:00:18,2199.061,D:\Data\ar30-03015.hex,59.71779,-39.33895,7.409889999999999,2231.765,34.9224,34.9222,6.0148,59 43.05 N,039 20.31 W,2018-06-16T13:54:45Z,3.0972,3.0976
2,3,3.283918,3.284014,55.262,-0.9862 (avg),15,ar30-03,Jun 16 2018 15:24:28,1797.0829999999999,D:\Data\ar30-03015.hex,59.71676,-39.33744,7.33634,1822.059,34.9235,34.9239,5.9762,59 43.05 N,039 20.31 W,2018-06-16T13:54:45Z,3.504,3.5046
3,4,3.251983,3.2520569999999998,55.262,-1.0256 (avg),15,ar30-03,Jun 16 2018 15:31:19,1500.931,D:\Data\ar30-03015.hex,59.71641999999999,-39.3369,7.36885,1520.71,34.8654,34.8661,6.4495,59 43.05 N,039 20.31 W,2018-06-16T13:54:45Z,3.3392,3.3394
4,5,3.2265330000000003,3.226593,55.262,-0.9917 (avg),15,ar30-03,Jun 16 2018 15:41:36,1001.847,D:\Data\ar30-03015.hex,59.71584,-39.33596,7.37599,1013.828,34.8577,34.8588,6.5647,59 43.05 N,039 20.31 W,2018-06-16T13:54:45Z,3.3018,3.3014
5,6,3.223921,3.224004,55.262,-1.0005 (avg),15,ar30-03,Jun 16 2018 15:47:52,754.465,D:\Data\ar30-03015.hex,59.71546,-39.33542,7.360339999999999,763.0310000000001,34.868,34.8693,6.5877,59 43.05 N,039 20.31 W,2018-06-16T13:54:45Z,3.3858,3.3855
6,7,3.2215380000000002,3.2216419999999997,55.262,-1.0436 (avg),15,ar30-03,Jun 16 2018 15:56:14,352.69800000000004,D:\Data\ar30-03015.hex,59.71532,-39.335159999999995,7.32982,356.35400000000004,34.8784,34.88,6.6191,59 43.05 N,039 20.31 W,2018-06-16T13:54:45Z,3.5529,3.5526
7,8,3.2513259999999997,3.2513900000000002,55.262,-1.0228 (avg),15,ar30-03,Jun 16 2018 16:01:36,180.297,D:\Data\ar30-03015.hex,59.715419999999995,-39.33535,7.256639999999999,182.08900000000003,34.8928,34.8942,6.5387,59 43.05 N,039 20.31 W,2018-06-16T13:54:45Z,3.9619,3.9613
8,9,3.260691,3.260797,55.262,-1.0361 (avg),15,ar30-03,Jun 16 2018 16:04:17,129.763,D:\Data\ar30-03015.hex,59.71546,-39.3354,7.2322,131.037,34.8794,34.881,6.753,59 43.05 N,039 20.31 W,2018-06-16T13:54:45Z,4.1052,4.1049
9,10,3.260539,3.260642,55.262,-1.0361 (avg),15,ar30-03,Jun 16 2018 16:04:30,130.69299999999998,D:\Data\ar30-03015.hex,59.71546,-39.335390000000004,7.23261,131.976,34.8796,34.8812,6.7613,59 43.05 N,039 20.31 W,2018-06-16T13:54:45Z,4.1028,4.1025
10,11,3.2753639999999997,3.275389,55.262,-1.0206 (avg),15,ar30-03,Jun 16 2018 16:06:45,90.844,D:\Data\ar30-03015.hex,59.71548000000001,-39.33543,7.20056,91.727,34.8823,34.8838,6.7652,59 43.05 N,039 20.31 W,2018-06-16T13:54:45Z,4.2863,4.2852
11,12,3.275402,3.275451,55.262,-1.0206 (avg),15,ar30-03,Jun 16 2018 16:06:54,90.48299999999999,D:\Data\ar30-03015.hex,59.71549,-39.335440000000006,7.2004600000000005,91.36200000000001,34.8823,34.8838,6.7666,59 43.05 N,039 20.31 W,2018-06-16T13:54:45Z,4.2869,4.286
12,13,3.279953,3.2801699999999996,55.262,-1.0159 (avg),15,ar30-03,Jun 16 2018 16:09:04,60.065,D:\Data\ar30-03015.hex,59.715559999999996,-39.33552,7.1886399999999995,60.644,34.8795,34.8813,6.727,59 43.05 N,039 20.31 W,2018-06-16T13:54:45Z,4.356,4.3567
13,14,3.280269,3.2806019999999996,55.262,-1.0298 (avg),15,ar30-03,Jun 16 2018 16:09:14,60.085,D:\Data\ar30-03015.hex,59.715559999999996,-39.33554,7.188060000000001,60.663999999999994,34.8797,34.8814,6.7223,59 43.05 N,039 20.31 W,2018-06-16T13:54:45Z,4.3593,4.3614
14,15,3.290951,3.291082,55.262,-1.0181 (avg),15,ar30-03,Jun 16 2018 16:10:40,50.035,D:\Data\ar30-03015.hex,59.71558,-39.33562,7.167389999999999,50.516000000000005,34.8858,34.8875,6.6082,59 43.05 N,039 20.31 W,2018-06-16T13:54:45Z,4.4776,4.4775
15,16,3.332359,3.332382,55.262,-0.8965 (avg),15,ar30-03,Jun 16 2018 16:13:13,30.36,D:\Data\ar30-03015.hex,59.715619999999994,-39.33566,7.082110000000001,30.651,34.8385,34.8393,7.1203,59 43.05 N,039 20.31 W,2018-06-16T13:54:45Z,4.9925,4.992
16,17,3.3323910000000003,3.33245,55.262,-0.8651 (avg),15,ar30-03,Jun 16 2018 16:13:24,30.429000000000002,D:\Data\ar30-03015.hex,59.715619999999994,-39.33566,7.08206,30.72,34.8385,34.84,7.1247,59 43.05 N,039 20.31 W,2018-06-16T13:54:45Z,4.9928,4.992
17,18,3.332422,3.332478,55.262,-0.9004 (avg),15,ar30-03,Jun 16 2018 16:13:35,31.133000000000003,D:\Data\ar30-03015.hex,59.715619999999994,-39.33566,7.0821,31.430999999999997,34.8389,34.8402,7.1258,59 43.05 N,039 20.31 W,2018-06-16T13:54:45Z,4.9924,4.9918
18,19,3.339147,3.339061,55.262,-0.9302 (avg),15,ar30-03,Jun 16 2018 16:15:08,20.222,D:\Data\ar30-03015.hex,59.715619999999994,-39.33566,7.06843,20.415,34.8369,34.8383,7.2016,59 43.05 N,039 20.31 W,2018-06-16T13:54:45Z,5.0744,5.0722
19,20,3.338976,3.33874,55.262,-0.8853 (avg),15,ar30-03,Jun 16 2018 16:15:18,20.648000000000003,D:\Data\ar30-03015.hex,59.715619999999994,-39.33566,7.06882,20.845,34.8372,34.839,7.2064,59 43.05 N,039 20.31 W,2018-06-16T13:54:45Z,5.072,5.0677
20,21,3.4259,3.426346,55.262,-0.8770 (avg),15,ar30-03,Jun 16 2018 16:17:18,4.579,D:\Data\ar30-03015.hex,59.715619999999994,-39.33566,6.910639999999999,4.622,34.8426,34.8436,7.345,59 43.05 N,039 20.31 W,2018-06-16T13:54:45Z,6.0332,6.0371
21,22,3.426099,3.4270519999999998,55.262,-0.9059 (avg),15,ar30-03,Jun 16 2018 16:17:28,4.577,D:\Data\ar30-03015.hex,59.715619999999994,-39.33566,6.91032,4.621,34.8429,34.8439,7.3421,59 43.05 N,039 20.31 W,2018-06-16T13:54:45Z,6.0351,6.0446
0,1,3.1737029999999997,3.173811,55.262,-0.9638 (avg),16,ar30-03,Jun 17 2018 12:41:37,2043.2579999999998,D:\Data\ar30-03016.hex,59.87856,-41.138490000000004,7.583289999999999,2072.901,34.8881,34.8883,6.3589,59 52.71 N,041 08.31 W,2018-06-17T12:01:00Z,2.1743,2.1754
1,2,3.198371,3.19837,55.262,-0.9928 (avg),16,ar30-03,Jun 17 2018 12:46:12,1898.756,D:\Data\ar30-03016.hex,59.87856,-41.138490000000004,7.51975,1925.638,34.905,34.905,6.1948,59 52.71 N,041 08.31 W,2018-06-17T12:01:00Z,2.5069,2.5069
2,3,3.235959,3.235963,55.262,-1.0168 (avg),16,ar30-03,Jun 17 2018 12:50:31,1749.711,D:\Data\ar30-03016.hex,59.87858000000001,-41.13848,7.43048,1773.85,34.9257,34.9259,6.0035,59 52.71 N,041 08.31 W,2018-06-17T12:01:00Z,2.9835,2.9834
3,4,3.2566900000000003,3.256756,55.262,-1.0030 (avg),16,ar30-03,Jun 17 2018 12:56:37,1500.5870000000002,D:\Data\ar30-03016.hex,59.87856,-41.138490000000004,7.3654399999999995,1520.38,34.9168,34.9172,6.0483,59 52.71 N,041 08.31 W,2018-06-17T12:01:00Z,3.3439,3.3443
4,5,3.256316,3.256384,55.262,-1.0159 (avg),16,ar30-03,Jun 17 2018 13:02:38,1250.507,D:\Data\ar30-03016.hex,59.87856,-41.13848,7.34202,1266.239,34.8955,34.8962,6.2061,59 52.71 N,041 08.31 W,2018-06-17T12:01:00Z,3.4801,3.4801
5,6,3.240752,3.240848,55.262,-1.0165 (avg),16,ar30-03,Jun 17 2018 13:08:47,1001.925,D:\Data\ar30-03016.hex,59.87858000000001,-41.138459999999995,7.349239999999999,1013.921,34.8752,34.8763,6.4709,59 52.71 N,041 08.31 W,2018-06-17T12:01:00Z,3.4455,3.4455
6,7,3.2442349999999998,3.2443020000000002,55.262,-1.0173 (avg),16,ar30-03,Jun 17 2018 13:15:19,752.779,D:\Data\ar30-03016.hex,59.87858000000001,-41.138459999999995,7.32143,761.332,34.8865,34.8877,6.5154,59 52.71 N,041 08.31 W,2018-06-17T12:01:00Z,3.5976,3.5972
7,8,3.2635959999999997,3.263712,55.262,-0.9912 (avg),16,ar30-03,Jun 17 2018 13:22:08,499.82,D:\Data\ar30-03016.hex,59.87858000000001,-41.138459999999995,7.26133,505.18800000000005,34.8939,34.8952,6.4988,59 52.71 N,041 08.31 W,2018-06-17T12:01:00Z,3.9349,3.935
8,9,3.338821,3.338932,55.262,-0.9125 (avg),16,ar30-03,Jun 17 2018 13:29:39,203.52900000000002,D:\Data\ar30-03016.hex,59.87858000000001,-41.13847,7.0938,205.567,34.9164,34.9177,6.3184,59 52.71 N,041 08.31 W,2018-06-17T12:01:00Z,4.9011,4.9011
9,10,3.382829,3.3828699999999996,55.262,-0.7062 (avg),16,ar30-03,Jun 17 2018 13:33:07,100.96700000000001,D:\Data\ar30-03016.hex,59.87858000000001,-41.138459999999995,7.00465,101.95200000000001,34.9222,34.9236,6.5348,59 52.71 N,041 08.31 W,2018-06-17T12:01:00Z,5.4339,5.433
10,11,3.3889080000000003,3.389188,55.262,-0.6767 (avg),16,ar30-03,Jun 17 2018 13:35:49,74.565,D:\Data\ar30-03016.hex,59.87858000000001,-41.138459999999995,6.990710000000001,75.288,34.9158,34.9174,6.5729,59 52.71 N,041 08.31 W,2018-06-17T12:01:00Z,5.5203,5.5219
11,12,3.3882230000000004,3.38818,55.262,-0.7214 (avg),16,ar30-03,Jun 17 2018 13:38:54,49.023,D:\Data\ar30-03016.hex,59.87856,-41.13845,6.9855100000000006,49.495,34.8772,34.8789,6.6564,59 52.71 N,041 08.31 W,2018-06-17T12:01:00Z,5.5629,5.5608
12,13,3.416004,3.417814,55.262,-0.7837 (avg),16,ar30-03,Jun 17 2018 13:40:41,29.679000000000002,D:\Data\ar30-03016.hex,59.878569999999996,-41.13847,6.92935,29.963,34.8345,34.8347,6.9831,59 52.71 N,041 08.31 W,2018-06-17T12:01:00Z,5.9196,5.9393
13,14,3.441179,3.441128,55.262,-0.8576 (avg),16,ar30-03,Jun 17 2018 13:42:19,14.253,D:\Data\ar30-03016.hex,59.87858000000001,-41.13847,6.88022,14.389000000000001,34.8033,34.8047,7.4279,59 52.71 N,041 08.31 W,2018-06-17T12:01:00Z,6.2341,6.2322
14,15,3.4515309999999997,3.450851,55.262,-0.9062 (avg),16,ar30-03,Jun 17 2018 13:43:48,3.8939999999999997,D:\Data\ar30-03016.hex,59.87856,-41.13848,6.85885,3.931,34.781,34.7843,7.7211,59 52.71 N,041 08.31 W,2018-06-17T12:01:00Z,6.3747,6.364
0,1,3.132114,3.132175,55.262,-1.0077 (avg),17,ar30-03,Jun 18 2018 13:52:33,2453.433,D:\Data\ar30-03017.hex,59.848380000000006,-40.708259999999996,7.71121,2491.453,34.8861,34.886,6.454,59 51.17 N,040 42.29 W,2018-06-18T13:04:33Z,1.5106,1.5114
1,2,3.186832,3.186866,55.262,-1.0397 (avg),17,ar30-03,Jun 18 2018 14:00:24,2202.25,D:\Data\ar30-03017.hex,59.8477,-40.70984,7.5699,2235.041,34.8961,34.8959,6.2674,59 51.17 N,040 42.29 W,2018-06-18T13:04:33Z,2.2428,2.2434
2,3,3.236882,3.2368580000000002,55.262,-1.0079 (avg),17,ar30-03,Jun 18 2018 14:05:56,2004.9129999999998,D:\Data\ar30-03017.hex,59.847609999999996,-40.710029999999996,7.45022,2033.809,34.9236,34.9236,5.99,59 51.17 N,040 42.29 W,2018-06-18T13:04:33Z,2.8766,2.8763
3,4,3.273367,3.2734389999999998,55.262,-1.0240 (avg),17,ar30-03,Jun 18 2018 14:16:32,1500.039,D:\Data\ar30-03017.hex,59.84741999999999,-40.71038,7.331160000000001,1519.819,34.9123,34.9129,6.0237,59 51.17 N,040 42.29 W,2018-06-18T13:04:33Z,3.536,3.5363
4,5,3.237861,3.237977,55.262,-0.9840 (avg),17,ar30-03,Jun 18 2018 14:22:55,1250.425,D:\Data\ar30-03017.hex,59.846430000000005,-40.71268,7.374860000000001,1266.152,34.8573,34.8582,6.4844,59 51.17 N,040 42.29 W,2018-06-18T13:04:33Z,3.3082,3.3087
5,6,3.2346790000000003,3.234761,55.262,-1.0646 (avg),17,ar30-03,Jun 18 2018 14:28:48,1001.498,D:\Data\ar30-03017.hex,59.84584,-40.71394,7.36039,1013.485,34.866,34.8671,6.4901,59 51.17 N,040 42.29 W,2018-06-18T13:04:33Z,3.386,3.3859
6,7,3.238501,3.238546,55.262,-1.0521 (avg),17,ar30-03,Jun 18 2018 14:35:38,752.461,D:\Data\ar30-03017.hex,59.8459,-40.713840000000005,7.33259,761.008,34.8837,34.885,6.4335,59 51.17 N,040 42.29 W,2018-06-18T13:04:33Z,3.536,3.5354
7,8,3.241037,3.241264,55.262,-1.0176 (avg),17,ar30-03,Jun 18 2018 14:42:04,500.782,D:\Data\ar30-03017.hex,59.84551999999999,-40.71468,7.3056,506.161,34.8897,34.8912,6.4566,59 51.17 N,040 42.29 W,2018-06-18T13:04:33Z,3.6857,3.6868
8,9,3.290814,3.2907940000000004,55.262,-0.9616 (avg),17,ar30-03,Jun 18 2018 14:48:49,203.332,D:\Data\ar30-03017.hex,59.84502,-40.7159,7.18151,205.36700000000002,34.8883,34.8897,6.6089,59 51.17 N,040 42.29 W,2018-06-18T13:04:33Z,4.3948,4.3933
9,10,3.3423339999999997,3.341969,55.262,-0.6560 (avg),17,ar30-03,Jun 18 2018 14:53:43,100.649,D:\Data\ar30-03017.hex,59.844319999999996,-40.71748,7.07786,101.63,34.9115,34.9127,6.3079,59 51.17 N,040 42.29 W,2018-06-18T13:04:33Z,4.9972,4.9921
10,11,3.357104,3.3568550000000004,55.262,-0.9054 (avg),17,ar30-03,Jun 18 2018 14:56:33,75.248,D:\Data\ar30-03017.hex,59.843830000000004,-40.71856,7.04833,75.977,34.9114,34.9132,6.393,59 51.17 N,040 42.29 W,2018-06-18T13:04:33Z,5.1736,5.1691
11,12,3.3758879999999998,3.3760589999999997,55.262,-0.8196 (avg),17,ar30-03,Jun 18 2018 14:59:00,49.056999999999995,D:\Data\ar30-03017.hex,59.843419999999995,-40.71954,7.01167,49.53,34.9111,34.9125,6.4765,59 51.17 N,040 42.29 W,2018-06-18T13:04:33Z,5.3945,5.395
12,13,3.3933089999999995,3.393522,55.262,-0.5785 (avg),17,ar30-03,Jun 18 2018 15:01:10,29.103,D:\Data\ar30-03017.hex,59.84304,-40.720420000000004,6.9772,29.381999999999998,34.9,34.9015,6.5744,59 51.17 N,040 42.29 W,2018-06-18T13:04:33Z,5.6071,5.6081
13,14,3.405294,3.405796,55.262,-0.9167 (avg),17,ar30-03,Jun 18 2018 15:03:06,14.629000000000001,D:\Data\ar30-03017.hex,59.84271999999999,-40.7211,6.95193,14.767999999999999,34.8771,34.8796,6.8869,59 51.17 N,040 42.29 W,2018-06-18T13:04:33Z,5.7684,5.7715
14,15,3.471655,3.471859,55.262,-0.9834 (avg),17,ar30-03,Jun 18 2018 15:05:05,4.86,D:\Data\ar30-03017.hex,59.84251999999999,-40.72157,6.83415,4.906000000000001,34.8729,34.8742,7.2049,59 51.17 N,040 42.29 W,2018-06-18T13:04:33Z,6.5044,6.5054
0,1,3.147133,3.147189,55.262,-1.0477 (avg),18,ar30-03,Jun 18 2018 16:50:04,2285.345,D:\Data\ar30-03018.hex,59.88114,-40.898959999999995,7.662730000000001,2319.839,34.8862,34.8862,6.4062,59 52.87 N,040 53.94 W,2018-06-18T16:05:20Z,1.76,1.7607
1,2,3.164185,3.164245,55.262,-1.0596 (avg),18,ar30-03,Jun 18 2018 16:54:14,2199.045,D:\Data\ar30-03018.hex,59.88114,-40.898959999999995,7.61837,2231.778,34.8927,34.8927,6.3366,59 52.87 N,040 53.94 W,2018-06-18T16:05:20Z,1.9889,1.9896
2,3,3.209109,3.209157,55.262,-1.0552 (avg),18,ar30-03,Jun 18 2018 17:00:05,1999.599,D:\Data\ar30-03018.hex,59.88114,-40.89898,7.50497,2028.398,34.8984,34.8985,6.1997,59 52.87 N,040 53.94 W,2018-06-18T16:05:20Z,2.5879,2.5884
3,4,3.263415,3.26347,55.262,-1.0563 (avg),18,ar30-03,Jun 18 2018 17:11:12,1501.51,D:\Data\ar30-03018.hex,59.88114,-40.898959999999995,7.351560000000001,1521.319,34.914,34.9147,6.0303,59 52.87 N,040 53.94 W,2018-06-18T16:05:20Z,3.4218,3.4218
4,5,3.252313,3.252415,55.262,-0.9528 (avg),18,ar30-03,Jun 18 2018 17:17:24,1251.74,D:\Data\ar30-03018.hex,59.88114,-40.898990000000005,7.34859,1267.491,34.8819,34.883,6.2665,59 52.87 N,040 53.94 W,2018-06-18T16:05:20Z,3.4472,3.4474
5,6,3.2444189999999997,3.244491,55.262,-1.0993 (avg),18,ar30-03,Jun 18 2018 17:23:32,1002.441,D:\Data\ar30-03018.hex,59.88114,-40.89902,7.3422,1014.444,34.8779,34.8792,6.4185,59 52.87 N,040 53.94 W,2018-06-18T16:05:20Z,3.484,3.4836
6,7,3.249547,3.2496259999999997,55.262,-1.0932 (avg),18,ar30-03,Jun 18 2018 17:30:53,753.913,D:\Data\ar30-03018.hex,59.88114,-40.89898,7.311610000000001,762.482,34.8925,34.8938,6.3999,59 52.87 N,040 53.94 W,2018-06-18T16:05:20Z,3.6511,3.6508
7,8,3.2675650000000003,3.2676580000000004,55.262,-1.0389 (avg),18,ar30-03,Jun 18 2018 17:37:56,500.353,D:\Data\ar30-03018.hex,59.88114,-40.89898,7.25511,505.728,34.907,34.9084,6.2561,59 52.87 N,040 53.94 W,2018-06-18T16:05:20Z,3.9666,3.9663
8,9,3.341706,3.34176,55.262,-0.8734 (avg),18,ar30-03,Jun 18 2018 17:45:23,201.171,D:\Data\ar30-03018.hex,59.881159999999994,-40.89898,7.088539999999999,203.18400000000003,34.9193,34.9207,6.2546,59 52.87 N,040 53.94 W,2018-06-18T16:05:20Z,4.9315,4.9308
9,10,3.3678480000000004,3.367921,55.262,-0.8643 (avg),18,ar30-03,Jun 18 2018 17:49:34,100.277,D:\Data\ar30-03018.hex,59.881159999999994,-40.89895,7.03125,101.255,34.9161,34.9176,6.4473,59 52.87 N,040 53.94 W,2018-06-18T16:05:20Z,5.2749,5.2742
10,11,3.381946,3.381876,55.262,-1.0022 (avg),18,ar30-03,Jun 18 2018 17:51:41,75.225,D:\Data\ar30-03018.hex,59.881159999999994,-40.89898,7.003489999999999,75.954,34.9168,34.9185,6.4901,59 52.87 N,040 53.94 W,2018-06-18T16:05:20Z,5.4424,5.44
11,12,3.3962470000000002,3.3963980000000005,55.262,-1.0148 (avg),18,ar30-03,Jun 18 2018 17:53:35,49.575,D:\Data\ar30-03018.hex,59.88115,-40.899,6.97427,50.052,34.9059,34.9076,6.5889,59 52.87 N,040 53.94 W,2018-06-18T16:05:20Z,5.6233,5.6234
12,13,3.400119,3.4001980000000005,55.262,-0.8968 (avg),18,ar30-03,Jun 18 2018 17:55:49,34.755,D:\Data\ar30-03018.hex,59.881159999999994,-40.89898,6.9642,35.088,34.889,34.8912,6.7368,59 52.87 N,040 53.94 W,2018-06-18T16:05:20Z,5.6897,5.6885
13,14,3.481265,3.4806769999999996,40.1696,-0.0472 (avg),18,ar30-03,Jun 18 2018 17:57:30,14.568,D:\Data\ar30-03018.hex,59.88115,-40.89897,6.81734,14.707,34.8631,34.8648,7.127,59 52.87 N,040 53.94 W,2018-06-18T16:05:20Z,6.6139,6.6058
14,15,3.483941,3.4840910000000003,55.262,-1.0530 (avg),18,ar30-03,Jun 18 2018 17:59:10,4.215,D:\Data\ar30-03018.hex,59.88115,-40.89891,6.812010000000001,4.256,34.8638,34.8652,7.1216,59 52.87 N,040 53.94 W,2018-06-18T16:05:20Z,6.6476,6.648
0,1,3.186209,3.18628,55.262,-0.6938 (avg),19,ar30-03,Jun 18 2018 20:45:00,1929.7979999999998,D:\Data\ar30-03019.hex,59.92896,-41.3125,7.5472399999999995,1957.273,34.8954,34.8958,6.2529,59 55.88 N,041 18.96 W,2018-06-18T20:06:05Z,2.363,2.3635
1,2,3.2233330000000002,3.223405,55.262,-0.9685 (avg),19,ar30-03,Jun 18 2018 20:50:04,1750.0439999999999,D:\Data\ar30-03019.hex,59.92856,-41.312,7.45517,1774.1960000000001,34.9128,34.9133,6.0718,59 55.88 N,041 18.96 W,2018-06-18T20:06:05Z,2.8527,2.853
2,3,3.243824,3.243898,55.262,-0.9112 (avg),19,ar30-03,Jun 18 2018 20:56:11,1500.336,D:\Data\ar30-03019.hex,59.92811,-41.31125,7.39078,1520.131,34.9096,34.9102,6.0865,59 55.88 N,041 18.96 W,2018-06-18T20:06:05Z,3.2058,3.2061
3,4,3.25449,3.2545029999999997,55.262,-0.9787 (avg),19,ar30-03,Jun 18 2018 21:02:06,1250.451,D:\Data\ar30-03019.hex,59.9275,-41.310359999999996,7.3469,1266.187,34.9055,34.9065,6.1212,59 55.88 N,041 18.96 W,2018-06-18T20:06:05Z,3.4501,3.4493
4,5,3.2565419999999996,3.256662,55.262,-0.9840 (avg),19,ar30-03,Jun 18 2018 21:08:10,1000.7439999999999,D:\Data\ar30-03019.hex,59.92696,-41.30963,7.320239999999999,1012.727,34.8995,34.9007,6.2119,59 55.88 N,041 18.96 W,2018-06-18T20:06:05Z,3.6007,3.601
5,6,3.263688,3.2638529999999997,55.262,-1.0866 (avg),19,ar30-03,Jun 18 2018 21:14:19,751.747,D:\Data\ar30-03019.hex,59.92652,-41.30894,7.28475,760.29,34.9049,34.9063,6.2013,59 55.88 N,041 18.96 W,2018-06-18T20:06:05Z,3.799,3.7996
6,7,3.283303,3.283384,55.262,-1.0488 (avg),19,ar30-03,Jun 18 2018 21:20:27,499.246,D:\Data\ar30-03019.hex,59.926,-41.30818,7.22474,504.61,34.9111,34.9125,6.1525,59 55.88 N,041 18.96 W,2018-06-18T20:06:05Z,4.1391,4.1387
7,8,3.384553,3.3845970000000003,55.262,-0.7911 (avg),19,ar30-03,Jun 18 2018 21:28:04,202.638,D:\Data\ar30-03019.hex,59.92528000000001,-41.307140000000004,7.01145,204.667,34.9348,34.9361,6.2783,59 55.88 N,041 18.96 W,2018-06-18T20:06:05Z,5.3891,5.3883
8,9,3.326916,3.3269629999999997,55.262,-1.0173 (avg),19,ar30-03,Jun 18 2018 21:32:18,103.227,D:\Data\ar30-03019.hex,59.92481,-41.30644,7.0975,104.235,34.8289,34.831,6.4288,59 55.88 N,041 18.96 W,2018-06-18T20:06:05Z,4.9039,4.9024
9,10,3.4167099999999997,3.4168629999999998,55.262,-0.9721 (avg),19,ar30-03,Jun 18 2018 21:35:20,53.559,D:\Data\ar30-03019.hex,59.924380000000006,-41.305859999999996,6.937880000000001,54.075,34.9051,34.907,6.5105,59 55.88 N,041 18.96 W,2018-06-18T20:06:05Z,5.8469,5.8467
10,11,3.474884,3.4749809999999997,55.262,-0.8822 (avg),19,ar30-03,Jun 18 2018 21:38:04,3.96,D:\Data\ar30-03019.hex,59.92405,-41.30537,6.82648,3.998,34.8542,34.8556,7.279,59 55.88 N,041 18.96 W,2018-06-18T20:06:05Z,6.5584,6.5581
0,1,3.125742,3.1258060000000003,55.262,-0.7746 (avg),20,ar30-03,Jun 19 2018 12:38:35,2541.794,D:\Data\ar30-03020.hex,59.805640000000004,-40.282379999999996,7.733439999999999,2581.715,34.8861,34.8863,6.4854,59 48.34 N,040 16.94 W,2018-06-19T11:50:34Z,1.3971,1.3977
1,2,3.167807,3.1678479999999998,55.262,-0.9465 (avg),20,ar30-03,Jun 19 2018 12:42:20,2481.888,D:\Data\ar30-03020.hex,59.805659999999996,-40.28236,7.635860000000001,2520.51,34.8974,34.8972,6.3311,59 48.34 N,040 16.94 W,2018-06-19T11:50:34Z,1.8964,1.8971
2,3,3.233073,3.233083,55.262,-0.9208 (avg),20,ar30-03,Jun 19 2018 12:48:41,2242.335,D:\Data\ar30-03020.hex,59.80563000000001,-40.28242,7.47733,2275.933,34.9153,34.9152,6.0607,59 48.34 N,040 16.94 W,2018-06-19T11:50:34Z,2.732,2.7322
3,4,3.256738,3.2567939999999997,55.262,-0.9796 (avg),20,ar30-03,Jun 19 2018 12:54:40,2000.476,D:\Data\ar30-03020.hex,59.805640000000004,-40.2824,7.40908,2029.28,34.9263,34.9266,5.9473,59 48.34 N,040 16.94 W,2018-06-19T11:50:34Z,3.1005,3.1009
4,5,3.272348,3.272457,55.262,-0.9655 (avg),20,ar30-03,Jun 19 2018 13:05:09,1500.68,D:\Data\ar30-03020.hex,59.805659999999996,-40.282340000000005,7.33305,1520.465,34.9105,34.9114,6.0397,59 48.34 N,040 16.94 W,2018-06-19T11:50:34Z,3.526,3.5263
5,6,3.2372360000000002,3.237341,55.262,-1.0123 (avg),20,ar30-03,Jun 19 2018 13:15:27,999.627,D:\Data\ar30-03020.hex,59.80565,-40.282379999999996,7.35548,1011.5830000000001,34.8696,34.8709,6.4693,59 48.34 N,040 16.94 W,2018-06-19T11:50:34Z,3.4123,3.4123
6,7,3.233863,3.2340150000000003,55.262,-0.9729 (avg),20,ar30-03,Jun 19 2018 13:22:48,752.296,D:\Data\ar30-03020.hex,59.805640000000004,-40.282379999999996,7.3413,760.8389999999999,34.8786,34.8803,6.4787,59 48.34 N,040 16.94 W,2018-06-19T11:50:34Z,3.4888,3.4889
7,8,3.235847,3.235964,55.262,-1.0151 (avg),20,ar30-03,Jun 19 2018 13:28:30,502.858,D:\Data\ar30-03020.hex,59.805659999999996,-40.28235,7.31635,508.26,34.8914,34.8931,6.4417,59 48.34 N,040 16.94 W,2018-06-19T11:50:34Z,3.6248,3.6244
8,9,3.25921,3.259547,55.262,-1.0121 (avg),20,ar30-03,Jun 19 2018 13:35:50,201.18099999999998,D:\Data\ar30-03020.hex,59.805659999999996,-40.28237,7.2434199999999995,203.19299999999998,34.8957,34.8975,6.4565,59 48.34 N,040 16.94 W,2018-06-19T11:50:34Z,4.0365,4.0386
9,10,3.290345,3.290342,55.262,-0.9305 (avg),20,ar30-03,Jun 19 2018 13:39:30,100.65799999999999,D:\Data\ar30-03020.hex,59.805659999999996,-40.282379999999996,7.173539999999999,101.639,34.8902,34.8918,6.6309,59 48.34 N,040 16.94 W,2018-06-19T11:50:34Z,4.4406,4.439
10,11,3.3104440000000004,3.310475,55.262,-0.9338 (avg),20,ar30-03,Jun 19 2018 13:41:30,75.266,D:\Data\ar30-03020.hex,59.805659999999996,-40.28235,7.134410000000001,75.995,34.9022,34.904,6.487,59 48.34 N,040 16.94 W,2018-06-19T11:50:34Z,4.6657,4.6643
11,12,3.3266440000000004,3.327258,55.262,-0.9605 (avg),20,ar30-03,Jun 19 2018 13:43:59,49.763000000000005,D:\Data\ar30-03020.hex,59.805640000000004,-40.28239,7.098839999999999,50.24100000000001,34.8771,34.8781,6.6845,59 48.34 N,040 16.94 W,2018-06-19T11:50:34Z,4.8824,4.8882
12,13,3.340615,3.340975,55.262,-1.0228 (avg),20,ar30-03,Jun 19 2018 13:46:05,29.796999999999997,D:\Data\ar30-03020.hex,59.805659999999996,-40.28236,7.0704,30.083000000000002,34.8712,34.8732,6.7938,59 48.34 N,040 16.94 W,2018-06-19T11:50:34Z,5.053,5.0551
13,14,3.4201989999999998,3.420089,55.262,-1.0397 (avg),20,ar30-03,Jun 19 2018 13:47:37,14.479000000000001,D:\Data\ar30-03020.hex,59.80568,-40.282340000000005,6.92272,14.617,34.8532,34.8546,7.0659,59 48.34 N,040 16.94 W,2018-06-19T11:50:34Z,5.9553,5.9527
14,15,3.423374,3.4237610000000003,55.262,-1.0328 (avg),20,ar30-03,Jun 19 2018 13:49:16,4.808,D:\Data\ar30-03020.hex,59.805659999999996,-40.28236,6.91631,4.854,34.8533,34.8553,7.0972,59 48.34 N,040 16.94 W,2018-06-19T11:50:34Z,5.995,5.9973
0,1,3.226479,3.226591,55.262,-0.7787 (avg),21,ar30-03,Jun 19 2018 18:43:15,1002.4939999999999,D:\Data\ar30-03021.hex,59.856640000000006,-39.221940000000004,7.37605,1014.4960000000001,34.8567,34.8579,6.48,59 51.42 N,039 13.43 W,2018-06-19T18:21:51Z,3.3018,3.3019
1,2,3.222914,3.223007,55.262,-0.8209 (avg),21,ar30-03,Jun 19 2018 18:46:28,902.11,D:\Data\ar30-03021.hex,59.85658000000001,-39.22164,7.37442,912.689,34.8575,34.8587,6.4993,59 51.42 N,039 13.43 W,2018-06-19T18:21:51Z,3.3106,3.3105
2,3,3.2206349999999997,3.2207529999999998,55.262,-0.8455 (avg),21,ar30-03,Jun 19 2018 18:49:30,802.466,D:\Data\ar30-03021.hex,59.856519999999996,-39.22142,7.37038,811.68,34.8599,34.8612,6.5041,59 51.42 N,039 13.43 W,2018-06-19T18:21:51Z,3.3323,3.3324
3,4,3.219127,3.219247,55.262,-0.8585 (avg),21,ar30-03,Jun 19 2018 18:52:21,702.725,D:\Data\ar30-03021.hex,59.856480000000005,-39.2212,7.36485,710.622,34.8635,34.8649,6.5018,59 51.42 N,039 13.43 W,2018-06-19T18:21:51Z,3.362,3.362
4,5,3.222077,3.222188,55.262,-0.7360 (avg),21,ar30-03,Jun 19 2018 18:55:18,602.61,D:\Data\ar30-03021.hex,59.85644,-39.22096,7.35087,609.2330000000001,34.8726,34.874,6.4995,59 51.42 N,039 13.43 W,2018-06-19T18:21:51Z,3.4371,3.437
5,6,3.223332,3.223437,55.262,-0.8361 (avg),21,ar30-03,Jun 19 2018 18:58:17,502.559,D:\Data\ar30-03021.hex,59.85638,-39.220659999999995,7.339980000000001,507.96,34.8789,34.8804,6.4957,59 51.42 N,039 13.43 W,2018-06-19T18:21:51Z,3.4961,3.4959
6,7,3.228067,3.228177,55.262,-0.8728 (avg),21,ar30-03,Jun 19 2018 19:01:12,402.224,D:\Data\ar30-03021.hex,59.8563,-39.22038,7.322139999999999,406.44599999999997,34.8859,34.8874,6.473,59 51.42 N,039 13.43 W,2018-06-19T18:21:51Z,3.5939,3.5937
7,8,3.228523,3.22856,55.262,-0.9170 (avg),21,ar30-03,Jun 19 2018 19:04:23,303.23900000000003,D:\Data\ar30-03021.hex,59.85624,-39.220040000000004,7.311710000000001,306.348,34.8818,34.8833,6.4924,59 51.42 N,039 13.43 W,2018-06-19T18:21:51Z,3.6535,3.6525
8,9,3.2437,3.24377,55.262,-0.9067 (avg),21,ar30-03,Jun 19 2018 19:07:44,203.40099999999998,D:\Data\ar30-03021.hex,59.85618,-39.21978,7.27319,205.437,34.8879,34.8895,6.4542,59 51.42 N,039 13.43 W,2018-06-19T18:21:51Z,3.8692,3.8685
9,10,3.2567939999999997,3.256895,55.262,-0.9241 (avg),21,ar30-03,Jun 19 2018 19:10:02,149.952,D:\Data\ar30-03021.hex,59.85614,-39.21966,7.24149,151.433,34.8782,34.8795,6.7065,59 51.42 N,039 13.43 W,2018-06-19T18:21:51Z,4.0524,4.0523
10,11,3.257478,3.257635,55.262,-0.9216 (avg),21,ar30-03,Jun 19 2018 19:12:02,120.26,D:\Data\ar30-03021.hex,59.85614,-39.219559999999994,7.236439999999999,121.439,34.8692,34.871,6.7126,59 51.42 N,039 13.43 W,2018-06-19T18:21:51Z,4.0838,4.0838
11,12,3.2709639999999998,3.270828,55.262,-0.9319 (avg),21,ar30-03,Jun 19 2018 19:13:55,100.645,D:\Data\ar30-03021.hex,59.8561,-39.219429999999996,7.20975,101.626,34.8805,34.882,6.6775,59 51.42 N,039 13.43 W,2018-06-19T18:21:51Z,4.2339,4.2309
12,13,3.274597,3.27478,55.262,-0.9299 (avg),21,ar30-03,Jun 19 2018 19:15:23,90.81,D:\Data\ar30-03021.hex,59.8561,-39.219390000000004,7.201960000000001,91.694,34.8816,34.8833,6.687,59 51.42 N,039 13.43 W,2018-06-19T18:21:51Z,4.2784,4.2789
13,14,3.278259,3.2784190000000004,55.262,-0.9216 (avg),21,ar30-03,Jun 19 2018 19:16:42,80.73100000000001,D:\Data\ar30-03021.hex,59.8561,-39.21938,7.19425,81.515,34.8838,34.8857,6.6753,59 51.42 N,039 13.43 W,2018-06-19T18:21:51Z,4.3223,4.3223
14,15,3.284481,3.2848339999999996,55.262,-0.9241 (avg),21,ar30-03,Jun 19 2018 19:18:30,60.578,D:\Data\ar30-03021.hex,59.85609,-39.21934,7.18089,61.163000000000004,34.8874,34.8892,6.6564,59 51.42 N,039 13.43 W,2018-06-19T18:21:51Z,4.3987,4.4009
15,16,3.2866089999999994,3.2868190000000004,55.262,-0.8924 (avg),21,ar30-03,Jun 19 2018 19:20:05,50.908,D:\Data\ar30-03021.hex,59.856080000000006,-39.21931,7.175560000000001,51.398,34.884,34.8855,6.6612,59 51.42 N,039 13.43 W,2018-06-19T18:21:51Z,4.4305,4.4314
16,17,3.326968,3.327034,55.262,-1.0135 (avg),21,ar30-03,Jun 19 2018 19:22:03,30.584,D:\Data\ar30-03021.hex,59.856080000000006,-39.21931,7.096539999999999,30.878,34.8768,34.8786,6.7064,59 51.42 N,039 13.43 W,2018-06-19T18:21:51Z,4.8961,4.8951
17,18,3.4017589999999998,3.401885,55.262,-1.0132 (avg),21,ar30-03,Jun 19 2018 19:25:06,15.738,D:\Data\ar30-03021.hex,59.856080000000006,-39.21937,6.956060000000001,15.888,34.8565,34.8605,7.299,59 51.42 N,039 13.43 W,2018-06-19T18:21:51Z,5.7488,5.7464
18,19,3.4782379999999997,3.477841,55.262,-0.9214 (avg),21,ar30-03,Jun 19 2018 19:26:51,4.225,D:\Data\ar30-03021.hex,59.8561,-39.21942,6.82084,4.266,34.8551,34.8564,7.431,59 51.42 N,039 13.43 W,2018-06-19T18:21:51Z,6.594,6.5884
19,20,3.476974,3.4770190000000003,55.262,-0.9335 (avg),21,ar30-03,Jun 19 2018 19:27:01,4.226,D:\Data\ar30-03021.hex,59.8561,-39.21942,6.8231,4.2669999999999995,34.8559,34.857,7.4387,59 51.42 N,039 13.43 W,2018-06-19T18:21:51Z,6.5794,6.5788
0,1,3.32151,3.3217239999999997,17.0994, 1.3919 (avg),22,ar30-03,Jun 22 2018 13:54:47,153.808,D:\Data\ar30-03022.hex,61.656240000000004,-33.98323,7.118589999999999,155.351,34.8865,34.8889,6.3055,61 39.37 N,033 58.99 W,2018-06-22T13:48:11Z,4.7631,4.7632
1,2,3.3565129999999996,3.3565379999999996,19.5374, 0.7566 (avg),22,ar30-03,Jun 22 2018 13:58:02,100.60700000000001,D:\Data\ar30-03022.hex,61.65625,-33.9832,7.05105,101.603,34.9066,34.9084,6.4931,61 39.37 N,033 58.99 W,2018-06-22T13:48:11Z,5.1587,5.1572
2,3,3.3870980000000004,3.387545,24.165, 0.2386 (avg),22,ar30-03,Jun 22 2018 14:01:16,40.82,D:\Data\ar30-03022.hex,61.656240000000004,-33.98322,6.987260000000001,41.218,34.8809,34.8816,6.7136,61 39.37 N,033 58.99 W,2018-06-22T13:48:11Z,5.5512,5.5555
3,4,3.4902620000000004,3.490368,55.262,-0.0398 (avg),22,ar30-03,Jun 22 2018 14:03:12,25.349,D:\Data\ar30-03022.hex,61.656259999999996,-33.98324,6.801939999999999,25.596,34.8552,34.8559,6.8532,61 39.37 N,033 58.99 W,2018-06-22T13:48:11Z,6.7144,6.7149
4,5,3.492968,3.493182,55.262,-0.2348 (avg),22,ar30-03,Jun 22 2018 14:05:05,15.725,D:\Data\ar30-03022.hex,61.656240000000004,-33.98319,6.79665,15.877,34.8559,34.8569,6.8619,61 39.37 N,033 58.99 W,2018-06-22T13:48:11Z,6.748,6.7494
5,6,3.494011,3.4940379999999998,55.262,-0.4110 (avg),22,ar30-03,Jun 22 2018 14:06:38,4.022,D:\Data\ar30-03022.hex,61.65622,-33.98323,6.79395,4.061,34.8559,34.8572,6.8767,61 39.37 N,033 58.99 W,2018-06-22T13:48:11Z,6.7653,6.7643
6,7,3.49399,3.494075,55.262,-0.4030 (avg),22,ar30-03,Jun 22 2018 14:06:52,4.707,D:\Data\ar30-03022.hex,61.65623000000001,-33.98325,6.79404,4.752,34.8559,34.8572,6.8712,61 39.37 N,033 58.99 W,2018-06-22T13:48:11Z,6.7647,6.7644
0,1,3.359006,3.359001,24.5949, 0.2146 (avg),23,ar30-03,Jun 22 2018 20:15:22,152.738,D:\Data\ar30-03023.hex,62.058569999999996,-32.23057,7.05095,154.275,34.9072,34.9091,6.1666,62 03.51 N,032 13.91 W,2018-06-22T20:07:00Z,5.159,5.1572
1,2,3.3572940000000004,3.3573,55.262,-0.1631 (avg),23,ar30-03,Jun 22 2018 20:17:53,102.61,D:\Data\ar30-03023.hex,62.05862,-32.23032,7.0471,103.62899999999999,34.8828,34.8846,6.5501,62 03.51 N,032 13.91 W,2018-06-22T20:07:00Z,5.189,5.1874
2,3,3.511655,3.513982,22.9705, 0.3219 (avg),23,ar30-03,Jun 22 2018 20:20:58,42.657,D:\Data\ar30-03023.hex,62.0586,-32.23016,6.7701899999999995,43.075,34.8847,34.8878,6.7519,62 03.51 N,032 13.91 W,2018-06-22T20:07:00Z,6.9097,6.9319
3,4,3.543044,3.542667,18.9658, 0.8727 (avg),23,ar30-03,Jun 22 2018 20:22:42,25.621,D:\Data\ar30-03023.hex,62.058609999999994,-32.23018,6.716760000000001,25.871,34.8885,34.8891,6.7507,62 03.51 N,032 13.91 W,2018-06-22T20:07:00Z,7.2552,7.2505
4,5,3.544142,3.5442190000000005,18.9499, 0.8783 (avg),23,ar30-03,Jun 22 2018 20:24:17,17.542,D:\Data\ar30-03023.hex,62.05862,-32.230259999999994,6.713610000000001,17.712,34.8819,34.8826,6.8086,62 03.51 N,032 13.91 W,2018-06-22T20:07:00Z,7.2777,7.2778
5,6,3.5425709999999997,3.5426879999999996,21.1395, 0.5070 (avg),23,ar30-03,Jun 22 2018 20:26:11,2.9339999999999997,D:\Data\ar30-03023.hex,62.0586,-32.23042,6.71357,2.963,34.8676,34.8692,6.8793,62 03.51 N,032 13.91 W,2018-06-22T20:07:00Z,7.2822,7.2818
