,Niskin #,Date Time,"Pressure, Digiquartz [db]","Depth [salt water, m]",Latitude [deg],Longitude [deg],"Temperature [ITS-90, deg C]","Temperature, 2 [ITS-90, deg C]",Conductivity [S/m],"Conductivity, 2 [S/m]","Salinity, Practical [PSU]","Salinity, Practical, 2 [PSU]","Oxygen, SBE 43 [ml/l]","Oxygen Saturation, Garcia & Gordon [ml/l]","Beam Attenuation, WET Labs C-Star [1/m]","Beam Transmission, WET Labs C-Star [%]",Hex name,Start Latitude,Start Longitude,Cruise ID,Start Time,Cast #,Bottle Salinity [psu],Bottle Oxy [mL/L]
0,1,Jun 06 2018 09:26:42,148.209,146.727,62.7739,-28.653190000000002,6.1764,6.1704,3.455169,3.454611,34.9512,34.9511,6.2855,6.88271,19.0368, 0.8578 (avg),D:\Data\ar30-03001.hex,62 46.29 N,028 39.40 W,ar30-03,2018-06-06T08:16:04Z,001,-9999999,-9999999
1,2,Jun 06 2018 09:31:25,105.773,104.726,62.774080000000005,-28.652959999999997,6.4277,6.4273,3.4766230000000005,3.4765910000000004,34.9553,34.9554,6.3981,6.84254,19.1611, 0.8311 (avg),D:\Data\ar30-03001.hex,62 46.29 N,028 39.40 W,ar30-03,2018-06-06T08:16:04Z,001,-9999999,-9999999
2,3,Jun 06 2018 09:36:05,40.563,40.167,62.77418,-28.6528,6.7659,6.7668,3.5055440000000004,3.505613,34.9647,34.9645,6.6604,6.788989999999999,21.4223, 0.4769 (avg),D:\Data\ar30-03001.hex,62 46.29 N,028 39.40 W,ar30-03,2018-06-06T08:16:04Z,001,-9999999,-9999999
3,4,Jun 06 2018 09:38:14,23.395,23.168000000000003,62.7742,-28.65278,7.1446,7.1685,3.540467,3.5422290000000003,34.9734,34.9686,7.0707,6.72998,26.6674, 0.1282 (avg),D:\Data\ar30-03001.hex,62 46.29 N,028 39.40 W,ar30-03,2018-06-06T08:16:04Z,001,-9999999,-9999999
4,5,Jun 06 2018 09:39:31,15.493,15.343,62.77426,-28.65268,7.3552,7.3551,3.558928,3.558911,34.9664,34.9663,7.0591,6.6980699999999995,28.1697, 0.1376 (avg),D:\Data\ar30-03001.hex,62 46.29 N,028 39.40 W,ar30-03,2018-06-06T08:16:04Z,001,-9999999,-9999999
5,6,Jun 06 2018 09:41:34,2.739,2.713,62.774319999999996,-28.65258,7.3695,7.3698,3.5596660000000004,3.559626,34.9664,34.9657,7.0726,6.6958899999999995,22.2056, 0.3952 (avg),D:\Data\ar30-03001.hex,62 46.29 N,028 39.40 W,ar30-03,2018-06-06T08:16:04Z,001,-9999999,-9999999
6,7,Jun 06 2018 09:41:42,2.972,2.943,62.774319999999996,-28.65257,7.371,7.3712,3.559819,3.5598339999999995,34.9665,34.9664,7.0735,6.69567,22.1383, 0.3963 (avg),D:\Data\ar30-03001.hex,62 46.29 N,028 39.40 W,ar30-03,2018-06-06T08:16:04Z,001,-9999999,-9999999
7,1,Jun 06 2018 14:24:52,155.36,153.80700000000002,62.5042,-29.798340000000003,6.5441,6.5448,3.491486,3.4915529999999997,34.9768,34.9768,6.2735,6.8232,16.6596, 1.5555 (avg),D:\Data\ar30-03002b.hex,62 30.13 N,029 47.90 W,ar30-03,2018-06-06T14:12:41Z,02b,-9999999,-9999999
8,2,Jun 06 2018 14:27:57,99.927,98.94200000000001,62.504709999999996,-29.798340000000003,6.6319,6.6321,3.49632,3.4963519999999995,34.9689,34.969,6.4129,6.80975,17.7897, 1.1718 (avg),D:\Data\ar30-03002b.hex,62 30.13 N,029 47.90 W,ar30-03,2018-06-06T14:12:41Z,02b,-9999999,-9999999
9,3,Jun 06 2018 14:31:07,39.452,39.068000000000005,62.505230000000005,-29.79833,6.8601,6.8605,3.51497,3.515027,34.9736,34.9738,6.5663,6.7739199999999995,17.3674, 1.3014 (avg),D:\Data\ar30-03002b.hex,62 30.13 N,029 47.90 W,ar30-03,2018-06-06T14:12:41Z,02b,-9999999,-9999999
10,4,Jun 06 2018 14:33:15,26.291999999999998,26.037,62.50557,-29.79836,7.1968,7.2022,3.5455,3.546033,34.9744,34.9748,6.9243,6.72192,17.4135, 1.2887 (avg),D:\Data\ar30-03002b.hex,62 30.13 N,029 47.90 W,ar30-03,2018-06-06T14:12:41Z,02b,-9999999,-9999999
11,5,Jun 06 2018 14:35:02,14.527999999999999,14.388,62.50585,-29.798340000000003,7.2909,7.2913,3.55365,3.5536980000000002,34.9743,34.9744,7.0344,6.70754,16.9543, 1.4429 (avg),D:\Data\ar30-03002b.hex,62 30.13 N,029 47.90 W,ar30-03,2018-06-06T14:12:41Z,02b,-9999999,-9999999
12,6,Jun 06 2018 14:36:21,4.687,4.6419999999999995,62.50603,-29.798309999999997,7.3049,7.3048,3.554467,3.554497,34.974,34.9743,7.0305,6.7054100000000005,17.1284, 1.3822 (avg),D:\Data\ar30-03002b.hex,62 30.13 N,029 47.90 W,ar30-03,2018-06-06T14:12:41Z,02b,-9999999,-9999999
13,7,Jun 06 2018 14:36:29,4.574,4.53,62.50605,-29.7983,7.3049,7.305,3.554469,3.5545129999999996,34.9741,34.9744,7.0371,6.7054100000000005,17.2774, 1.3312 (avg),D:\Data\ar30-03002b.hex,62 30.13 N,029 47.90 W,ar30-03,2018-06-06T14:12:41Z,02b,-9999999,-9999999
14,1,Jun 12 2018 20:13:25,1010.2139999999999,998.2739999999999,59.842969999999994,-39.19984,3.6772,3.6773,3.26281,3.262895,34.8944,34.8952,6.2388,7.306889999999999,55.262,-0.6742 (avg),D:\Data\ar30-03010.hex,59 50.67 N,039 11.81 W,ar30-03,2018-06-12T19:51:22Z,010,-9999999,6.765
15,2,Jun 12 2018 20:48:49,911.7689999999999,901.204,59.84336,-39.20811,3.7496,3.7493,3.265482,3.265517,34.9,34.9007,6.1939,7.29375,55.262,-0.8022 (avg),D:\Data\ar30-03010.hex,59 50.67 N,039 11.81 W,ar30-03,2018-06-12T19:51:22Z,010,-9999999,6.697
16,3,Jun 12 2018 20:52:04,810.669,801.4689999999999,59.84335,-39.209109999999995,3.8682,3.8682,3.272221,3.2722900000000004,34.9067,34.9075,6.1146,7.27245,55.262,-0.6921 (avg),D:\Data\ar30-03010.hex,59 50.67 N,039 11.81 W,ar30-03,2018-06-12T19:51:22Z,010,-9999999,6.612
17,4,Jun 12 2018 20:55:16,709.6489999999999,701.765,59.843309999999995,-39.21017,4.0153,4.0154,3.281044,3.2811169999999996,34.908,34.9087,6.1,7.24653,55.262,-0.7393 (avg),D:\Data\ar30-03010.hex,59 50.67 N,039 11.81 W,ar30-03,2018-06-12T19:51:22Z,010,-9999999,6.602
18,5,Jun 12 2018 20:58:40,607.952,601.344,59.843340000000005,-39.2112,4.2349,4.2351,3.296664,3.2967370000000003,34.9132,34.9138,6.0311,7.2079699999999995,55.262,-0.6358 (avg),D:\Data\ar30-03010.hex,59 50.67 N,039 11.81 W,ar30-03,2018-06-12T19:51:22Z,010,-9999999,6.55
19,6,Jun 12 2018 21:01:52,507.191,501.8,59.84333,-39.212140000000005,4.4493,4.4493,3.3114559999999997,3.311526,34.9136,34.9143,5.988,7.17092,55.262,-0.8416 (avg),D:\Data\ar30-03010.hex,59 50.67 N,039 11.81 W,ar30-03,2018-06-12T19:51:22Z,010,-9999999,6.464
20,7,Jun 12 2018 21:05:16,405.945,401.728,59.8433,-39.21326,4.5567,4.5568,3.3154790000000003,3.3155699999999997,34.9006,34.9015,5.9876,7.153110000000001,55.262,-0.7421 (avg),D:\Data\ar30-03010.hex,59 50.67 N,039 11.81 W,ar30-03,2018-06-12T19:51:22Z,010,-9999999,6.464
21,8,Jun 12 2018 21:08:40,304.45,301.361,59.8434,-39.21434,4.63,4.63,3.31566,3.315743,34.8791,34.8801,6.0621,7.141610000000001,55.262,-0.4720 (avg),D:\Data\ar30-03010.hex,59 50.67 N,039 11.81 W,ar30-03,2018-06-12T19:51:22Z,010,-9999999,6.546
22,9,Jun 12 2018 21:12:06,203.166,201.15400000000002,59.84338,-39.2155,4.7128,4.7125,3.317654,3.3177230000000004,34.869,34.8701,6.1234,7.12798,55.262,-0.7404 (avg),D:\Data\ar30-03010.hex,59 50.67 N,039 11.81 W,ar30-03,2018-06-12T19:51:22Z,010,-9999999,6.624
23,10,Jun 12 2018 21:14:26,151.98,150.494,59.84332,-39.21637,4.7935,4.792,3.322539,3.3224690000000003,34.8683,34.8691,6.182,7.1143,55.262,-0.7211 (avg),D:\Data\ar30-03010.hex,59 50.67 N,039 11.81 W,ar30-03,2018-06-12T19:51:22Z,010,-9999999,-9999999
24,11,Jun 12 2018 21:14:39,151.197,149.719,59.84333,-39.21646,4.7947,4.7935,3.322632,3.3226129999999996,34.8686,34.8697,6.1799,7.11408,55.262,-0.7520 (avg),D:\Data\ar30-03010.hex,59 50.67 N,039 11.81 W,ar30-03,2018-06-12T19:51:22Z,010,-9999999,-9999999
25,12,Jun 12 2018 21:17:03,121.65899999999999,120.478,59.84333,-39.21736,4.9233,4.9235,3.332962,3.333075,34.8695,34.8706,6.2477,7.092289999999999,55.262,-1.0273 (avg),D:\Data\ar30-03010.hex,59 50.67 N,039 11.81 W,ar30-03,2018-06-12T19:51:22Z,010,-9999999,-9999999
26,13,Jun 12 2018 21:17:21,121.18,120.00399999999999,59.843340000000005,-39.217459999999996,4.9218,4.9221,3.3327709999999997,3.332904,34.8692,34.8704,6.2509,7.092560000000001,55.262,-0.7909 (avg),D:\Data\ar30-03010.hex,59 50.67 N,039 11.81 W,ar30-03,2018-06-12T19:51:22Z,010,-9999999,-9999999
27,14,Jun 12 2018 21:19:21,101.11,100.134,59.843340000000005,-39.21817,5.2016,5.2015,3.359293,3.3593699999999997,34.8941,34.895,6.24,7.04448,54.8112,-0.4138 (avg),D:\Data\ar30-03010.hex,59 50.67 N,039 11.81 W,ar30-03,2018-06-12T19:51:22Z,010,-9999999,6.845
28,15,Jun 12 2018 21:19:37,101.781,100.79799999999999,59.843340000000005,-39.21825,5.206,5.2056,3.3598470000000002,3.359892,34.8955,34.8965,6.2339,7.04368,18.4697, 1.0096 (avg),D:\Data\ar30-03010.hex,59 50.67 N,039 11.81 W,ar30-03,2018-06-12T19:51:22Z,010,-9999999,-9999999
29,16,Jun 12 2018 21:21:08,92.37799999999999,91.488,59.8433,-39.218740000000004,5.3826,5.3735,3.376751,3.375899,34.9108,34.9105,6.2685,7.01365,55.262,-0.6985 (avg),D:\Data\ar30-03010.hex,59 50.67 N,039 11.81 W,ar30-03,2018-06-12T19:51:22Z,010,-9999999,-9999999
30,17,Jun 12 2018 21:21:22,91.764,90.88,59.8433,-39.21882,5.3832,5.3809,3.3767699999999996,3.376643,34.9107,34.9116,6.2752,7.01355,55.262,-0.7186 (avg),D:\Data\ar30-03010.hex,59 50.67 N,039 11.81 W,ar30-03,2018-06-12T19:51:22Z,010,-9999999,-9999999
31,18,Jun 12 2018 21:23:53,81.476,80.693,59.84336,-39.21966,5.4914,5.4912,3.387121,3.387204,34.9221,34.9234,6.271,6.99516,55.262,-0.7707 (avg),D:\Data\ar30-03010.hex,59 50.67 N,039 11.81 W,ar30-03,2018-06-12T19:51:22Z,010,-9999999,-9999999
32,19,Jun 12 2018 21:26:04,60.56100000000001,59.982,59.843340000000005,-39.22043,5.4823,5.4818,3.3828620000000003,3.382933,34.8938,34.8952,6.4567,6.99799,55.262,-0.7603 (avg),D:\Data\ar30-03010.hex,59 50.67 N,039 11.81 W,ar30-03,2018-06-12T19:51:22Z,010,-9999999,-9999999
33,20,Jun 12 2018 21:27:39,51.201,50.711999999999996,59.84328000000001,-39.22098,5.5905,5.5915,3.3921410000000005,3.392353,34.8925,34.8939,6.5009,6.98027,55.262,-0.8069 (avg),D:\Data\ar30-03010.hex,59 50.67 N,039 11.81 W,ar30-03,2018-06-12T19:51:22Z,010,-9999999,-9999999
34,21,Jun 12 2018 21:29:55,30.419,30.13,59.843340000000005,-39.22181,5.7184,5.7175,3.4026080000000003,3.402636,34.8901,34.8914,6.6091,6.95947,55.262,-0.9925 (avg),D:\Data\ar30-03010.hex,59 50.67 N,039 11.81 W,ar30-03,2018-06-12T19:51:22Z,010,-9999999,7.281
35,22,Jun 12 2018 21:31:26,25.125999999999998,24.888,59.84332,-39.222390000000004,5.7848,5.779,3.407977,3.4075800000000003,34.8852,34.8867,6.7242,6.94888,43.4404,-0.0119 (avg),D:\Data\ar30-03010.hex,59 50.67 N,039 11.81 W,ar30-03,2018-06-12T19:51:22Z,010,-9999999,-9999999
36,23,Jun 12 2018 21:33:03,15.222999999999999,15.079,59.843340000000005,-39.222970000000004,5.9485,5.9498,3.421506,3.4217169999999997,34.8747,34.8758,7.0925,6.92283,55.262,-0.8124 (avg),D:\Data\ar30-03010.hex,59 50.67 N,039 11.81 W,ar30-03,2018-06-12T19:51:22Z,010,-9999999,-9999999
37,24,Jun 12 2018 21:34:46,3.1289999999999996,3.1,59.843340000000005,-39.22357,6.1132,6.1115,3.4357620000000004,3.435749,34.8724,34.874,7.261,6.8964300000000005,55.262,-0.9790 (avg),D:\Data\ar30-03010.hex,59 50.67 N,039 11.81 W,ar30-03,2018-06-12T19:51:22Z,010,-9999999,7.873
38,1,Jun 13 2018 14:06:36,2994.623,2945.5370000000003,59.6594,-38.61354,1.498,1.4997,3.150687,3.1505259999999997,34.8916,34.8877,5.5464,7.7133899999999995,55.262,-1.0769 (avg),D:\Data\ar30-03011.hex,59 39.70 N,038 37.20 W,ar30-03,2018-06-13T13:11:35Z,011,34.8914,-9999999
39,2,Jun 13 2018 14:13:43,2743.797,2700.386,59.65911,-38.61249,2.7182,2.7202,3.25052,3.250839,34.9212,34.9229,5.1887,7.479589999999999,55.262,-1.0946 (avg),D:\Data\ar30-03011.hex,59 39.70 N,038 37.20 W,ar30-03,2018-06-13T13:11:35Z,011,34.9274,-9999999
40,3,Jun 13 2018 14:19:04,2540.149,2501.141,59.6589,-38.611779999999996,2.8997,2.9013,3.259092,3.259465,34.9257,34.9286,5.2887,7.445860000000001,55.262,-1.0924 (avg),D:\Data\ar30-03011.hex,59 39.70 N,038 37.20 W,ar30-03,2018-06-13T13:11:35Z,011,34.9319,-9999999
41,4,Jun 13 2018 14:25:24,2274.297,2240.758,59.6586,-38.61088,3.0845,3.0862,3.264487,3.265422,34.9193,34.9286,4.6009,7.41237,55.262,-1.1302 (avg),D:\Data\ar30-03011.hex,59 39.70 N,038 37.20 W,ar30-03,2018-06-13T13:11:35Z,011,34.9327,-9999999
42,5,Jun 13 2018 14:34:42,1828.102,1803.027,59.65824,-38.609559999999995,3.4162,3.4164,3.276964,3.277,34.9306,34.9309,5.95,7.35173,55.262,-1.0968 (avg),D:\Data\ar30-03011.hex,59 39.70 N,038 37.20 W,ar30-03,2018-06-13T13:11:35Z,011,34.9351,-9999999
43,6,Jun 13 2018 14:41:58,1519.5720000000001,1499.819,59.65794,-38.60845,3.53,3.5301,3.272786,3.2728509999999997,34.9119,34.9126,6.0791,7.332269999999999,55.262,-1.0893 (avg),D:\Data\ar30-03011.hex,59 39.70 N,038 37.20 W,ar30-03,2018-06-13T13:11:35Z,011,34.9162,-9999999
44,7,Jun 13 2018 14:49:09,1215.897,1200.955,59.6576,-38.607240000000004,3.4562,3.4559,3.251027,3.251055,34.8831,34.8839,6.323,7.34691,55.262,-0.9738 (avg),D:\Data\ar30-03011.hex,59 39.70 N,038 37.20 W,ar30-03,2018-06-13T13:11:35Z,011,34.8863,-9999999
45,8,Jun 13 2018 14:54:45,1013.8710000000001,1001.8939999999999,59.6573,-38.60633,3.3574,3.3579,3.2320349999999998,3.232184,34.8646,34.8658,6.5053,7.36562,55.262,-1.1481 (avg),D:\Data\ar30-03011.hex,59 39.70 N,038 37.20 W,ar30-03,2018-06-13T13:11:35Z,011,34.8688,-9999999
46,9,Jun 13 2018 15:01:14,759.568,751.051,59.65696,-38.605140000000006,3.4042,3.4041,3.225546,3.225628,34.8697,34.8708,6.5766,7.35694,55.262,-1.0488 (avg),D:\Data\ar30-03011.hex,59 39.70 N,038 37.20 W,ar30-03,2018-06-13T13:11:35Z,011,34.8739,-9999999
47,10,Jun 13 2018 15:07:20,512.673,507.225,59.65664,-38.604040000000005,3.4974,3.4972,3.2236849999999997,3.223776,34.8792,34.8805,6.5655,7.33972,55.262,-0.8527 (avg),D:\Data\ar30-03011.hex,59 39.70 N,038 37.20 W,ar30-03,2018-06-13T13:11:35Z,011,34.8829,-9999999
48,11,Jun 13 2018 15:14:43,203.09900000000002,201.09,59.656180000000006,-38.60238,3.7583,3.758,3.233305,3.2333950000000002,34.8833,34.8847,6.6688,7.293019999999999,55.262,-1.0444 (avg),D:\Data\ar30-03011.hex,59 39.70 N,038 37.20 W,ar30-03,2018-06-13T13:11:35Z,011,34.8875,-9999999
49,12,Jun 13 2018 15:17:22,132.60399999999998,131.316,59.6561,-38.60225,4.076,4.0751,3.256663,3.2567310000000003,34.8618,34.8636,6.7793,7.238169999999999,55.262,-0.8488 (avg),D:\Data\ar30-03011.hex,59 39.70 N,038 37.20 W,ar30-03,2018-06-13T13:11:35Z,011,-9999999,-9999999
50,13,Jun 13 2018 15:20:03,90.97200000000001,90.09700000000001,59.656119999999994,-38.60228,4.2351,4.2349,3.268583,3.2686830000000002,34.8568,34.8582,6.8162,7.21068,55.262,-1.0071 (avg),D:\Data\ar30-03011.hex,59 39.70 N,038 37.20 W,ar30-03,2018-06-13T13:11:35Z,011,-9999999,-9999999
51,14,Jun 13 2018 15:22:32,61.028,60.446000000000005,59.65614,-38.60228,4.3011,4.2999,3.273148,3.27317,34.8571,34.8586,6.8308,7.1992199999999995,55.262,-1.1594 (avg),D:\Data\ar30-03011.hex,59 39.70 N,038 37.20 W,ar30-03,2018-06-13T13:11:35Z,011,34.8619,-9999999
52,15,Jun 13 2018 15:24:42,30.844,30.552,59.65614,-38.6023,4.7387,4.6968,3.3093190000000003,3.3058739999999998,34.8365,34.8402,6.9263,7.125139999999999,55.262,-1.1473 (avg),D:\Data\ar30-03011.hex,59 39.70 N,038 37.20 W,ar30-03,2018-06-13T13:11:35Z,011,-9999999,-9999999
53,16,Jun 13 2018 15:26:40,15.808,15.659,59.65614,-38.60228,5.167,5.166,3.346349,3.3462730000000005,34.826,34.8261,7.1088,7.05346,55.262,-1.1961 (avg),D:\Data\ar30-03011.hex,59 39.70 N,038 37.20 W,ar30-03,2018-06-13T13:11:35Z,011,-9999999,-9999999
54,17,Jun 13 2018 15:28:49,5.617000000000001,5.564,59.65614,-38.6023,5.4316,5.4297,3.369328,3.3692910000000005,34.8203,34.8219,7.1251,7.00978,55.262,-1.1409 (avg),D:\Data\ar30-03011.hex,59 39.70 N,038 37.20 W,ar30-03,2018-06-13T13:11:35Z,011,34.8253,-9999999
55,1,Jun 13 2018 17:52:57,2945.6209999999996,2897.66,59.680409999999995,-38.94144,1.4579,1.46,3.147967,3.145421,34.9239,34.8901,4.7111,7.7195100000000005,55.262,-0.9550 (avg),D:\Data\ar30-03012.hex,59 40.85 N,038 56.40 W,ar30-03,2018-06-13T17:00:29Z,012,34.8973,-9999999
56,2,Jun 13 2018 17:58:27,2741.3790000000004,2698.0170000000003,59.68038000000001,-38.94155,2.4712,2.473,3.227011,3.227694,34.9011,34.9074,5.2613,7.5266399999999996,55.262,-1.1067 (avg),D:\Data\ar30-03012.hex,59 40.85 N,038 56.40 W,ar30-03,2018-06-13T17:00:29Z,012,34.9138,-9999999
57,3,Jun 13 2018 18:03:42,2538.078,2499.11,59.6804,-38.94155,2.8835,2.8849,3.2563310000000003,3.25786,34.9109,34.9277,4.5699,7.449610000000001,55.262,-1.1310 (avg),D:\Data\ar30-03012.hex,59 40.85 N,038 56.40 W,ar30-03,2018-06-13T17:00:29Z,012,34.9311,-9999999
58,4,Jun 13 2018 18:09:50,2283.007,2249.29,59.68038000000001,-38.941559999999996,3.0984,3.099,3.266669,3.266707,34.9265,34.9262,5.9773,7.40946,55.262,-1.1200 (avg),D:\Data\ar30-03012.hex,59 40.85 N,038 56.40 W,ar30-03,2018-06-13T17:00:29Z,012,34.9305,-9999999
59,5,Jun 13 2018 18:20:05,1825.745,1800.7079999999999,59.680369999999996,-38.941559999999996,3.5075,3.5077,3.284653,3.2846900000000003,34.9267,34.9269,5.9698,7.33555,55.262,-1.1630 (avg),D:\Data\ar30-03012.hex,59 40.85 N,038 56.40 W,ar30-03,2018-06-13T17:00:29Z,012,34.9307,-9999999
60,6,Jun 13 2018 18:26:36,1521.6860000000001,1501.895,59.68036,-38.941559999999996,3.3183,3.3185,3.249796,3.249878,34.861,34.8617,6.4999,7.37286,55.262,-1.0745 (avg),D:\Data\ar30-03012.hex,59 40.85 N,038 56.40 W,ar30-03,2018-06-13T17:00:29Z,012,34.8652,-9999999
61,7,Jun 13 2018 18:33:34,1217.221,1202.258,59.68038000000001,-38.941559999999996,3.2952,3.2951,3.234609,3.2346790000000003,34.8571,34.858,6.5551,7.37723,55.262,-1.1327 (avg),D:\Data\ar30-03012.hex,59 40.85 N,038 56.40 W,ar30-03,2018-06-13T17:00:29Z,012,34.8619,-9999999
62,8,Jun 13 2018 18:38:22,1015.1619999999999,1003.164,59.68036,-38.941559999999996,3.2961,3.2958,3.2259759999999997,3.226034,34.8564,34.8574,6.5798,7.3771,55.262,-1.1418 (avg),D:\Data\ar30-03012.hex,59 40.85 N,038 56.40 W,ar30-03,2018-06-13T17:00:29Z,012,34.8603,-9999999
63,9,Jun 13 2018 18:44:35,759.188,750.675,59.68038000000001,-38.94155,3.3917,3.3914,3.224335,3.2244,34.8686,34.8698,6.5884,7.35923,55.262,-1.1423 (avg),D:\Data\ar30-03012.hex,59 40.85 N,038 56.40 W,ar30-03,2018-06-13T17:00:29Z,012,34.8739,-9999999
64,10,Jun 13 2018 18:50:43,505.42699999999996,500.064,59.68038000000001,-38.94154,3.4616,3.4611,3.2197400000000003,3.219804,34.8739,34.8752,6.612,7.3464100000000006,55.262,-1.1699 (avg),D:\Data\ar30-03012.hex,59 40.85 N,038 56.40 W,ar30-03,2018-06-13T17:00:29Z,012,34.8778,-9999999
65,11,Jun 13 2018 18:57:29,201.604,199.611,59.68036,-38.941559999999996,4.0263,4.0246,3.258738,3.258691,34.9018,34.9031,6.3806,7.244910000000001,55.262,-1.0452 (avg),D:\Data\ar30-03012.hex,59 40.85 N,038 56.40 W,ar30-03,2018-06-13T17:00:29Z,012,34.9058,-9999999
66,12,Jun 13 2018 19:02:24,60.748000000000005,60.168,59.68038000000001,-38.94155,4.463,4.4627,3.2899629999999997,3.290064,34.8841,34.8856,6.7358,7.169969999999999,55.262,-1.0783 (avg),D:\Data\ar30-03012.hex,59 40.85 N,038 56.40 W,ar30-03,2018-06-13T17:00:29Z,012,34.889,-9999999
67,13,Jun 13 2018 19:05:27,5.351,5.3,59.68038000000001,-38.941559999999996,5.1388,5.1356,3.345915,3.3457190000000003,34.8559,34.8571,7.0665,7.05675,55.262,-1.0278 (avg),D:\Data\ar30-03012.hex,59 40.85 N,038 56.40 W,ar30-03,2018-06-13T17:00:29Z,012,34.8613,-9999999
68,1,Jun 14 2018 20:22:42,133.523,132.22299999999998,59.78037,-39.82802,4.3351,4.337,3.282096,3.28245,34.8874,34.8896,6.7021,7.19187,55.262,-0.1440 (avg),D:\Data\ar30-03013.hex,59 46.82 N,039 49.61 W,ar30-03,2018-06-14T20:15:22Z,013,-9999999,-9999999
69,2,Jun 14 2018 20:25:02,91.177,90.29899999999999,59.7804,-39.82841,4.4518,4.4505,3.2907889999999997,3.290834,34.8893,34.8911,6.697,7.17166,55.262,-0.2772 (avg),D:\Data\ar30-03013.hex,59 46.82 N,039 49.61 W,ar30-03,2018-06-14T20:15:22Z,013,-9999999,-9999999
70,3,Jun 14 2018 20:27:25,60.91,60.328,59.780440000000006,-39.82886,4.8567,4.8537,3.325044,3.324918,34.8797,34.8814,6.7199,7.10305,55.262,-0.1871 (avg),D:\Data\ar30-03013.hex,59 46.82 N,039 49.61 W,ar30-03,2018-06-14T20:15:22Z,013,-9999999,-9999999
71,4,Jun 14 2018 20:29:45,30.56,30.27,59.78046,-39.8291,5.4127,5.4108,3.371925,3.37186,34.8566,34.8578,7.0179,7.01121,55.262,-0.4000 (avg),D:\Data\ar30-03013.hex,59 46.82 N,039 49.61 W,ar30-03,2018-06-14T20:15:22Z,013,-9999999,-9999999
72,5,Jun 14 2018 20:31:31,15.64,15.492,59.780480000000004,-39.82918,5.5427,5.5428,3.382757,3.382882,34.8535,34.8548,7.1627,6.98993,55.262,-0.5451 (avg),D:\Data\ar30-03013.hex,59 46.82 N,039 49.61 W,ar30-03,2018-06-14T20:15:22Z,013,-9999999,-9999999
73,6,Jun 14 2018 20:33:07,2.388,2.365,59.78046,-39.829240000000006,6.0393,6.0418,3.426368,3.4267300000000005,34.8428,34.8444,7.0337,6.909660000000001,55.262,-0.6414 (avg),D:\Data\ar30-03013.hex,59 46.82 N,039 49.61 W,ar30-03,2018-06-14T20:15:22Z,013,-9999999,-9999999
74,1,Jun 07 2018 09:20:35,2998.402,2948.9390000000003,60.8898,-35.35597,1.352,1.3538,3.137537,3.137507,34.8842,34.8818,6.5627,7.74242,24.1139, 0.2413 (avg),D:\Data\ar30-03003.hex,60 53.48 N,035 21.66 W,ar30-03,2018-06-07T08:19:03Z,003,34.8849,-9999999
75,2,Jun 07 2018 09:34:15,2540.1910000000003,2500.937,60.889619999999994,-35.35485,3.0054,3.0067,3.268464,3.2684330000000004,34.9261,34.9243,6.0296,7.4264600000000005,55.262,-0.2524 (avg),D:\Data\ar30-03003.hex,60 53.48 N,035 21.66 W,ar30-03,2018-06-07T08:19:03Z,003,34.9311,-9999999
76,3,Jun 07 2018 09:52:05,2029.0410000000002,2000.07,60.889469999999996,-35.35385,3.4602,3.4615,3.289796,3.2898050000000003,34.9399,34.9387,5.9515,7.3433600000000006,55.262,-0.2075 (avg),D:\Data\ar30-03003.hex,60 53.48 N,035 21.66 W,ar30-03,2018-06-07T08:19:03Z,003,34.9435,-9999999
77,4,Jun 07 2018 10:05:07,1623.636,1601.98,60.88933000000001,-35.352959999999996,3.5143,3.515,3.274421,3.274428,34.8966,34.8959,6.2236,7.3358300000000005,55.262,-0.0464 (avg),D:\Data\ar30-03003.hex,60 53.48 N,035 21.66 W,ar30-03,2018-06-07T08:19:03Z,003,34.9008,-9999999
78,5,Jun 07 2018 10:16:10,1317.684,1301.05,60.8892,-35.352109999999996,3.3742,3.3746,3.246366,3.2463740000000003,34.863,34.8626,6.5492,7.36268,55.262,-0.0935 (avg),D:\Data\ar30-03003.hex,60 53.48 N,035 21.66 W,ar30-03,2018-06-07T08:19:03Z,003,34.8672,-9999999
79,6,Jun 07 2018 10:27:13,1014.4680000000001,1002.3839999999999,60.889019999999995,-35.35098,3.4847,3.4851,3.244405,3.24442,34.8769,34.8767,6.5509,7.342110000000001,55.262,-0.5363 (avg),D:\Data\ar30-03003.hex,60 53.48 N,035 21.66 W,ar30-03,2018-06-07T08:19:03Z,003,34.8827,-9999999
80,7,Jun 07 2018 10:38:53,812.847,803.551,60.888819999999996,-35.34967,3.5534,3.5535,3.242305,3.242309,34.8835,34.8835,6.554,7.32948,55.262,-0.8099 (avg),D:\Data\ar30-03003.hex,60 53.48 N,035 21.66 W,ar30-03,2018-06-07T08:19:03Z,003,34.8847,-9999999
81,8,Jun 07 2018 10:48:09,609.4730000000001,602.797,60.88873,-35.34912,3.6459,3.6464,3.242139,3.2421900000000003,34.8902,34.8903,6.5494,7.31265,55.262,-0.8599 (avg),D:\Data\ar30-03003.hex,60 53.48 N,035 21.66 W,ar30-03,2018-06-07T08:19:03Z,003,34.8912,-9999999
82,9,Jun 07 2018 10:57:27,407.483,403.215,60.88864,-35.348459999999996,3.7398,3.7402,3.2413220000000003,3.241387,34.8883,34.8886,6.548,7.296069999999999,55.262,-0.9923 (avg),D:\Data\ar30-03003.hex,60 53.48 N,035 21.66 W,ar30-03,2018-06-07T08:19:03Z,003,34.8932,-9999999
83,10,Jun 07 2018 11:07:04,205.655,203.6,60.8885,-35.34776,4.0482,4.0485,3.2598439999999997,3.2598990000000003,34.8895,34.8898,6.4619,7.241680000000001,55.262,-0.9556 (avg),D:\Data\ar30-03003.hex,60 53.48 N,035 21.66 W,ar30-03,2018-06-07T08:19:03Z,003,34.8951,-9999999
84,11,Jun 07 2018 11:15:03,105.38,104.353,60.88844,-35.34732,4.6914,4.6919,3.313183,3.3132580000000003,34.8914,34.8917,6.6791,7.13055,55.262,-0.5936 (avg),D:\Data\ar30-03003.hex,60 53.48 N,035 21.66 W,ar30-03,2018-06-07T08:19:03Z,003,34.8959,-9999999
85,12,Jun 07 2018 11:15:11,105.552,104.523,60.88844,-35.34732,4.6913,4.6911,3.3131779999999997,3.3131839999999997,34.8914,34.8917,6.6804,7.13057,55.262,-0.6047 (avg),D:\Data\ar30-03003.hex,60 53.48 N,035 21.66 W,ar30-03,2018-06-07T08:19:03Z,003,-9999999,-9999999
86,13,Jun 07 2018 11:19:02,44.903,44.471000000000004,60.8884,-35.34704,5.3283,5.331,3.367401,3.3676660000000003,34.885,34.8852,6.8531,7.02385,55.262,-0.6728 (avg),D:\Data\ar30-03003.hex,60 53.48 N,035 21.66 W,ar30-03,2018-06-07T08:19:03Z,003,-9999999,-9999999
87,14,Jun 07 2018 11:21:46,25.295,25.053,60.88836,-35.34688,5.3974,5.3975,3.372497,3.3725300000000002,34.8819,34.8821,6.9281,7.012560000000001,55.262,-0.7018 (avg),D:\Data\ar30-03003.hex,60 53.48 N,035 21.66 W,ar30-03,2018-06-07T08:19:03Z,003,-9999999,-9999999
88,15,Jun 07 2018 11:23:52,15.272,15.126,60.88836,-35.346740000000004,5.4424,5.4426,3.3758790000000003,3.3759339999999995,34.8792,34.8795,6.9223,7.00525,55.262,-0.7738 (avg),D:\Data\ar30-03003.hex,60 53.48 N,035 21.66 W,ar30-03,2018-06-07T08:19:03Z,003,-9999999,-9999999
89,16,Jun 07 2018 11:30:02,4.702,4.657,60.88828,-35.34618,5.479,5.4796,3.378711,3.37879,34.8791,34.8794,6.9351,6.999219999999999,55.262,-0.7495 (avg),D:\Data\ar30-03003.hex,60 53.48 N,035 21.66 W,ar30-03,2018-06-07T08:19:03Z,003,34.8845,-9999999
90,17,Jun 07 2018 11:30:11,4.438,4.396,60.888259999999995,-35.34616,5.4795,5.4798,3.378735,3.378797,34.879,34.8794,6.9333,6.99914,55.262,-0.7421 (avg),D:\Data\ar30-03003.hex,60 53.48 N,035 21.66 W,ar30-03,2018-06-07T08:19:03Z,003,-9999999,-9999999
91,1,Jun 07 2018 16:05:03,2539.541,2500.35,60.6375,-36.514379999999996,2.9091,2.9103,3.260234,3.260234,34.9298,34.9286,5.9833,7.44394,55.262,-0.4348 (avg),D:\Data\ar30-03004.hex,60 38.27 N,036 30.62 W,ar30-03,2018-06-07T15:13:41Z,004,-9999999,-9999999
92,2,Jun 07 2018 16:15:05,2283.425,2249.528,60.63754,-36.515229999999995,3.0904,3.0913,3.266743,3.2667450000000002,34.9356,34.9346,5.9588,7.4104600000000005,55.262,-0.4268 (avg),D:\Data\ar30-03004.hex,60 38.27 N,036 30.62 W,ar30-03,2018-06-07T15:13:41Z,004,-9999999,-9999999
93,3,Jun 07 2018 16:25:24,2029.215,2000.28,60.63757,-36.51578,3.27,3.2704,3.2725020000000002,3.272488,34.9352,34.9345,5.9636,7.37787,55.262,-0.6836 (avg),D:\Data\ar30-03004.hex,60 38.27 N,036 30.62 W,ar30-03,2018-06-07T15:13:41Z,004,-9999999,-9999999
94,4,Jun 07 2018 16:38:17,1622.549,1600.943,60.63759,-36.51647,3.5637,3.5641,3.282061,3.2820910000000003,34.9356,34.9356,5.9619,7.325060000000001,55.262,-0.6052 (avg),D:\Data\ar30-03004.hex,60 38.27 N,036 30.62 W,ar30-03,2018-06-07T15:13:41Z,004,-9999999,-9999999
95,5,Jun 07 2018 16:49:06,1316.497,1299.907,60.637640000000005,-36.51722,3.5726,3.5727,3.267779,3.267811,34.9085,34.9088,6.1583,7.3248,55.262,-0.7412 (avg),D:\Data\ar30-03004.hex,60 38.27 N,036 30.62 W,ar30-03,2018-06-07T15:13:41Z,004,-9999999,-9999999
96,6,Jun 07 2018 17:00:04,1014.757,1002.689,60.63766999999999,-36.51806,3.5233,3.523,3.24875,3.248772,34.8877,34.8883,6.3505,7.33466,55.262,-0.4124 (avg),D:\Data\ar30-03004.hex,60 38.27 N,036 30.62 W,ar30-03,2018-06-07T15:13:41Z,004,-9999999,-9999999
97,7,Jun 07 2018 17:10:03,812.199,802.928,60.63768,-36.51855,3.5821,3.5821,3.24542,3.245485,34.8906,34.8913,6.4069,7.32401,55.262,-0.4828 (avg),D:\Data\ar30-03004.hex,60 38.27 N,036 30.62 W,ar30-03,2018-06-07T15:13:41Z,004,-9999999,-9999999
98,8,Jun 07 2018 17:20:04,610.077,603.405,60.6377,-36.518840000000004,3.7053,3.705,3.2481259999999996,3.248173,34.8981,34.899,6.3652,7.30169,55.262,-0.5567 (avg),D:\Data\ar30-03004.hex,60 38.27 N,036 30.62 W,ar30-03,2018-06-07T15:13:41Z,004,-9999999,-9999999
99,9,Jun 07 2018 17:29:21,407.98800000000006,403.722,60.6377,-36.5188,3.909,3.9088,3.257542,3.257591,34.9012,34.9021,6.2618,7.26553,55.262,-0.6574 (avg),D:\Data\ar30-03004.hex,60 38.27 N,036 30.62 W,ar30-03,2018-06-07T15:13:41Z,004,-9999999,-9999999
100,10,Jun 07 2018 17:38:23,205.66400000000002,203.614,60.6377,-36.51898,4.0812,4.0809,3.261141,3.261201,34.8698,34.8708,6.703,7.236860000000001,55.262,-0.5437 (avg),D:\Data\ar30-03004.hex,60 38.27 N,036 30.62 W,ar30-03,2018-06-07T15:13:41Z,004,-9999999,-9999999
101,11,Jun 07 2018 17:45:32,105.70100000000001,104.67299999999999,60.63771,-36.51897,4.5163,4.5187,3.295519,3.295844,34.8689,34.8702,6.7184,7.161560000000001,55.262,-0.6447 (avg),D:\Data\ar30-03004.hex,60 38.27 N,036 30.62 W,ar30-03,2018-06-07T15:13:41Z,004,-9999999,-9999999
102,12,Jun 07 2018 17:53:45,5.22,5.171,60.637719999999995,-36.51891,5.9345,5.9356,3.4187019999999997,3.4188940000000003,34.8626,34.8637,6.9527,6.92565,55.262,-0.7001 (avg),D:\Data\ar30-03004.hex,60 38.27 N,036 30.62 W,ar30-03,2018-06-07T15:13:41Z,004,-9999999,-9999999
103,1,Jun 08 2018 19:05:23,2540.257,2501.19,59.94093,-39.523959999999995,1.8797,1.88,3.166069,3.1660619999999997,34.8845,34.8841,6.4503,7.63975,19.8462, 0.7003 (avg),D:\Data\ar30-03005.hex,59 56.43 N,039 31.38 W,ar30-03,2018-06-08T18:14:14Z,005,-9999999,-9999999
104,2,Jun 08 2018 19:16:13,2030.99,2002.132,59.94079,-39.523709999999994,3.0946,3.0948,3.254998,3.254995,34.911,34.9107,6.1059,7.4109300000000005,21.1591, 0.5045 (avg),D:\Data\ar30-03005.hex,59 56.43 N,039 31.38 W,ar30-03,2018-06-08T18:14:14Z,005,-9999999,-9999999
105,3,Jun 08 2018 19:23:05,1726.112,1702.805,59.94066,-39.52347,3.4883,3.4892,3.2775260000000004,3.2776110000000003,34.9107,34.9108,6.1053,7.33978,33.9696, 0.0295 (avg),D:\Data\ar30-03005.hex,59 56.43 N,039 31.38 W,ar30-03,2018-06-08T18:14:14Z,005,-9999999,-9999999
106,4,Jun 08 2018 19:28:31,1520.775,1500.9679999999998,59.94051999999999,-39.52325,3.4581,3.4581,3.2642580000000003,3.2642919999999997,34.8859,34.8863,6.2879,7.346439999999999,55.262,-0.1658 (avg),D:\Data\ar30-03005.hex,59 56.43 N,039 31.38 W,ar30-03,2018-06-08T18:14:14Z,005,34.8928,6.601
107,5,Jun 08 2018 19:39:11,1013.805,1001.806,59.94022,-39.5227,3.4768,3.4767,3.243533,3.243598,34.8753,34.8761,6.5712,7.34362,55.262,-0.5840 (avg),D:\Data\ar30-03005.hex,59 56.43 N,039 31.38 W,ar30-03,2018-06-08T18:14:14Z,005,34.8808,6.915
108,6,Jun 08 2018 19:46:25,709.931,702.039,59.94016,-39.5226,3.6933,3.693,3.251393,3.251447,34.8973,34.8981,6.4273,7.30388,55.262,-0.2725 (avg),D:\Data\ar30-03005.hex,59 56.43 N,039 31.38 W,ar30-03,2018-06-08T18:14:14Z,005,-9999999,-9999999
109,7,Jun 08 2018 19:52:04,507.319,501.92199999999997,59.94014,-39.52256,3.8765,3.8764,3.259468,3.259544,34.9057,34.9067,6.3514,7.2710300000000005,55.262,-0.3302 (avg),D:\Data\ar30-03005.hex,59 56.43 N,039 31.38 W,ar30-03,2018-06-08T18:14:14Z,005,34.912,6.656
110,8,Jun 08 2018 19:57:08,354.79,351.14599999999996,59.9401,-39.522459999999995,4.1364,4.1359,3.275999,3.2760439999999997,34.9072,34.9082,6.3657,7.2254,55.262,-0.3876 (avg),D:\Data\ar30-03005.hex,59 56.43 N,039 31.38 W,ar30-03,2018-06-08T18:14:14Z,005,-9999999,-9999999
111,9,Jun 08 2018 20:01:03,254.488,251.93400000000003,59.940059999999995,-39.52239,4.4351,4.435,3.29875,3.2988440000000003,34.9129,34.9141,6.2885,7.1733899999999995,55.262,-0.1782 (avg),D:\Data\ar30-03005.hex,59 56.43 N,039 31.38 W,ar30-03,2018-06-08T18:14:14Z,005,34.9174,6.598
112,10,Jun 08 2018 20:03:30,206.44299999999998,204.395,59.94,-39.52234,4.6406,4.6396,3.314343,3.31435,34.9045,34.9056,6.5434,7.13858,55.262,-0.3344 (avg),D:\Data\ar30-03005.hex,59 56.43 N,039 31.38 W,ar30-03,2018-06-08T18:14:14Z,005,-9999999,-9999999
113,11,Jun 08 2018 20:06:23,151.46200000000002,149.98,59.939980000000006,-39.522240000000004,4.7637,4.7667,3.322544,3.322981,34.9,34.9019,6.3341,7.11785,55.262,-0.4378 (avg),D:\Data\ar30-03005.hex,59 56.43 N,039 31.38 W,ar30-03,2018-06-08T18:14:14Z,005,-9999999,-9999999
114,12,Jun 08 2018 20:08:25,131.784,130.5,59.939919999999994,-39.52214,4.6615,4.6614,3.310198,3.310283,34.8738,34.875,6.3247,7.136480000000001,55.262,-0.4350 (avg),D:\Data\ar30-03005.hex,59 56.43 N,039 31.38 W,ar30-03,2018-06-08T18:14:14Z,005,34.8788,6.617
115,13,Jun 08 2018 20:10:53,101.681,100.698,59.93982,-39.52198,4.7604,4.7622,3.317932,3.318199,34.8762,34.8774,6.3505,7.11954,55.262,-0.2806 (avg),D:\Data\ar30-03005.hex,59 56.43 N,039 31.38 W,ar30-03,2018-06-08T18:14:14Z,005,34.8843,6.629
116,14,Jun 08 2018 20:11:03,101.035,100.05799999999999,59.93982,-39.52198,4.761,4.7615,3.317974,3.318139,34.8764,34.8779,6.3516,7.11942,55.262,-0.2982 (avg),D:\Data\ar30-03005.hex,59 56.43 N,039 31.38 W,ar30-03,2018-06-08T18:14:14Z,005,-9999999,-9999999
117,15,Jun 08 2018 20:13:32,81.656,80.87,59.939730000000004,-39.52182,5.1685,5.1683,3.3570910000000005,3.357168,34.9135,34.9146,6.5546,7.04908,55.262,-0.2232 (avg),D:\Data\ar30-03005.hex,59 56.43 N,039 31.38 W,ar30-03,2018-06-08T18:14:14Z,005,34.9191,6.859
118,16,Jun 08 2018 20:16:21,51.169,50.68,59.93965,-39.52169,5.3591,5.3592,3.372268,3.3723919999999996,34.9055,34.9068,6.6332,7.01778,55.262,-0.4130 (avg),D:\Data\ar30-03005.hex,59 56.43 N,039 31.38 W,ar30-03,2018-06-08T18:14:14Z,005,-9999999,-9999999
119,17,Jun 08 2018 20:18:25,41.486999999999995,41.092,59.93962,-39.52163,5.5126,5.5126,3.3854349999999998,3.38553,34.9018,34.9029,6.7282,6.99263,55.262,-0.4692 (avg),D:\Data\ar30-03005.hex,59 56.43 N,039 31.38 W,ar30-03,2018-06-08T18:14:14Z,005,34.9042,7.04
120,18,Jun 08 2018 20:18:40,40.84,40.451,59.93962,-39.521640000000005,5.5139,5.5144,3.385477,3.385618,34.9013,34.9024,6.7276,6.992439999999999,55.262,-0.4408 (avg),D:\Data\ar30-03005.hex,59 56.43 N,039 31.38 W,ar30-03,2018-06-08T18:14:14Z,005,-9999999,-9999999
121,19,Jun 08 2018 20:20:38,21.261,21.06,59.93958000000001,-39.52154,5.6468,5.6267,3.3943480000000004,3.39285,34.875,34.8787,6.8305,6.97187,55.262,-0.4775 (avg),D:\Data\ar30-03005.hex,59 56.43 N,039 31.38 W,ar30-03,2018-06-08T18:14:14Z,005,34.8829,7.172
122,20,Jun 08 2018 20:23:29,12.965,12.842,59.9396,-39.52162,5.8098,5.809,3.4082199999999996,3.4082470000000002,34.8684,34.8696,7.0587,6.945589999999999,55.262,-0.6080 (avg),D:\Data\ar30-03005.hex,59 56.43 N,039 31.38 W,ar30-03,2018-06-08T18:14:14Z,005,34.8733,7.403
123,21,Jun 08 2018 20:25:55,3.017,2.989,59.93965,-39.52167,5.8248,5.8242,3.408979,3.409103,34.8668,34.8688,7.0669,6.943239999999999,55.262,-0.6411 (avg),D:\Data\ar30-03005.hex,59 56.43 N,039 31.38 W,ar30-03,2018-06-08T18:14:14Z,005,34.8725,7.412
124,22,Jun 08 2018 20:26:25,3.305,3.2739999999999996,59.939659999999996,-39.52169,5.8251,5.8248,3.409069,3.409163,34.8673,34.8687,7.0791,6.943160000000001,55.262,-0.6654 (avg),D:\Data\ar30-03005.hex,59 56.43 N,039 31.38 W,ar30-03,2018-06-08T18:14:14Z,005,-9999999,-9999999
125,1,Jun 15 2018 16:43:26,2794.205,2749.656,59.74695,-39.58566,1.3707,1.3713,3.131552,3.131589,34.8855,34.8853,6.5237,7.73867,55.262,-0.9385 (avg),D:\Data\ar30-03014.hex,59 44.59 N,039 35.05 W,ar30-03,2018-06-15T15:52:39Z,014,34.8886,-9999999
126,2,Jun 15 2018 16:46:17,2742.884,2699.474,59.74756,-39.5859,1.7326,1.7331,3.161104,3.161088,34.8854,34.8848,6.4635,7.668069999999999,55.262,-0.9840 (avg),D:\Data\ar30-03014.hex,59 44.59 N,039 35.05 W,ar30-03,2018-06-15T15:52:39Z,014,34.888,-9999999
127,3,Jun 15 2018 16:51:34,2539.9770000000003,2500.955,59.747980000000005,-39.58618,2.4147,2.4155,3.2141599999999997,3.2141740000000003,34.8994,34.8988,6.258,7.537310000000001,55.262,-0.9321 (avg),D:\Data\ar30-03014.hex,59 44.59 N,039 35.05 W,ar30-03,2018-06-15T15:52:39Z,014,34.9028,-9999999
128,4,Jun 15 2018 16:58:47,2280.647,2246.966,59.74756,-39.58628,2.9692,2.97,3.254021,3.254084,34.913,34.9129,6.0878,7.43375,55.262,-0.9950 (avg),D:\Data\ar30-03014.hex,59 44.59 N,039 35.05 W,ar30-03,2018-06-15T15:52:39Z,014,34.9166,-9999999
129,5,Jun 15 2018 17:34:07,1825.8310000000001,1800.783,59.75225,-39.58702,3.4845,3.4849,3.282539,3.2825949999999997,34.9258,34.9261,5.9672,7.33971,55.262,-1.0693 (avg),D:\Data\ar30-03014.hex,59 44.59 N,039 35.05 W,ar30-03,2018-06-15T15:52:39Z,014,34.9303,-9999999
130,6,Jun 15 2018 17:40:44,1519.442,1499.68,59.75224,-39.58717,3.4891,3.4893,3.267357,3.267445,34.8907,34.8915,6.2495,7.34064,55.262,-1.0681 (avg),D:\Data\ar30-03014.hex,59 44.59 N,039 35.05 W,ar30-03,2018-06-15T15:52:39Z,014,34.8945,-9999999
131,7,Jun 15 2018 17:47:25,1215.297,1200.356,59.75224,-39.58724,3.3686,3.3688,3.2417119999999997,3.2418009999999997,34.8651,34.866,6.4753,7.363569999999999,55.262,-1.0452 (avg),D:\Data\ar30-03014.hex,59 44.59 N,039 35.05 W,ar30-03,2018-06-15T15:52:39Z,014,34.8696,-9999999
132,8,Jun 15 2018 17:52:24,1012.262,1000.3,59.7522,-39.58736,3.3956,3.3957,3.2356540000000003,3.23575,34.8681,34.8692,6.5245,7.358560000000001,55.262,-1.0764 (avg),D:\Data\ar30-03014.hex,59 44.59 N,039 35.05 W,ar30-03,2018-06-15T15:52:39Z,014,34.8717,-9999999
133,9,Jun 15 2018 17:58:36,760.763,752.225,59.752140000000004,-39.58761,3.4761,3.476,3.2326580000000003,3.232754,34.8777,34.879,6.5292,7.343610000000001,55.262,-1.0546 (avg),D:\Data\ar30-03014.hex,59 44.59 N,039 35.05 W,ar30-03,2018-06-15T15:52:39Z,014,34.8814,-9999999
134,10,Jun 15 2018 18:04:25,505.815,500.444,59.752019999999995,-39.587959999999995,3.5811,3.5807,3.2314529999999997,3.231537,34.8867,34.8881,6.542,7.324380000000001,55.262,-1.0422 (avg),D:\Data\ar30-03014.hex,59 44.59 N,039 35.05 W,ar30-03,2018-06-15T15:52:39Z,014,34.8894,-9999999
135,11,Jun 15 2018 18:11:14,205.727,203.68900000000002,59.751819999999995,-39.588409999999996,3.9916,3.9906,3.255486,3.2555330000000002,34.8978,34.8995,6.4962,7.25117,55.262,-1.0585 (avg),D:\Data\ar30-03014.hex,59 44.59 N,039 35.05 W,ar30-03,2018-06-15T15:52:39Z,014,34.9026,-9999999
136,12,Jun 15 2018 18:14:07,130.107,128.842,59.751740000000005,-39.58858,4.3413,4.3414,3.2826120000000003,3.282745,34.8888,34.8903,6.7064,7.19073,55.262,-0.9589 (avg),D:\Data\ar30-03014.hex,59 44.59 N,039 35.05 W,ar30-03,2018-06-15T15:52:39Z,014,-9999999,-9999999
137,13,Jun 15 2018 18:16:26,90.5,89.62899999999999,59.7517,-39.58868,4.5594,4.5592,3.3008889999999997,3.300997,34.8946,34.896,6.6689,7.152939999999999,55.262,-1.0452 (avg),D:\Data\ar30-03014.hex,59 44.59 N,039 35.05 W,ar30-03,2018-06-15T15:52:39Z,014,-9999999,-9999999
138,14,Jun 15 2018 18:19:07,59.68,59.11,59.7516,-39.58887,4.8394,4.8386,3.323764,3.323829,34.8836,34.8852,6.734,7.10579,55.262,-1.0328 (avg),D:\Data\ar30-03014.hex,59 44.59 N,039 35.05 W,ar30-03,2018-06-15T15:52:39Z,014,34.8877,-9999999
139,15,Jun 15 2018 18:21:03,29.831999999999997,29.55,59.751569999999994,-39.589,5.284,5.2849,3.360467,3.3606519999999995,34.8593,34.8605,7.0419,7.0324,55.262,-1.0494 (avg),D:\Data\ar30-03014.hex,59 44.59 N,039 35.05 W,ar30-03,2018-06-15T15:52:39Z,014,-9999999,-9999999
140,16,Jun 15 2018 18:22:49,15.126,14.982999999999999,59.75151999999999,-39.58909,5.4346,5.4339,3.3730870000000004,3.373147,34.8553,34.8566,7.1844,7.00765,55.262,-1.0521 (avg),D:\Data\ar30-03014.hex,59 44.59 N,039 35.05 W,ar30-03,2018-06-15T15:52:39Z,014,-9999999,-9999999
141,17,Jun 15 2018 18:24:39,5.078,5.031000000000001,59.751419999999996,-39.589240000000004,5.8794,5.8795,3.411978,3.412177,34.8434,34.8455,7.1238,6.93547,55.262,-1.0436 (avg),D:\Data\ar30-03014.hex,59 44.59 N,039 35.05 W,ar30-03,2018-06-15T15:52:39Z,014,34.8458,-9999999
142,1,Jun 16 2018 14:48:08,2844.494,2798.825,59.7181,-39.33948,1.4084,1.4093,3.1368970000000003,3.136935,34.8874,34.8869,6.5029,7.731160000000001,55.262,-0.9887 (avg),D:\Data\ar30-03015.hex,59 43.05 N,039 20.31 W,ar30-03,2018-06-16T13:54:45Z,015,34.892,6.939
143,2,Jun 16 2018 15:00:18,2231.765,2199.061,59.71779,-39.33895,3.0972,3.0976,3.264193,3.26421,34.9224,34.9222,6.0148,7.409889999999999,55.262,-0.9909 (avg),D:\Data\ar30-03015.hex,59 43.05 N,039 20.31 W,ar30-03,2018-06-16T13:54:45Z,015,34.9274,6.394
144,3,Jun 16 2018 15:24:28,1822.059,1797.0829999999999,59.71676,-39.33744,3.504,3.5046,3.283918,3.284014,34.9235,34.9239,5.9762,7.33634,55.262,-0.9862 (avg),D:\Data\ar30-03015.hex,59 43.05 N,039 20.31 W,ar30-03,2018-06-16T13:54:45Z,015,34.9272,6.274
145,4,Jun 16 2018 15:31:19,1520.71,1500.931,59.71641999999999,-39.3369,3.3392,3.3394,3.251983,3.2520569999999998,34.8654,34.8661,6.4495,7.36885,55.262,-1.0256 (avg),D:\Data\ar30-03015.hex,59 43.05 N,039 20.31 W,ar30-03,2018-06-16T13:54:45Z,015,34.8705,6.821
146,5,Jun 16 2018 15:41:36,1013.828,1001.847,59.71584,-39.33596,3.3018,3.3014,3.2265330000000003,3.226593,34.8577,34.8588,6.5647,7.37599,55.262,-0.9917 (avg),D:\Data\ar30-03015.hex,59 43.05 N,039 20.31 W,ar30-03,2018-06-16T13:54:45Z,015,34.8617,6.917
147,6,Jun 16 2018 15:47:52,763.0310000000001,754.465,59.71546,-39.33542,3.3858,3.3855,3.223921,3.224004,34.868,34.8693,6.5877,7.360339999999999,55.262,-1.0005 (avg),D:\Data\ar30-03015.hex,59 43.05 N,039 20.31 W,ar30-03,2018-06-16T13:54:45Z,015,34.8727,6.932
148,7,Jun 16 2018 15:56:14,356.35400000000004,352.69800000000004,59.71532,-39.335159999999995,3.5529,3.5526,3.2215380000000002,3.2216419999999997,34.8784,34.88,6.6191,7.32982,55.262,-1.0436 (avg),D:\Data\ar30-03015.hex,59 43.05 N,039 20.31 W,ar30-03,2018-06-16T13:54:45Z,015,34.8818,6.943
149,8,Jun 16 2018 16:01:36,182.08900000000003,180.297,59.715419999999995,-39.33535,3.9619,3.9613,3.2513259999999997,3.2513900000000002,34.8928,34.8942,6.5387,7.256639999999999,55.262,-1.0228 (avg),D:\Data\ar30-03015.hex,59 43.05 N,039 20.31 W,ar30-03,2018-06-16T13:54:45Z,015,34.8951,6.853
150,9,Jun 16 2018 16:04:17,131.037,129.763,59.71546,-39.3354,4.1052,4.1049,3.260691,3.260797,34.8794,34.881,6.753,7.2322,55.262,-1.0361 (avg),D:\Data\ar30-03015.hex,59 43.05 N,039 20.31 W,ar30-03,2018-06-16T13:54:45Z,015,34.8814,7.083
151,10,Jun 16 2018 16:04:30,131.976,130.69299999999998,59.71546,-39.335390000000004,4.1028,4.1025,3.260539,3.260642,34.8796,34.8812,6.7613,7.23261,55.262,-1.0361 (avg),D:\Data\ar30-03015.hex,59 43.05 N,039 20.31 W,ar30-03,2018-06-16T13:54:45Z,015,-9999999,-9999999
152,11,Jun 16 2018 16:06:45,91.727,90.844,59.71548000000001,-39.33543,4.2863,4.2852,3.2753639999999997,3.275389,34.8823,34.8838,6.7652,7.20056,55.262,-1.0206 (avg),D:\Data\ar30-03015.hex,59 43.05 N,039 20.31 W,ar30-03,2018-06-16T13:54:45Z,015,34.8863,7.074
153,12,Jun 16 2018 16:06:54,91.36200000000001,90.48299999999999,59.71549,-39.335440000000006,4.2869,4.286,3.275402,3.275451,34.8823,34.8838,6.7666,7.2004600000000005,55.262,-1.0206 (avg),D:\Data\ar30-03015.hex,59 43.05 N,039 20.31 W,ar30-03,2018-06-16T13:54:45Z,015,-9999999,-9999999
154,13,Jun 16 2018 16:09:04,60.644,60.065,59.715559999999996,-39.33552,4.356,4.3567,3.279953,3.2801699999999996,34.8795,34.8813,6.727,7.1886399999999995,55.262,-1.0159 (avg),D:\Data\ar30-03015.hex,59 43.05 N,039 20.31 W,ar30-03,2018-06-16T13:54:45Z,015,34.8825,7.023
155,14,Jun 16 2018 16:09:14,60.663999999999994,60.085,59.715559999999996,-39.33554,4.3593,4.3614,3.280269,3.2806019999999996,34.8797,34.8814,6.7223,7.188060000000001,55.262,-1.0298 (avg),D:\Data\ar30-03015.hex,59 43.05 N,039 20.31 W,ar30-03,2018-06-16T13:54:45Z,015,-9999999,-9999999
156,15,Jun 16 2018 16:10:40,50.516000000000005,50.035,59.71558,-39.33562,4.4776,4.4775,3.290951,3.291082,34.8858,34.8875,6.6082,7.167389999999999,55.262,-1.0181 (avg),D:\Data\ar30-03015.hex,59 43.05 N,039 20.31 W,ar30-03,2018-06-16T13:54:45Z,015,-9999999,-9999999
157,16,Jun 16 2018 16:13:13,30.651,30.36,59.715619999999994,-39.33566,4.9925,4.992,3.332359,3.332382,34.8385,34.8393,7.1203,7.082110000000001,55.262,-0.8965 (avg),D:\Data\ar30-03015.hex,59 43.05 N,039 20.31 W,ar30-03,2018-06-16T13:54:45Z,015,34.8432,7.481
158,17,Jun 16 2018 16:13:24,30.72,30.429000000000002,59.715619999999994,-39.33566,4.9928,4.992,3.3323910000000003,3.33245,34.8385,34.84,7.1247,7.08206,55.262,-0.8651 (avg),D:\Data\ar30-03015.hex,59 43.05 N,039 20.31 W,ar30-03,2018-06-16T13:54:45Z,015,-9999999,-9999999
159,18,Jun 16 2018 16:13:35,31.430999999999997,31.133000000000003,59.715619999999994,-39.33566,4.9924,4.9918,3.332422,3.332478,34.8389,34.8402,7.1258,7.0821,55.262,-0.9004 (avg),D:\Data\ar30-03015.hex,59 43.05 N,039 20.31 W,ar30-03,2018-06-16T13:54:45Z,015,-9999999,-9999999
160,19,Jun 16 2018 16:15:08,20.415,20.222,59.715619999999994,-39.33566,5.0744,5.0722,3.339147,3.339061,34.8369,34.8383,7.2016,7.06843,55.262,-0.9302 (avg),D:\Data\ar30-03015.hex,59 43.05 N,039 20.31 W,ar30-03,2018-06-16T13:54:45Z,015,-9999999,-9999999
161,20,Jun 16 2018 16:15:18,20.845,20.648000000000003,59.715619999999994,-39.33566,5.072,5.0677,3.338976,3.33874,34.8372,34.839,7.2064,7.06882,55.262,-0.8853 (avg),D:\Data\ar30-03015.hex,59 43.05 N,039 20.31 W,ar30-03,2018-06-16T13:54:45Z,015,-9999999,-9999999
162,21,Jun 16 2018 16:17:18,4.622,4.579,59.715619999999994,-39.33566,6.0332,6.0371,3.4259,3.426346,34.8426,34.8436,7.345,6.910639999999999,55.262,-0.8770 (avg),D:\Data\ar30-03015.hex,59 43.05 N,039 20.31 W,ar30-03,2018-06-16T13:54:45Z,015,-9999999,-9999999
163,22,Jun 16 2018 16:17:28,4.621,4.577,59.715619999999994,-39.33566,6.0351,6.0446,3.426099,3.4270519999999998,34.8429,34.8439,7.3421,6.91032,55.262,-0.9059 (avg),D:\Data\ar30-03015.hex,59 43.05 N,039 20.31 W,ar30-03,2018-06-16T13:54:45Z,015,-9999999,-9999999
164,1,Jun 17 2018 12:41:37,2072.901,2043.2579999999998,59.87856,-41.138490000000004,2.1743,2.1754,3.1737029999999997,3.173811,34.8881,34.8883,6.3589,7.583289999999999,55.262,-0.9638 (avg),D:\Data\ar30-03016.hex,59 52.71 N,041 08.31 W,ar30-03,2018-06-17T12:01:00Z,016,34.8914,-9999999
165,2,Jun 17 2018 12:46:12,1925.638,1898.756,59.87856,-41.138490000000004,2.5069,2.5069,3.198371,3.19837,34.905,34.905,6.1948,7.51975,55.262,-0.9928 (avg),D:\Data\ar30-03016.hex,59 52.71 N,041 08.31 W,ar30-03,2018-06-17T12:01:00Z,016,34.9085,-9999999
166,3,Jun 17 2018 12:50:31,1773.85,1749.711,59.87858000000001,-41.13848,2.9835,2.9834,3.235959,3.235963,34.9257,34.9259,6.0035,7.43048,55.262,-1.0168 (avg),D:\Data\ar30-03016.hex,59 52.71 N,041 08.31 W,ar30-03,2018-06-17T12:01:00Z,016,34.9284,-9999999
167,4,Jun 17 2018 12:56:37,1520.38,1500.5870000000002,59.87856,-41.138490000000004,3.3439,3.3443,3.2566900000000003,3.256756,34.9168,34.9172,6.0483,7.3654399999999995,55.262,-1.0030 (avg),D:\Data\ar30-03016.hex,59 52.71 N,041 08.31 W,ar30-03,2018-06-17T12:01:00Z,016,34.9227,-9999999
168,5,Jun 17 2018 13:02:38,1266.239,1250.507,59.87856,-41.13848,3.4801,3.4801,3.256316,3.256384,34.8955,34.8962,6.2061,7.34202,55.262,-1.0159 (avg),D:\Data\ar30-03016.hex,59 52.71 N,041 08.31 W,ar30-03,2018-06-17T12:01:00Z,016,34.9008,-9999999
169,6,Jun 17 2018 13:08:47,1013.921,1001.925,59.87858000000001,-41.138459999999995,3.4455,3.4455,3.240752,3.240848,34.8752,34.8763,6.4709,7.349239999999999,55.262,-1.0165 (avg),D:\Data\ar30-03016.hex,59 52.71 N,041 08.31 W,ar30-03,2018-06-17T12:01:00Z,016,34.8796,-9999999
170,7,Jun 17 2018 13:15:19,761.332,752.779,59.87858000000001,-41.138459999999995,3.5976,3.5972,3.2442349999999998,3.2443020000000002,34.8865,34.8877,6.5154,7.32143,55.262,-1.0173 (avg),D:\Data\ar30-03016.hex,59 52.71 N,041 08.31 W,ar30-03,2018-06-17T12:01:00Z,016,34.8898,-9999999
171,8,Jun 17 2018 13:22:08,505.18800000000005,499.82,59.87858000000001,-41.138459999999995,3.9349,3.935,3.2635959999999997,3.263712,34.8939,34.8952,6.4988,7.26133,55.262,-0.9912 (avg),D:\Data\ar30-03016.hex,59 52.71 N,041 08.31 W,ar30-03,2018-06-17T12:01:00Z,016,34.8979,-9999999
172,9,Jun 17 2018 13:29:39,205.567,203.52900000000002,59.87858000000001,-41.13847,4.9011,4.9011,3.338821,3.338932,34.9164,34.9177,6.3184,7.0938,55.262,-0.9125 (avg),D:\Data\ar30-03016.hex,59 52.71 N,041 08.31 W,ar30-03,2018-06-17T12:01:00Z,016,34.9191,-9999999
173,10,Jun 17 2018 13:33:07,101.95200000000001,100.96700000000001,59.87858000000001,-41.138459999999995,5.4339,5.433,3.382829,3.3828699999999996,34.9222,34.9236,6.5348,7.00465,55.262,-0.7062 (avg),D:\Data\ar30-03016.hex,59 52.71 N,041 08.31 W,ar30-03,2018-06-17T12:01:00Z,016,34.9258,-9999999
174,11,Jun 17 2018 13:35:49,75.288,74.565,59.87858000000001,-41.138459999999995,5.5203,5.5219,3.3889080000000003,3.389188,34.9158,34.9174,6.5729,6.990710000000001,55.262,-0.6767 (avg),D:\Data\ar30-03016.hex,59 52.71 N,041 08.31 W,ar30-03,2018-06-17T12:01:00Z,016,-9999999,-9999999
175,12,Jun 17 2018 13:38:54,49.495,49.023,59.87856,-41.13845,5.5629,5.5608,3.3882230000000004,3.38818,34.8772,34.8789,6.6564,6.9855100000000006,55.262,-0.7214 (avg),D:\Data\ar30-03016.hex,59 52.71 N,041 08.31 W,ar30-03,2018-06-17T12:01:00Z,016,34.8792,-9999999
176,13,Jun 17 2018 13:40:41,29.963,29.679000000000002,59.878569999999996,-41.13847,5.9196,5.9393,3.416004,3.417814,34.8345,34.8347,6.9831,6.92935,55.262,-0.7837 (avg),D:\Data\ar30-03016.hex,59 52.71 N,041 08.31 W,ar30-03,2018-06-17T12:01:00Z,016,-9999999,-9999999
177,14,Jun 17 2018 13:42:19,14.389000000000001,14.253,59.87858000000001,-41.13847,6.2341,6.2322,3.441179,3.441128,34.8033,34.8047,7.4279,6.88022,55.262,-0.8576 (avg),D:\Data\ar30-03016.hex,59 52.71 N,041 08.31 W,ar30-03,2018-06-17T12:01:00Z,016,-9999999,-9999999
178,15,Jun 17 2018 13:43:48,3.931,3.8939999999999997,59.87856,-41.13848,6.3747,6.364,3.4515309999999997,3.450851,34.781,34.7843,7.7211,6.85885,55.262,-0.9062 (avg),D:\Data\ar30-03016.hex,59 52.71 N,041 08.31 W,ar30-03,2018-06-17T12:01:00Z,016,34.7879,-9999999
179,1,Jun 18 2018 13:52:33,2491.453,2453.433,59.848380000000006,-40.708259999999996,1.5106,1.5114,3.132114,3.132175,34.8861,34.886,6.454,7.71121,55.262,-1.0077 (avg),D:\Data\ar30-03017.hex,59 51.17 N,040 42.29 W,ar30-03,2018-06-18T13:04:33Z,017,34.8908,-9999999
180,2,Jun 18 2018 14:00:24,2235.041,2202.25,59.8477,-40.70984,2.2428,2.2434,3.186832,3.186866,34.8961,34.8959,6.2674,7.5699,55.262,-1.0397 (avg),D:\Data\ar30-03017.hex,59 51.17 N,040 42.29 W,ar30-03,2018-06-18T13:04:33Z,017,34.8995,-9999999
181,3,Jun 18 2018 14:05:56,2033.809,2004.9129999999998,59.847609999999996,-40.710029999999996,2.8766,2.8763,3.236882,3.2368580000000002,34.9236,34.9236,5.99,7.45022,55.262,-1.0079 (avg),D:\Data\ar30-03017.hex,59 51.17 N,040 42.29 W,ar30-03,2018-06-18T13:04:33Z,017,34.927,-9999999
182,4,Jun 18 2018 14:16:32,1519.819,1500.039,59.84741999999999,-40.71038,3.536,3.5363,3.273367,3.2734389999999998,34.9123,34.9129,6.0237,7.331160000000001,55.262,-1.0240 (avg),D:\Data\ar30-03017.hex,59 51.17 N,040 42.29 W,ar30-03,2018-06-18T13:04:33Z,017,34.917,-9999999
183,5,Jun 18 2018 14:22:55,1266.152,1250.425,59.846430000000005,-40.71268,3.3082,3.3087,3.237861,3.237977,34.8573,34.8582,6.4844,7.374860000000001,55.262,-0.9840 (avg),D:\Data\ar30-03017.hex,59 51.17 N,040 42.29 W,ar30-03,2018-06-18T13:04:33Z,017,34.8619,-9999999
184,6,Jun 18 2018 14:28:48,1013.485,1001.498,59.84584,-40.71394,3.386,3.3859,3.2346790000000003,3.234761,34.866,34.8671,6.4901,7.36039,55.262,-1.0646 (avg),D:\Data\ar30-03017.hex,59 51.17 N,040 42.29 W,ar30-03,2018-06-18T13:04:33Z,017,34.8713,-9999999
185,7,Jun 18 2018 14:35:38,761.008,752.461,59.8459,-40.713840000000005,3.536,3.5354,3.238501,3.238546,34.8837,34.885,6.4335,7.33259,55.262,-1.0521 (avg),D:\Data\ar30-03017.hex,59 51.17 N,040 42.29 W,ar30-03,2018-06-18T13:04:33Z,017,34.8871,-9999999
186,8,Jun 18 2018 14:42:04,506.161,500.782,59.84551999999999,-40.71468,3.6857,3.6868,3.241037,3.241264,34.8897,34.8912,6.4566,7.3056,55.262,-1.0176 (avg),D:\Data\ar30-03017.hex,59 51.17 N,040 42.29 W,ar30-03,2018-06-18T13:04:33Z,017,34.8932,-9999999
187,9,Jun 18 2018 14:48:49,205.36700000000002,203.332,59.84502,-40.7159,4.3948,4.3933,3.290814,3.2907940000000004,34.8883,34.8897,6.6089,7.18151,55.262,-0.9616 (avg),D:\Data\ar30-03017.hex,59 51.17 N,040 42.29 W,ar30-03,2018-06-18T13:04:33Z,017,34.8924,-9999999
188,10,Jun 18 2018 14:53:43,101.63,100.649,59.844319999999996,-40.71748,4.9972,4.9921,3.3423339999999997,3.341969,34.9115,34.9127,6.3079,7.07786,55.262,-0.6560 (avg),D:\Data\ar30-03017.hex,59 51.17 N,040 42.29 W,ar30-03,2018-06-18T13:04:33Z,017,34.9162,-9999999
189,11,Jun 18 2018 14:56:33,75.977,75.248,59.843830000000004,-40.71856,5.1736,5.1691,3.357104,3.3568550000000004,34.9114,34.9132,6.393,7.04833,55.262,-0.9054 (avg),D:\Data\ar30-03017.hex,59 51.17 N,040 42.29 W,ar30-03,2018-06-18T13:04:33Z,017,-9999999,-9999999
190,12,Jun 18 2018 14:59:00,49.53,49.056999999999995,59.843419999999995,-40.71954,5.3945,5.395,3.3758879999999998,3.3760589999999997,34.9111,34.9125,6.4765,7.01167,55.262,-0.8196 (avg),D:\Data\ar30-03017.hex,59 51.17 N,040 42.29 W,ar30-03,2018-06-18T13:04:33Z,017,34.9154,-9999999
191,13,Jun 18 2018 15:01:10,29.381999999999998,29.103,59.84304,-40.720420000000004,5.6071,5.6081,3.3933089999999995,3.393522,34.9,34.9015,6.5744,6.9772,55.262,-0.5785 (avg),D:\Data\ar30-03017.hex,59 51.17 N,040 42.29 W,ar30-03,2018-06-18T13:04:33Z,017,-9999999,-9999999
192,14,Jun 18 2018 15:03:06,14.767999999999999,14.629000000000001,59.84271999999999,-40.7211,5.7684,5.7715,3.405294,3.405796,34.8771,34.8796,6.8869,6.95193,55.262,-0.9167 (avg),D:\Data\ar30-03017.hex,59 51.17 N,040 42.29 W,ar30-03,2018-06-18T13:04:33Z,017,-9999999,-9999999
193,15,Jun 18 2018 15:05:05,4.906000000000001,4.86,59.84251999999999,-40.72157,6.5044,6.5054,3.471655,3.471859,34.8729,34.8742,7.2049,6.83415,55.262,-0.9834 (avg),D:\Data\ar30-03017.hex,59 51.17 N,040 42.29 W,ar30-03,2018-06-18T13:04:33Z,017,34.8784,-9999999
194,1,Jun 18 2018 16:50:04,2319.839,2285.345,59.88114,-40.898959999999995,1.76,1.7607,3.147133,3.147189,34.8862,34.8862,6.4062,7.662730000000001,55.262,-1.0477 (avg),D:\Data\ar30-03018.hex,59 52.87 N,040 53.94 W,ar30-03,2018-06-18T16:05:20Z,018,34.8898,-9999999
195,2,Jun 18 2018 16:54:14,2231.778,2199.045,59.88114,-40.898959999999995,1.9889,1.9896,3.164185,3.164245,34.8927,34.8927,6.3366,7.61837,55.262,-1.0596 (avg),D:\Data\ar30-03018.hex,59 52.87 N,040 53.94 W,ar30-03,2018-06-18T16:05:20Z,018,34.8959,-9999999
196,3,Jun 18 2018 17:00:05,2028.398,1999.599,59.88114,-40.89898,2.5879,2.5884,3.209109,3.209157,34.8984,34.8985,6.1997,7.50497,55.262,-1.0552 (avg),D:\Data\ar30-03018.hex,59 52.87 N,040 53.94 W,ar30-03,2018-06-18T16:05:20Z,018,34.9014,-9999999
197,4,Jun 18 2018 17:11:12,1521.319,1501.51,59.88114,-40.898959999999995,3.4218,3.4218,3.263415,3.26347,34.914,34.9147,6.0303,7.351560000000001,55.262,-1.0563 (avg),D:\Data\ar30-03018.hex,59 52.87 N,040 53.94 W,ar30-03,2018-06-18T16:05:20Z,018,34.9168,-9999999
198,5,Jun 18 2018 17:17:24,1267.491,1251.74,59.88114,-40.898990000000005,3.4472,3.4474,3.252313,3.252415,34.8819,34.883,6.2665,7.34859,55.262,-0.9528 (avg),D:\Data\ar30-03018.hex,59 52.87 N,040 53.94 W,ar30-03,2018-06-18T16:05:20Z,018,34.8851,-9999999
199,6,Jun 18 2018 17:23:32,1014.444,1002.441,59.88114,-40.89902,3.484,3.4836,3.2444189999999997,3.244491,34.8779,34.8792,6.4185,7.3422,55.262,-1.0993 (avg),D:\Data\ar30-03018.hex,59 52.87 N,040 53.94 W,ar30-03,2018-06-18T16:05:20Z,018,34.882,-9999999
200,7,Jun 18 2018 17:30:53,762.482,753.913,59.88114,-40.89898,3.6511,3.6508,3.249547,3.2496259999999997,34.8925,34.8938,6.3999,7.311610000000001,55.262,-1.0932 (avg),D:\Data\ar30-03018.hex,59 52.87 N,040 53.94 W,ar30-03,2018-06-18T16:05:20Z,018,34.8973,-9999999
201,8,Jun 18 2018 17:37:56,505.728,500.353,59.88114,-40.89898,3.9666,3.9663,3.2675650000000003,3.2676580000000004,34.907,34.9084,6.2561,7.25511,55.262,-1.0389 (avg),D:\Data\ar30-03018.hex,59 52.87 N,040 53.94 W,ar30-03,2018-06-18T16:05:20Z,018,34.9109,-9999999
202,9,Jun 18 2018 17:45:23,203.18400000000003,201.171,59.881159999999994,-40.89898,4.9315,4.9308,3.341706,3.34176,34.9193,34.9207,6.2546,7.088539999999999,55.262,-0.8734 (avg),D:\Data\ar30-03018.hex,59 52.87 N,040 53.94 W,ar30-03,2018-06-18T16:05:20Z,018,34.9233,-9999999
203,10,Jun 18 2018 17:49:34,101.255,100.277,59.881159999999994,-40.89895,5.2749,5.2742,3.3678480000000004,3.367921,34.9161,34.9176,6.4473,7.03125,55.262,-0.8643 (avg),D:\Data\ar30-03018.hex,59 52.87 N,040 53.94 W,ar30-03,2018-06-18T16:05:20Z,018,34.9187,-9999999
204,11,Jun 18 2018 17:51:41,75.954,75.225,59.881159999999994,-40.89898,5.4424,5.44,3.381946,3.381876,34.9168,34.9185,6.4901,7.003489999999999,55.262,-1.0022 (avg),D:\Data\ar30-03018.hex,59 52.87 N,040 53.94 W,ar30-03,2018-06-18T16:05:20Z,018,-9999999,-9999999
205,12,Jun 18 2018 17:53:35,50.052,49.575,59.88115,-40.899,5.6233,5.6234,3.3962470000000002,3.3963980000000005,34.9059,34.9076,6.5889,6.97427,55.262,-1.0148 (avg),D:\Data\ar30-03018.hex,59 52.87 N,040 53.94 W,ar30-03,2018-06-18T16:05:20Z,018,34.9107,-9999999
206,13,Jun 18 2018 17:55:49,35.088,34.755,59.881159999999994,-40.89898,5.6897,5.6885,3.400119,3.4001980000000005,34.889,34.8912,6.7368,6.9642,55.262,-0.8968 (avg),D:\Data\ar30-03018.hex,59 52.87 N,040 53.94 W,ar30-03,2018-06-18T16:05:20Z,018,-9999999,-9999999
207,14,Jun 18 2018 17:57:30,14.707,14.568,59.88115,-40.89897,6.6139,6.6058,3.481265,3.4806769999999996,34.8631,34.8648,7.127,6.81734,40.1696,-0.0472 (avg),D:\Data\ar30-03018.hex,59 52.87 N,040 53.94 W,ar30-03,2018-06-18T16:05:20Z,018,-9999999,-9999999
208,15,Jun 18 2018 17:59:10,4.256,4.215,59.88115,-40.89891,6.6476,6.648,3.483941,3.4840910000000003,34.8638,34.8652,7.1216,6.812010000000001,55.262,-1.0530 (avg),D:\Data\ar30-03018.hex,59 52.87 N,040 53.94 W,ar30-03,2018-06-18T16:05:20Z,018,34.8684,-9999999
209,1,Jun 18 2018 20:45:00,1957.273,1929.7979999999998,59.92896,-41.3125,2.363,2.3635,3.186209,3.18628,34.8954,34.8958,6.2529,7.5472399999999995,55.262,-0.6938 (avg),D:\Data\ar30-03019.hex,59 55.88 N,041 18.96 W,ar30-03,2018-06-18T20:06:05Z,019,34.8997,-9999999
210,2,Jun 18 2018 20:50:04,1774.1960000000001,1750.0439999999999,59.92856,-41.312,2.8527,2.853,3.2233330000000002,3.223405,34.9128,34.9133,6.0718,7.45517,55.262,-0.9685 (avg),D:\Data\ar30-03019.hex,59 55.88 N,041 18.96 W,ar30-03,2018-06-18T20:06:05Z,019,34.9166,-9999999
211,3,Jun 18 2018 20:56:11,1520.131,1500.336,59.92811,-41.31125,3.2058,3.2061,3.243824,3.243898,34.9096,34.9102,6.0865,7.39078,55.262,-0.9112 (avg),D:\Data\ar30-03019.hex,59 55.88 N,041 18.96 W,ar30-03,2018-06-18T20:06:05Z,019,34.9144,-9999999
212,4,Jun 18 2018 21:02:06,1266.187,1250.451,59.9275,-41.310359999999996,3.4501,3.4493,3.25449,3.2545029999999997,34.9055,34.9065,6.1212,7.3469,55.262,-0.9787 (avg),D:\Data\ar30-03019.hex,59 55.88 N,041 18.96 W,ar30-03,2018-06-18T20:06:05Z,019,34.9118,-9999999
213,5,Jun 18 2018 21:08:10,1012.727,1000.7439999999999,59.92696,-41.30963,3.6007,3.601,3.2565419999999996,3.256662,34.8995,34.9007,6.2119,7.320239999999999,55.262,-0.9840 (avg),D:\Data\ar30-03019.hex,59 55.88 N,041 18.96 W,ar30-03,2018-06-18T20:06:05Z,019,34.905,-9999999
214,6,Jun 18 2018 21:14:19,760.29,751.747,59.92652,-41.30894,3.799,3.7996,3.263688,3.2638529999999997,34.9049,34.9063,6.2013,7.28475,55.262,-1.0866 (avg),D:\Data\ar30-03019.hex,59 55.88 N,041 18.96 W,ar30-03,2018-06-18T20:06:05Z,019,34.9109,-9999999
215,7,Jun 18 2018 21:20:27,504.61,499.246,59.926,-41.30818,4.1391,4.1387,3.283303,3.283384,34.9111,34.9125,6.1525,7.22474,55.262,-1.0488 (avg),D:\Data\ar30-03019.hex,59 55.88 N,041 18.96 W,ar30-03,2018-06-18T20:06:05Z,019,34.9187,-9999999
216,8,Jun 18 2018 21:28:04,204.667,202.638,59.92528000000001,-41.307140000000004,5.3891,5.3883,3.384553,3.3845970000000003,34.9348,34.9361,6.2783,7.01145,55.262,-0.7911 (avg),D:\Data\ar30-03019.hex,59 55.88 N,041 18.96 W,ar30-03,2018-06-18T20:06:05Z,019,34.939,-9999999
217,9,Jun 18 2018 21:32:18,104.235,103.227,59.92481,-41.30644,4.9039,4.9024,3.326916,3.3269629999999997,34.8289,34.831,6.4288,7.0975,55.262,-1.0173 (avg),D:\Data\ar30-03019.hex,59 55.88 N,041 18.96 W,ar30-03,2018-06-18T20:06:05Z,019,34.8365,-9999999
218,10,Jun 18 2018 21:35:20,54.075,53.559,59.924380000000006,-41.305859999999996,5.8469,5.8467,3.4167099999999997,3.4168629999999998,34.9051,34.907,6.5105,6.937880000000001,55.262,-0.9721 (avg),D:\Data\ar30-03019.hex,59 55.88 N,041 18.96 W,ar30-03,2018-06-18T20:06:05Z,019,34.9103,-9999999
219,11,Jun 18 2018 21:38:04,3.998,3.96,59.92405,-41.30537,6.5584,6.5581,3.474884,3.4749809999999997,34.8542,34.8556,7.279,6.82648,55.262,-0.8822 (avg),D:\Data\ar30-03019.hex,59 55.88 N,041 18.96 W,ar30-03,2018-06-18T20:06:05Z,019,34.8587,-9999999
220,1,Jun 19 2018 12:38:35,2581.715,2541.794,59.805640000000004,-40.282379999999996,1.3971,1.3977,3.125742,3.1258060000000003,34.8861,34.8863,6.4854,7.733439999999999,55.262,-0.7746 (avg),D:\Data\ar30-03020.hex,59 48.34 N,040 16.94 W,ar30-03,2018-06-19T11:50:34Z,020,34.8896,-9999999
221,2,Jun 19 2018 12:42:20,2520.51,2481.888,59.805659999999996,-40.28236,1.8964,1.8971,3.167807,3.1678479999999998,34.8974,34.8972,6.3311,7.635860000000001,55.262,-0.9465 (avg),D:\Data\ar30-03020.hex,59 48.34 N,040 16.94 W,ar30-03,2018-06-19T11:50:34Z,020,34.9004,-9999999
222,3,Jun 19 2018 12:48:41,2275.933,2242.335,59.80563000000001,-40.28242,2.732,2.7322,3.233073,3.233083,34.9153,34.9152,6.0607,7.47733,55.262,-0.9208 (avg),D:\Data\ar30-03020.hex,59 48.34 N,040 16.94 W,ar30-03,2018-06-19T11:50:34Z,020,34.9185,-9999999
223,4,Jun 19 2018 12:54:40,2029.28,2000.476,59.805640000000004,-40.2824,3.1005,3.1009,3.256738,3.2567939999999997,34.9263,34.9266,5.9473,7.40908,55.262,-0.9796 (avg),D:\Data\ar30-03020.hex,59 48.34 N,040 16.94 W,ar30-03,2018-06-19T11:50:34Z,020,34.9303,-9999999
224,5,Jun 19 2018 13:05:09,1520.465,1500.68,59.805659999999996,-40.282340000000005,3.526,3.5263,3.272348,3.272457,34.9105,34.9114,6.0397,7.33305,55.262,-0.9655 (avg),D:\Data\ar30-03020.hex,59 48.34 N,040 16.94 W,ar30-03,2018-06-19T11:50:34Z,020,34.9136,-9999999
225,6,Jun 19 2018 13:15:27,1011.5830000000001,999.627,59.80565,-40.282379999999996,3.4123,3.4123,3.2372360000000002,3.237341,34.8696,34.8709,6.4693,7.35548,55.262,-1.0123 (avg),D:\Data\ar30-03020.hex,59 48.34 N,040 16.94 W,ar30-03,2018-06-19T11:50:34Z,020,34.8731,-9999999
226,7,Jun 19 2018 13:22:48,760.8389999999999,752.296,59.805640000000004,-40.282379999999996,3.4888,3.4889,3.233863,3.2340150000000003,34.8786,34.8803,6.4787,7.3413,55.262,-0.9729 (avg),D:\Data\ar30-03020.hex,59 48.34 N,040 16.94 W,ar30-03,2018-06-19T11:50:34Z,020,34.8833,-9999999
227,8,Jun 19 2018 13:28:30,508.26,502.858,59.805659999999996,-40.28235,3.6248,3.6244,3.235847,3.235964,34.8914,34.8931,6.4417,7.31635,55.262,-1.0151 (avg),D:\Data\ar30-03020.hex,59 48.34 N,040 16.94 W,ar30-03,2018-06-19T11:50:34Z,020,34.8949,-9999999
228,9,Jun 19 2018 13:35:50,203.19299999999998,201.18099999999998,59.805659999999996,-40.28237,4.0365,4.0386,3.25921,3.259547,34.8957,34.8975,6.4565,7.2434199999999995,55.262,-1.0121 (avg),D:\Data\ar30-03020.hex,59 48.34 N,040 16.94 W,ar30-03,2018-06-19T11:50:34Z,020,34.8993,-9999999
229,10,Jun 19 2018 13:39:30,101.639,100.65799999999999,59.805659999999996,-40.282379999999996,4.4406,4.439,3.290345,3.290342,34.8902,34.8918,6.6309,7.173539999999999,55.262,-0.9305 (avg),D:\Data\ar30-03020.hex,59 48.34 N,040 16.94 W,ar30-03,2018-06-19T11:50:34Z,020,34.8936,-9999999
230,11,Jun 19 2018 13:41:30,75.995,75.266,59.805659999999996,-40.28235,4.6657,4.6643,3.3104440000000004,3.310475,34.9022,34.904,6.487,7.134410000000001,55.262,-0.9338 (avg),D:\Data\ar30-03020.hex,59 48.34 N,040 16.94 W,ar30-03,2018-06-19T11:50:34Z,020,-9999999,-9999999
231,12,Jun 19 2018 13:43:59,50.24100000000001,49.763000000000005,59.805640000000004,-40.28239,4.8824,4.8882,3.3266440000000004,3.327258,34.8771,34.8781,6.6845,7.098839999999999,55.262,-0.9605 (avg),D:\Data\ar30-03020.hex,59 48.34 N,040 16.94 W,ar30-03,2018-06-19T11:50:34Z,020,34.88,-9999999
232,13,Jun 19 2018 13:46:05,30.083000000000002,29.796999999999997,59.805659999999996,-40.28236,5.053,5.0551,3.340615,3.340975,34.8712,34.8732,6.7938,7.0704,55.262,-1.0228 (avg),D:\Data\ar30-03020.hex,59 48.34 N,040 16.94 W,ar30-03,2018-06-19T11:50:34Z,020,-9999999,-9999999
233,14,Jun 19 2018 13:47:37,14.617,14.479000000000001,59.80568,-40.282340000000005,5.9553,5.9527,3.4201989999999998,3.420089,34.8532,34.8546,7.0659,6.92272,55.262,-1.0397 (avg),D:\Data\ar30-03020.hex,59 48.34 N,040 16.94 W,ar30-03,2018-06-19T11:50:34Z,020,-9999999,-9999999
234,15,Jun 19 2018 13:49:16,4.854,4.808,59.805659999999996,-40.28236,5.995,5.9973,3.423374,3.4237610000000003,34.8533,34.8553,7.0972,6.91631,55.262,-1.0328 (avg),D:\Data\ar30-03020.hex,59 48.34 N,040 16.94 W,ar30-03,2018-06-19T11:50:34Z,020,34.858,-9999999
235,1,Jun 19 2018 18:43:15,1014.4960000000001,1002.4939999999999,59.856640000000006,-39.221940000000004,3.3018,3.3019,3.226479,3.226591,34.8567,34.8579,6.48,7.37605,55.262,-0.7787 (avg),D:\Data\ar30-03021.hex,59 51.42 N,039 13.43 W,ar30-03,2018-06-19T18:21:51Z,021,-9999999,-9999999
236,2,Jun 19 2018 18:46:28,912.689,902.11,59.85658000000001,-39.22164,3.3106,3.3105,3.222914,3.223007,34.8575,34.8587,6.4993,7.37442,55.262,-0.8209 (avg),D:\Data\ar30-03021.hex,59 51.42 N,039 13.43 W,ar30-03,2018-06-19T18:21:51Z,021,-9999999,-9999999
237,3,Jun 19 2018 18:49:30,811.68,802.466,59.856519999999996,-39.22142,3.3323,3.3324,3.2206349999999997,3.2207529999999998,34.8599,34.8612,6.5041,7.37038,55.262,-0.8455 (avg),D:\Data\ar30-03021.hex,59 51.42 N,039 13.43 W,ar30-03,2018-06-19T18:21:51Z,021,-9999999,-9999999
238,4,Jun 19 2018 18:52:21,710.622,702.725,59.856480000000005,-39.2212,3.362,3.362,3.219127,3.219247,34.8635,34.8649,6.5018,7.36485,55.262,-0.8585 (avg),D:\Data\ar30-03021.hex,59 51.42 N,039 13.43 W,ar30-03,2018-06-19T18:21:51Z,021,-9999999,-9999999
239,5,Jun 19 2018 18:55:18,609.2330000000001,602.61,59.85644,-39.22096,3.4371,3.437,3.222077,3.222188,34.8726,34.874,6.4995,7.35087,55.262,-0.7360 (avg),D:\Data\ar30-03021.hex,59 51.42 N,039 13.43 W,ar30-03,2018-06-19T18:21:51Z,021,-9999999,-9999999
240,6,Jun 19 2018 18:58:17,507.96,502.559,59.85638,-39.220659999999995,3.4961,3.4959,3.223332,3.223437,34.8789,34.8804,6.4957,7.339980000000001,55.262,-0.8361 (avg),D:\Data\ar30-03021.hex,59 51.42 N,039 13.43 W,ar30-03,2018-06-19T18:21:51Z,021,-9999999,-9999999
241,7,Jun 19 2018 19:01:12,406.44599999999997,402.224,59.8563,-39.22038,3.5939,3.5937,3.228067,3.228177,34.8859,34.8874,6.473,7.322139999999999,55.262,-0.8728 (avg),D:\Data\ar30-03021.hex,59 51.42 N,039 13.43 W,ar30-03,2018-06-19T18:21:51Z,021,-9999999,-9999999
242,8,Jun 19 2018 19:04:23,306.348,303.23900000000003,59.85624,-39.220040000000004,3.6535,3.6525,3.228523,3.22856,34.8818,34.8833,6.4924,7.311710000000001,55.262,-0.9170 (avg),D:\Data\ar30-03021.hex,59 51.42 N,039 13.43 W,ar30-03,2018-06-19T18:21:51Z,021,-9999999,-9999999
243,9,Jun 19 2018 19:07:44,205.437,203.40099999999998,59.85618,-39.21978,3.8692,3.8685,3.2437,3.24377,34.8879,34.8895,6.4542,7.27319,55.262,-0.9067 (avg),D:\Data\ar30-03021.hex,59 51.42 N,039 13.43 W,ar30-03,2018-06-19T18:21:51Z,021,-9999999,-9999999
244,10,Jun 19 2018 19:10:02,151.433,149.952,59.85614,-39.21966,4.0524,4.0523,3.2567939999999997,3.256895,34.8782,34.8795,6.7065,7.24149,55.262,-0.9241 (avg),D:\Data\ar30-03021.hex,59 51.42 N,039 13.43 W,ar30-03,2018-06-19T18:21:51Z,021,-9999999,-9999999
245,11,Jun 19 2018 19:12:02,121.439,120.26,59.85614,-39.219559999999994,4.0838,4.0838,3.257478,3.257635,34.8692,34.871,6.7126,7.236439999999999,55.262,-0.9216 (avg),D:\Data\ar30-03021.hex,59 51.42 N,039 13.43 W,ar30-03,2018-06-19T18:21:51Z,021,-9999999,-9999999
246,12,Jun 19 2018 19:13:55,101.626,100.645,59.8561,-39.219429999999996,4.2339,4.2309,3.2709639999999998,3.270828,34.8805,34.882,6.6775,7.20975,55.262,-0.9319 (avg),D:\Data\ar30-03021.hex,59 51.42 N,039 13.43 W,ar30-03,2018-06-19T18:21:51Z,021,-9999999,-9999999
247,13,Jun 19 2018 19:15:23,91.694,90.81,59.8561,-39.219390000000004,4.2784,4.2789,3.274597,3.27478,34.8816,34.8833,6.687,7.201960000000001,55.262,-0.9299 (avg),D:\Data\ar30-03021.hex,59 51.42 N,039 13.43 W,ar30-03,2018-06-19T18:21:51Z,021,-9999999,-9999999
248,14,Jun 19 2018 19:16:42,81.515,80.73100000000001,59.8561,-39.21938,4.3223,4.3223,3.278259,3.2784190000000004,34.8838,34.8857,6.6753,7.19425,55.262,-0.9216 (avg),D:\Data\ar30-03021.hex,59 51.42 N,039 13.43 W,ar30-03,2018-06-19T18:21:51Z,021,-9999999,-9999999
249,15,Jun 19 2018 19:18:30,61.163000000000004,60.578,59.85609,-39.21934,4.3987,4.4009,3.284481,3.2848339999999996,34.8874,34.8892,6.6564,7.18089,55.262,-0.9241 (avg),D:\Data\ar30-03021.hex,59 51.42 N,039 13.43 W,ar30-03,2018-06-19T18:21:51Z,021,-9999999,-9999999
250,16,Jun 19 2018 19:20:05,51.398,50.908,59.856080000000006,-39.21931,4.4305,4.4314,3.2866089999999994,3.2868190000000004,34.884,34.8855,6.6612,7.175560000000001,55.262,-0.8924 (avg),D:\Data\ar30-03021.hex,59 51.42 N,039 13.43 W,ar30-03,2018-06-19T18:21:51Z,021,-9999999,-9999999
251,17,Jun 19 2018 19:22:03,30.878,30.584,59.856080000000006,-39.21931,4.8961,4.8951,3.326968,3.327034,34.8768,34.8786,6.7064,7.096539999999999,55.262,-1.0135 (avg),D:\Data\ar30-03021.hex,59 51.42 N,039 13.43 W,ar30-03,2018-06-19T18:21:51Z,021,-9999999,-9999999
252,18,Jun 19 2018 19:25:06,15.888,15.738,59.856080000000006,-39.21937,5.7488,5.7464,3.4017589999999998,3.401885,34.8565,34.8605,7.299,6.956060000000001,55.262,-1.0132 (avg),D:\Data\ar30-03021.hex,59 51.42 N,039 13.43 W,ar30-03,2018-06-19T18:21:51Z,021,-9999999,-9999999
253,19,Jun 19 2018 19:26:51,4.266,4.225,59.8561,-39.21942,6.594,6.5884,3.4782379999999997,3.477841,34.8551,34.8564,7.431,6.82084,55.262,-0.9214 (avg),D:\Data\ar30-03021.hex,59 51.42 N,039 13.43 W,ar30-03,2018-06-19T18:21:51Z,021,-9999999,-9999999
254,20,Jun 19 2018 19:27:01,4.2669999999999995,4.226,59.8561,-39.21942,6.5794,6.5788,3.476974,3.4770190000000003,34.8559,34.857,7.4387,6.8231,55.262,-0.9335 (avg),D:\Data\ar30-03021.hex,59 51.42 N,039 13.43 W,ar30-03,2018-06-19T18:21:51Z,021,-9999999,-9999999
255,1,Jun 22 2018 13:54:47,155.351,153.808,61.656240000000004,-33.98323,4.7631,4.7632,3.32151,3.3217239999999997,34.8865,34.8889,6.3055,7.118589999999999,17.0994, 1.3919 (avg),D:\Data\ar30-03022.hex,61 39.37 N,033 58.99 W,ar30-03,2018-06-22T13:48:11Z,022,-9999999,-9999999
256,2,Jun 22 2018 13:58:02,101.603,100.60700000000001,61.65625,-33.9832,5.1587,5.1572,3.3565129999999996,3.3565379999999996,34.9066,34.9084,6.4931,7.05105,19.5374, 0.7566 (avg),D:\Data\ar30-03022.hex,61 39.37 N,033 58.99 W,ar30-03,2018-06-22T13:48:11Z,022,-9999999,-9999999
257,3,Jun 22 2018 14:01:16,41.218,40.82,61.656240000000004,-33.98322,5.5512,5.5555,3.3870980000000004,3.387545,34.8809,34.8816,6.7136,6.987260000000001,24.165, 0.2386 (avg),D:\Data\ar30-03022.hex,61 39.37 N,033 58.99 W,ar30-03,2018-06-22T13:48:11Z,022,-9999999,-9999999
258,4,Jun 22 2018 14:03:12,25.596,25.349,61.656259999999996,-33.98324,6.7144,6.7149,3.4902620000000004,3.490368,34.8552,34.8559,6.8532,6.801939999999999,55.262,-0.0398 (avg),D:\Data\ar30-03022.hex,61 39.37 N,033 58.99 W,ar30-03,2018-06-22T13:48:11Z,022,-9999999,-9999999
259,5,Jun 22 2018 14:05:05,15.877,15.725,61.656240000000004,-33.98319,6.748,6.7494,3.492968,3.493182,34.8559,34.8569,6.8619,6.79665,55.262,-0.2348 (avg),D:\Data\ar30-03022.hex,61 39.37 N,033 58.99 W,ar30-03,2018-06-22T13:48:11Z,022,-9999999,-9999999
260,6,Jun 22 2018 14:06:38,4.061,4.022,61.65622,-33.98323,6.7653,6.7643,3.494011,3.4940379999999998,34.8559,34.8572,6.8767,6.79395,55.262,-0.4110 (avg),D:\Data\ar30-03022.hex,61 39.37 N,033 58.99 W,ar30-03,2018-06-22T13:48:11Z,022,-9999999,-9999999
261,7,Jun 22 2018 14:06:52,4.752,4.707,61.65623000000001,-33.98325,6.7647,6.7644,3.49399,3.494075,34.8559,34.8572,6.8712,6.79404,55.262,-0.4030 (avg),D:\Data\ar30-03022.hex,61 39.37 N,033 58.99 W,ar30-03,2018-06-22T13:48:11Z,022,-9999999,-9999999
262,1,Jun 22 2018 20:15:22,154.275,152.738,62.058569999999996,-32.23057,5.159,5.1572,3.359006,3.359001,34.9072,34.9091,6.1666,7.05095,24.5949, 0.2146 (avg),D:\Data\ar30-03023.hex,62 03.51 N,032 13.91 W,ar30-03,2018-06-22T20:07:00Z,023,-9999999,-9999999
263,2,Jun 22 2018 20:17:53,103.62899999999999,102.61,62.05862,-32.23032,5.189,5.1874,3.3572940000000004,3.3573,34.8828,34.8846,6.5501,7.0471,55.262,-0.1631 (avg),D:\Data\ar30-03023.hex,62 03.51 N,032 13.91 W,ar30-03,2018-06-22T20:07:00Z,023,-9999999,-9999999
264,3,Jun 22 2018 20:20:58,43.075,42.657,62.0586,-32.23016,6.9097,6.9319,3.511655,3.513982,34.8847,34.8878,6.7519,6.7701899999999995,22.9705, 0.3219 (avg),D:\Data\ar30-03023.hex,62 03.51 N,032 13.91 W,ar30-03,2018-06-22T20:07:00Z,023,-9999999,-9999999
265,4,Jun 22 2018 20:22:42,25.871,25.621,62.058609999999994,-32.23018,7.2552,7.2505,3.543044,3.542667,34.8885,34.8891,6.7507,6.716760000000001,18.9658, 0.8727 (avg),D:\Data\ar30-03023.hex,62 03.51 N,032 13.91 W,ar30-03,2018-06-22T20:07:00Z,023,-9999999,-9999999
266,5,Jun 22 2018 20:24:17,17.712,17.542,62.05862,-32.230259999999994,7.2777,7.2778,3.544142,3.5442190000000005,34.8819,34.8826,6.8086,6.713610000000001,18.9499, 0.8783 (avg),D:\Data\ar30-03023.hex,62 03.51 N,032 13.91 W,ar30-03,2018-06-22T20:07:00Z,023,-9999999,-9999999
267,6,Jun 22 2018 20:26:11,2.963,2.9339999999999997,62.0586,-32.23042,7.2822,7.2818,3.5425709999999997,3.5426879999999996,34.8676,34.8692,6.8793,6.71357,21.1395, 0.5070 (avg),D:\Data\ar30-03023.hex,62 03.51 N,032 13.91 W,ar30-03,2018-06-22T20:07:00Z,023,-9999999,-9999999
268,1,Jun 09 2018 14:28:43,2688.276,2646.0209999999997,59.95693000000001,-39.51517,1.5141,1.5142,3.140052,3.140002,34.8864,34.8857,6.51,7.71051,55.262,-0.9332 (avg),D:\Data\ar30-03006.hex,59 57.97 N,039 30.98 W,ar30-03,2018-06-09T13:38:40Z,006,-9999999,6.938
269,2,Jun 09 2018 14:34:25,2540.522,2501.446,59.956030000000005,-39.5142,1.7484,1.7494,3.1550759999999998,3.155106,34.8902,34.8895,6.4528,7.66476,55.262,-0.9710 (avg),D:\Data\ar30-03006.hex,59 57.97 N,039 30.98 W,ar30-03,2018-06-09T13:38:40Z,006,-9999999,6.857
270,3,Jun 09 2018 14:59:25,2130.881,2100.112,59.951240000000006,-39.51344,3.0554,3.0559,3.2553349999999996,3.255354,34.9086,34.9083,6.1348,7.4182,55.262,-0.9980 (avg),D:\Data\ar30-03006.hex,59 57.97 N,039 30.98 W,ar30-03,2018-06-09T13:38:40Z,006,-9999999,6.486
271,4,Jun 09 2018 15:06:01,1823.95,1798.9070000000002,59.949780000000004,-39.514379999999996,3.525,3.5251,3.2857879999999997,3.285794,34.9226,34.9226,6.0195,7.33263,55.262,-0.8850 (avg),D:\Data\ar30-03006.hex,59 57.97 N,039 30.98 W,ar30-03,2018-06-09T13:38:40Z,006,-9999999,6.365
272,5,Jun 09 2018 15:13:41,1526.731,1506.8239999999998,59.94823,-39.514359999999996,3.4806,3.4805,3.2660259999999997,3.266053,34.8802,34.8806,6.3531,7.342689999999999,55.262,-0.9346 (avg),D:\Data\ar30-03006.hex,59 57.97 N,039 30.98 W,ar30-03,2018-06-09T13:38:40Z,006,-9999999,6.725
273,6,Jun 09 2018 15:21:15,1217.368,1202.376,59.94684,-39.514109999999995,3.5609,3.5608,3.2604580000000003,3.2605020000000002,34.8839,34.8846,6.4425,7.328130000000001,55.262,-0.9062 (avg),D:\Data\ar30-03006.hex,59 57.97 N,039 30.98 W,ar30-03,2018-06-09T13:38:40Z,006,-9999999,6.786
274,7,Jun 09 2018 15:27:03,1010.7489999999999,998.793,59.94554,-39.51386,3.6663,3.6662,3.26183,3.2618840000000002,34.894,34.8947,6.4423,7.308839999999999,55.262,-0.8419 (avg),D:\Data\ar30-03006.hex,59 57.97 N,039 30.98 W,ar30-03,2018-06-09T13:38:40Z,006,-9999999,6.772
275,8,Jun 09 2018 15:32:10,811.1310000000001,801.919,59.94466,-39.51305,3.7358,3.7354,3.2595400000000003,3.259575,34.8962,34.897,6.4709,7.29638,55.262,-0.8516 (avg),D:\Data\ar30-03006.hex,59 57.97 N,039 30.98 W,ar30-03,2018-06-09T13:38:40Z,006,-9999999,6.78
276,9,Jun 09 2018 15:37:43,606.455,599.861,59.94339,-39.51247,4.0464,4.0456,3.2790230000000005,3.279029,34.9051,34.9061,6.357,7.241219999999999,55.262,-0.9975 (avg),D:\Data\ar30-03006.hex,59 57.97 N,039 30.98 W,ar30-03,2018-06-09T13:38:40Z,006,-9999999,6.659
277,10,Jun 09 2018 15:43:28,405.189,400.977,59.94209,-39.51185,4.5523,4.5517,3.316192,3.316225,34.9139,34.915,6.2913,7.1532100000000005,55.262,-0.9953 (avg),D:\Data\ar30-03006.hex,59 57.97 N,039 30.98 W,ar30-03,2018-06-09T13:38:40Z,006,-9999999,6.597
278,11,Jun 09 2018 15:47:08,306.836,303.719,59.941219999999994,-39.512170000000005,4.6322,4.6324,3.316934,3.317051,34.8904,34.8915,6.2436,7.140680000000001,55.262,-0.8905 (avg),D:\Data\ar30-03006.hex,59 57.97 N,039 30.98 W,ar30-03,2018-06-09T13:38:40Z,006,-9999999,6.526
279,12,Jun 09 2018 15:50:35,203.84599999999998,201.825,59.94025,-39.51272,4.7702,4.7707,3.324114,3.324265,34.8837,34.8849,6.3075,7.11753,55.262,-0.9729 (avg),D:\Data\ar30-03006.hex,59 57.97 N,039 30.98 W,ar30-03,2018-06-09T13:38:40Z,006,-9999999,6.596
280,13,Jun 09 2018 15:50:52,203.203,201.18900000000002,59.940180000000005,-39.51275,4.769,4.7683,3.323947,3.3239870000000002,34.8832,34.8845,6.3091,7.1177399999999995,55.262,-0.9625 (avg),D:\Data\ar30-03006.hex,59 57.97 N,039 30.98 W,ar30-03,2018-06-09T13:38:40Z,006,-9999999,-9999999
281,14,Jun 09 2018 15:53:07,176.58900000000003,174.85,59.9396,-39.51298,4.8257,4.8253,3.328355,3.3284230000000004,34.8892,34.8904,6.3135,7.10785,55.262,-0.9945 (avg),D:\Data\ar30-03006.hex,59 57.97 N,039 30.98 W,ar30-03,2018-06-09T13:38:40Z,006,-9999999,-9999999
282,15,Jun 09 2018 15:55:19,151.844,150.358,59.93911,-39.51308,5.0695,5.0698,3.351008,3.351144,34.9097,34.9109,6.3488,7.065810000000001,55.262,-0.8913 (avg),D:\Data\ar30-03006.hex,59 57.97 N,039 30.98 W,ar30-03,2018-06-09T13:38:40Z,006,-9999999,6.649
283,16,Jun 09 2018 15:55:33,151.418,149.936,59.93906,-39.5131,5.0708,5.0706,3.351116,3.351198,34.9098,34.911,6.3468,7.065589999999999,55.262,-0.8604 (avg),D:\Data\ar30-03006.hex,59 57.97 N,039 30.98 W,ar30-03,2018-06-09T13:38:40Z,006,-9999999,-9999999
284,17,Jun 09 2018 15:58:05,101.40299999999999,100.42299999999999,59.938340000000004,-39.51356,5.3186,5.3182,3.371782,3.3718510000000004,34.9157,34.9169,6.5722,7.0240100000000005,55.262,-0.8817 (avg),D:\Data\ar30-03006.hex,59 57.97 N,039 30.98 W,ar30-03,2018-06-09T13:38:40Z,006,-9999999,-9999999
285,18,Jun 09 2018 15:58:12,101.855,100.87,59.938309999999994,-39.51358,5.3191,5.3191,3.371843,3.3719370000000004,34.9156,34.9167,6.5709,7.02393,55.262,-0.8938 (avg),D:\Data\ar30-03006.hex,59 57.97 N,039 30.98 W,ar30-03,2018-06-09T13:38:40Z,006,-9999999,-9999999
286,19,Jun 09 2018 16:01:05,51.07,50.583,59.937580000000004,-39.513659999999994,5.6348,5.6347,3.3964879999999997,3.396603,34.8962,34.8976,6.7802,6.97284,55.262,-0.9429 (avg),D:\Data\ar30-03006.hex,59 57.97 N,039 30.98 W,ar30-03,2018-06-09T13:38:40Z,006,-9999999,-9999999
287,20,Jun 09 2018 16:01:13,51.51,51.018,59.937540000000006,-39.51367,5.6351,5.6348,3.396469,3.3966279999999998,34.8955,34.8976,6.769,6.97283,55.262,-0.9426 (avg),D:\Data\ar30-03006.hex,59 57.97 N,039 30.98 W,ar30-03,2018-06-09T13:38:40Z,006,-9999999,-9999999
288,21,Jun 09 2018 16:03:22,20.52,20.325,59.93702,-39.51352,5.7917,5.7913,3.410053,3.410111,34.9041,34.9052,6.9568,6.94689,55.262,-0.6736 (avg),D:\Data\ar30-03006.hex,59 57.97 N,039 30.98 W,ar30-03,2018-06-09T13:38:40Z,006,-9999999,-9999999
289,22,Jun 09 2018 16:03:31,20.749000000000002,20.553,59.937,-39.513490000000004,5.7943,5.7939,3.4102919999999997,3.410372,34.904,34.9053,6.9576,6.946460000000001,55.262,-0.6659 (avg),D:\Data\ar30-03006.hex,59 57.97 N,039 30.98 W,ar30-03,2018-06-09T13:38:40Z,006,-9999999,-9999999
290,23,Jun 09 2018 16:05:03,10.245999999999999,10.15,59.9367,-39.51314,5.9275,5.9271,3.4195620000000004,3.4196089999999995,34.877,34.8779,7.2143,6.926130000000001,55.262,-1.0193 (avg),D:\Data\ar30-03006.hex,59 57.97 N,039 30.98 W,ar30-03,2018-06-09T13:38:40Z,006,-9999999,-9999999
291,24,Jun 09 2018 16:06:11,5.295,5.245,59.93651,-39.51285,5.9276,5.9274,3.4194120000000003,3.4195029999999997,34.8777,34.879,7.2106,6.926069999999999,55.262,-0.9754 (avg),D:\Data\ar30-03006.hex,59 57.97 N,039 30.98 W,ar30-03,2018-06-09T13:38:40Z,006,-9999999,-9999999
292,1,Jun 10 2018 15:28:44,2690.634,2648.366,59.77138000000001,-39.855740000000004,1.7683,1.7688,3.162172,3.1621639999999998,34.8848,34.8843,6.4665,7.6611899999999995,55.262,-0.9051 (avg),D:\Data\ar30-03007.hex,59 46.24 N,039 51.54 W,ar30-03,2018-06-10T14:37:43Z,007,34.8892,6.904
293,2,Jun 10 2018 15:38:49,2230.813,2198.118,59.77154,-39.85487,2.951,2.9522,3.251297,3.251445,34.9233,34.9238,5.2315,7.436560000000001,55.262,-0.9145 (avg),D:\Data\ar30-03007.hex,59 46.24 N,039 51.54 W,ar30-03,2018-06-10T14:37:43Z,007,34.9292,6.384
294,3,Jun 10 2018 15:56:07,1825.5970000000002,1800.55,59.771840000000005,-39.853190000000005,3.419,3.4194,3.276511,3.276569,34.9236,34.9237,5.9858,7.35159,55.262,-0.9627 (avg),D:\Data\ar30-03007.hex,59 46.24 N,039 51.54 W,ar30-03,2018-06-10T14:37:43Z,007,34.927,6.322
295,4,Jun 10 2018 16:03:07,1521.0870000000002,1501.295,59.771969999999996,-39.85253,3.4733,3.4738,3.266346,3.266435,34.8946,34.8951,6.203,7.34328,55.262,-0.9671 (avg),D:\Data\ar30-03007.hex,59 46.24 N,039 51.54 W,ar30-03,2018-06-10T14:37:43Z,007,34.9001,6.558
296,5,Jun 10 2018 16:13:44,1014.2260000000001,1002.235,59.77208,-39.851729999999996,3.3294,3.3292,3.2291830000000004,3.229245,34.86,34.8609,6.5419,7.37091,55.262,-0.8913 (avg),D:\Data\ar30-03007.hex,59 46.24 N,039 51.54 W,ar30-03,2018-06-10T14:37:43Z,007,34.8644,6.891
297,6,Jun 10 2018 16:19:47,759.283,750.762,59.7722,-39.85118,3.3833,3.3831,3.22344,3.223513,34.8668,34.8679,6.5833,7.36084,55.262,-0.9569 (avg),D:\Data\ar30-03007.hex,59 46.24 N,039 51.54 W,ar30-03,2018-06-10T14:37:43Z,007,34.8735,6.916
298,7,Jun 10 2018 16:28:38,354.519,350.88199999999995,59.77234,-39.85044,3.5283,3.5279,3.219064,3.219137,34.876,34.8773,6.5732,7.33435,55.262,-1.0668 (avg),D:\Data\ar30-03007.hex,59 46.24 N,039 51.54 W,ar30-03,2018-06-10T14:37:43Z,007,34.8802,6.878
299,8,Jun 10 2018 16:33:17,182.718,180.918,59.7724,-39.85004,3.7137,3.7139,3.227534,3.227664,34.873,34.8744,6.5341,7.3014399999999995,55.262,-0.9801 (avg),D:\Data\ar30-03007.hex,59 46.24 N,039 51.54 W,ar30-03,2018-06-10T14:37:43Z,007,34.8792,6.827
300,9,Jun 10 2018 16:35:42,132.872,131.58,59.77244,-39.84983,3.8248,3.8247,3.234912,3.235019,34.87,34.8714,6.6275,7.2819199999999995,55.262,-0.7950 (avg),D:\Data\ar30-03007.hex,59 46.24 N,039 51.54 W,ar30-03,2018-06-10T14:37:43Z,007,34.876,6.898
301,10,Jun 10 2018 16:35:58,132.797,131.505,59.772459999999995,-39.8498,3.825,3.8252,3.234929,3.2350630000000002,34.87,34.8715,6.6305,7.28188,55.262,-0.8894 (avg),D:\Data\ar30-03007.hex,59 46.24 N,039 51.54 W,ar30-03,2018-06-10T14:37:43Z,007,-9999999,-9999999
302,11,Jun 10 2018 16:38:20,91.785,90.90100000000001,59.7725,-39.84959,4.0067,4.0059,3.248581,3.248615,34.8617,34.8629,6.7663,7.250310000000001,55.262,-0.8240 (avg),D:\Data\ar30-03007.hex,59 46.24 N,039 51.54 W,ar30-03,2018-06-10T14:37:43Z,007,34.8668,7.074
303,12,Jun 10 2018 16:40:34,61.16,60.575,59.77251999999999,-39.84943,4.3457,4.3435,3.2792480000000004,3.2791349999999997,34.8818,34.8828,6.7536,7.19031,55.262,-0.8833 (avg),D:\Data\ar30-03007.hex,59 46.24 N,039 51.54 W,ar30-03,2018-06-10T14:37:43Z,007,34.8855,7.072
304,13,Jun 10 2018 16:40:43,61.18899999999999,60.604,59.77251999999999,-39.84941,4.3467,4.345,3.2793300000000003,3.2792779999999997,34.8817,34.8829,6.7617,7.1901399999999995,55.262,-0.8731 (avg),D:\Data\ar30-03007.hex,59 46.24 N,039 51.54 W,ar30-03,2018-06-10T14:37:43Z,007,-9999999,-9999999
305,14,Jun 10 2018 16:42:24,51.321000000000005,50.831,59.77254,-39.84924,4.3902,4.3887,3.282947,3.282921,34.8837,34.8849,6.7365,7.1825399999999995,55.262,-0.8747 (avg),D:\Data\ar30-03007.hex,59 46.24 N,039 51.54 W,ar30-03,2018-06-10T14:37:43Z,007,-9999999,-9999999
306,15,Jun 10 2018 16:42:32,51.23,50.742,59.77254,-39.84922,4.3908,4.3897,3.282975,3.2829980000000005,34.8833,34.8848,6.7408,7.18244,55.262,-0.8364 (avg),D:\Data\ar30-03007.hex,59 46.24 N,039 51.54 W,ar30-03,2018-06-10T14:37:43Z,007,-9999999,-9999999
307,16,Jun 10 2018 16:45:14,30.496,30.206999999999997,59.77264,-39.8489,5.0457,5.0459,3.3389379999999997,3.3390440000000003,34.8591,34.8602,6.9193,7.072189999999999,54.8758,-0.9194 (avg),D:\Data\ar30-03007.hex,59 46.24 N,039 51.54 W,ar30-03,2018-06-10T14:37:43Z,007,34.8666,7.227
308,17,Jun 10 2018 16:45:25,30.551,30.261,59.77264,-39.84887,5.0477,5.0465,3.339114,3.339112,34.8591,34.8604,6.9279,7.07187,54.2706,-0.9404 (avg),D:\Data\ar30-03007.hex,59 46.24 N,039 51.54 W,ar30-03,2018-06-10T14:37:43Z,007,-9999999,-9999999
309,18,Jun 10 2018 16:47:03,19.989,19.8,59.772659999999995,-39.848659999999995,5.1352,5.1365,3.3467300000000004,3.346961,34.8613,34.8626,6.9313,7.0571,55.262,-1.1059 (avg),D:\Data\ar30-03007.hex,59 46.24 N,039 51.54 W,ar30-03,2018-06-10T14:37:43Z,007,-9999999,-9999999
310,19,Jun 10 2018 16:47:13,19.945999999999998,19.758,59.772659999999995,-39.84864,5.1373,5.137,3.346932,3.347022,34.8615,34.8629,6.934,7.05674,55.262,-1.1078 (avg),D:\Data\ar30-03007.hex,59 46.24 N,039 51.54 W,ar30-03,2018-06-10T14:37:43Z,007,-9999999,-9999999
311,20,Jun 10 2018 16:49:03,4.592,4.5489999999999995,59.7727,-39.848490000000005,5.2153,5.2134,3.3533129999999995,3.3532669999999998,34.8618,34.8634,6.9341,7.0437,55.262,-1.1622 (avg),D:\Data\ar30-03007.hex,59 46.24 N,039 51.54 W,ar30-03,2018-06-10T14:37:43Z,007,-9999999,-9999999
312,21,Jun 10 2018 16:49:15,4.7780000000000005,4.7330000000000005,59.7727,-39.84847,5.2103,5.2107,3.352877,3.353061,34.862,34.8637,6.9365,7.04454,55.262,-1.0116 (avg),D:\Data\ar30-03007.hex,59 46.24 N,039 51.54 W,ar30-03,2018-06-10T14:37:43Z,007,-9999999,-9999999
313,1,Jun 11 2018 16:08:02,2838.805,2793.264,59.718090000000004,-39.3546,1.4555,1.4572,3.140658,3.140796,34.886,34.8858,5.4372,7.722,55.262,-0.9109 (avg),D:\Data\ar30-03008.hex,59 43.05 N,039 20.61 W,ar30-03,2018-06-11T15:14:36Z,008,-9999999,-9999999
314,2,Jun 11 2018 16:22:45,2213.633,2181.2870000000003,59.71791999999999,-39.35617,3.0312,3.0324,3.256152,3.256472,34.9047,34.9072,4.9962,7.42283,55.262,-0.9410 (avg),D:\Data\ar30-03008.hex,59 43.05 N,039 20.61 W,ar30-03,2018-06-11T15:14:36Z,008,-9999999,-9999999
315,3,Jun 11 2018 16:45:29,1822.441,1797.4589999999998,59.718140000000005,-39.35672,3.468,3.4683,3.2795739999999998,3.279605,34.9097,34.9097,6.0547,7.34347,55.262,-0.8518 (avg),D:\Data\ar30-03008.hex,59 43.05 N,039 20.61 W,ar30-03,2018-06-11T15:14:36Z,008,-9999999,-9999999
316,1,Jun 12 2018 18:08:13,133.358,132.06,59.83054,-39.22184,4.9641,4.9651,3.33715,3.3374129999999997,34.8692,34.8712,6.4423,7.085430000000001,18.2145, 1.0531 (avg),D:\Data\ar30-03009.hex,59 49.83 N,039 13.28 W,ar30-03,2018-06-12T18:03:09Z,009,-9999999,-9999999
317,2,Jun 12 2018 18:10:23,91.064,90.18700000000001,59.83031,-39.22228,5.1474,5.1471,3.3519360000000002,3.3520339999999997,34.8711,34.8725,6.557,7.0546,20.61, 0.5787 (avg),D:\Data\ar30-03009.hex,59 49.83 N,039 13.28 W,ar30-03,2018-06-12T18:03:09Z,009,-9999999,-9999999
318,3,Jun 12 2018 18:12:52,61.26,60.675,59.8298,-39.22285,5.5746,5.5746,3.390857,3.3909569999999998,34.889,34.8902,6.6901,6.98303,23.4513, 0.2847 (avg),D:\Data\ar30-03009.hex,59 49.83 N,039 13.28 W,ar30-03,2018-06-12T18:03:09Z,009,-9999999,-9999999
319,4,Jun 12 2018 18:15:02,30.863000000000003,30.570999999999998,59.82946,-39.22336,5.8454,5.8532,3.412723,3.413476,34.8735,34.874,7.1711,6.93958,24.3172, 0.2295 (avg),D:\Data\ar30-03009.hex,59 49.83 N,039 13.28 W,ar30-03,2018-06-12T18:03:09Z,009,-9999999,-9999999
320,5,Jun 12 2018 18:16:48,15.690999999999999,15.543,59.829240000000006,-39.2237,5.8835,5.8833,3.4152980000000004,3.4153830000000003,34.8712,34.8724,7.3467,6.9335,50.6042,-0.0144 (avg),D:\Data\ar30-03009.hex,59 49.83 N,039 13.28 W,ar30-03,2018-06-12T18:03:09Z,009,-9999999,-9999999
321,6,Jun 12 2018 18:18:40,2.7310000000000003,2.705,59.82911,-39.22401,6.1216,6.1213,3.436418,3.4365069999999998,34.8713,34.8726,7.4697,6.89513,55.262,-0.1749 (avg),D:\Data\ar30-03009.hex,59 49.83 N,039 13.28 W,ar30-03,2018-06-12T18:03:09Z,009,-9999999,-9999999
322,7,Jun 12 2018 18:18:47,2.99,2.9619999999999997,59.8291,-39.22403,6.1215,6.1214,3.4364209999999997,3.4365309999999996,34.8713,34.8727,7.4728,6.89514,55.262,-0.1791 (avg),D:\Data\ar30-03009.hex,59 49.83 N,039 13.28 W,ar30-03,2018-06-12T18:03:09Z,009,-9999999,-9999999
323,8,Jun 12 2018 18:18:55,2.9160000000000004,2.889,59.829080000000005,-39.224059999999994,6.1216,6.1214,3.436431,3.436432,34.8714,34.8716,7.4692,6.89513,55.262,-0.2055 (avg),D:\Data\ar30-03009.hex,59 49.83 N,039 13.28 W,ar30-03,2018-06-12T18:03:09Z,009,-9999999,-9999999
324,9,Jun 12 2018 18:19:13,2.6260000000000003,2.6010000000000004,59.82906,-39.22413,6.1223,6.1217,3.4364779999999997,3.4365410000000005,34.8714,34.8726,7.4702,6.89502,55.262,-0.2381 (avg),D:\Data\ar30-03009.hex,59 49.83 N,039 13.28 W,ar30-03,2018-06-12T18:03:09Z,009,-9999999,-9999999
325,10,Jun 12 2018 18:19:20,2.923,2.895,59.82904,-39.22415,6.1217,6.1224,3.436438,3.4365989999999997,34.8713,34.8724,7.4564,6.895110000000001,55.262,-0.2166 (avg),D:\Data\ar30-03009.hex,59 49.83 N,039 13.28 W,ar30-03,2018-06-12T18:03:09Z,009,-9999999,-9999999
326,11,Jun 12 2018 18:19:26,2.9619999999999997,2.9339999999999997,59.82904,-39.22417,6.1214,6.1218,3.436411,3.436556,34.8713,34.8726,7.4587,6.895160000000001,55.262,-0.1989 (avg),D:\Data\ar30-03009.hex,59 49.83 N,039 13.28 W,ar30-03,2018-06-12T18:03:09Z,009,-9999999,-9999999
327,12,Jun 12 2018 18:19:33,2.861,2.8339999999999996,59.82901999999999,-39.2242,6.1204,6.1211,3.436319,3.436496,34.8714,34.8727,7.4551,6.89532,55.262,-0.2174 (avg),D:\Data\ar30-03009.hex,59 49.83 N,039 13.28 W,ar30-03,2018-06-12T18:03:09Z,009,-9999999,-9999999
328,13,Jun 12 2018 18:19:40,2.54,2.516,59.82901999999999,-39.22424,6.1229,6.1232,3.436497,3.436586,34.871,34.8717,7.4577,6.8949300000000004,55.262,-0.2232 (avg),D:\Data\ar30-03009.hex,59 49.83 N,039 13.28 W,ar30-03,2018-06-12T18:03:09Z,009,-9999999,-9999999
329,14,Jun 12 2018 18:19:47,2.8280000000000003,2.801,59.829,-39.22426,6.1233,6.1233,3.436579,3.436699,34.8713,34.8727,7.4636,6.89485,55.262,-0.2320 (avg),D:\Data\ar30-03009.hex,59 49.83 N,039 13.28 W,ar30-03,2018-06-12T18:03:09Z,009,-9999999,-9999999
330,15,Jun 12 2018 18:19:54,3.035,3.0069999999999997,59.828990000000005,-39.22429,6.1252,6.1257,3.436756,3.4369169999999998,34.8713,34.8726,7.4495,6.89455,55.262,-0.2475 (avg),D:\Data\ar30-03009.hex,59 49.83 N,039 13.28 W,ar30-03,2018-06-12T18:03:09Z,009,-9999999,-9999999
331,16,Jun 12 2018 18:20:01,2.765,2.739,59.82898,-39.22432,6.1274,6.1271,3.4369370000000004,3.4370410000000002,34.8712,34.8727,7.4574,6.8942,55.262,-0.2585 (avg),D:\Data\ar30-03009.hex,59 49.83 N,039 13.28 W,ar30-03,2018-06-12T18:03:09Z,009,-9999999,-9999999
332,17,Jun 12 2018 18:20:09,2.918,2.89,59.828959999999995,-39.22435,6.1268,6.1266,3.436871,3.436928,34.871,34.8719,7.4435,6.894310000000001,55.262,-0.2654 (avg),D:\Data\ar30-03009.hex,59 49.83 N,039 13.28 W,ar30-03,2018-06-12T18:03:09Z,009,-9999999,-9999999
333,18,Jun 12 2018 18:20:16,3.08,3.051,59.82894,-39.22437,6.127,6.1268,3.436921,3.4370199999999995,34.8713,34.8726,7.4512,6.89427,55.262,-0.2759 (avg),D:\Data\ar30-03009.hex,59 49.83 N,039 13.28 W,ar30-03,2018-06-12T18:03:09Z,009,-9999999,-9999999
334,19,Jun 12 2018 18:20:24,2.824,2.798,59.82894,-39.2244,6.1254,6.1227,3.436776,3.4366559999999997,34.8714,34.8728,7.4599,6.89451,55.262,-0.2908 (avg),D:\Data\ar30-03009.hex,59 49.83 N,039 13.28 W,ar30-03,2018-06-12T18:03:09Z,009,-9999999,-9999999
335,20,Jun 12 2018 18:20:30,2.823,2.7969999999999997,59.82892,-39.22442,6.1229,6.122,3.436557,3.4365900000000003,34.8715,34.8728,7.4502,6.89491,55.262,-0.3134 (avg),D:\Data\ar30-03009.hex,59 49.83 N,039 13.28 W,ar30-03,2018-06-12T18:03:09Z,009,-9999999,-9999999
336,21,Jun 12 2018 18:20:37,3.102,3.073,59.8289,-39.22444,6.122,6.1211,3.436438,3.436519,34.8709,34.8728,7.447,6.89508,55.262,-0.3087 (avg),D:\Data\ar30-03009.hex,59 49.83 N,039 13.28 W,ar30-03,2018-06-12T18:03:09Z,009,-9999999,-9999999
337,22,Jun 12 2018 18:20:44,2.5810000000000004,2.557,59.828880000000005,-39.22448,6.1218,6.1217,3.436436,3.4365449999999997,34.8714,34.8727,7.4367,6.89509,55.262,-0.3245 (avg),D:\Data\ar30-03009.hex,59 49.83 N,039 13.28 W,ar30-03,2018-06-12T18:03:09Z,009,-9999999,-9999999
338,23,Jun 12 2018 18:20:51,2.8160000000000003,2.7889999999999997,59.82886,-39.2245,6.1227,6.1226,3.436529,3.43663,34.8714,34.8727,7.4552,6.89495,55.262,-0.3333 (avg),D:\Data\ar30-03009.hex,59 49.83 N,039 13.28 W,ar30-03,2018-06-12T18:03:09Z,009,-9999999,-9999999
339,24,Jun 12 2018 18:20:59,3.102,3.073,59.82886,-39.22452,6.1214,6.1222,3.436415,3.436604,34.8713,34.8726,7.4486,6.895160000000001,55.262,-0.3410 (avg),D:\Data\ar30-03009.hex,59 49.83 N,039 13.28 W,ar30-03,2018-06-12T18:03:09Z,009,-9999999,-9999999
