ASSET_UID,Serial Number
#ATAPL-69140-001-120-1,120
#ATAPL-69140-001-120-2,120
A00835,138
A00838,3400
A01061,S/N 1
A01062,S/N 2
A01073,S/N 3
A01085,TAS141004
A01086,TAS141005
A01088,TAS141009
A01330,P21893-1
A01331,P28193-3
A01347,P28193-2
A01348,P27135-1
A01349,P27135-2
A01350,P27135-3
A01351,P27135-4
A01352,P27135-5
A01353,P27135-6
A01354,P27135-7
A01355,P27135-8
A01356,P27135-9
A01357,P27135-10
A01359,28194-1
A01360,28194-2
A01361,28194-3
A01362,28194-4
A01363,28194-5
A01364,28194-6
A01365,28194-7
A01366,28194-8
A01388,TAS143401
A01634,28484-1
A01635,28484-2
ATAPL-58315-00001,18478
ATAPL-58315-00002,18974
ATAPL-58315-00003,18980
ATAPL-58315-00004,23338
ATAPL-58315-00005,23339
ATAPL-58316-00001,3
ATAPL-58316-00002,4
ATAPL-58316-00003,5
ATAPL-58316-00004,7
ATAPL-58316-00005,8
ATAPL-58317-00001,101
ATAPL-58317-00002,102
ATAPL-58317-00003,103
ATAPL-58317-00004,104
ATAPL-58317-00005,107
ATAPL-58317-00006,108
ATAPL-58317-00009,114
ATAPL-58317-00010,115
ATAPL-58317-00011,116
ATAPL-58319-00001,5259243-0075
ATAPL-58320-00001,125
ATAPL-58320-00002,344
ATAPL-58320-00003,273
ATAPL-58320-00004,274
ATAPL-58320-00005,275
ATAPL-58320-00006,276
ATAPL-58320-00009,458
ATAPL-58320-00010,459
ATAPL-58320-00011,472
ATAPL-58320-00012,473
ATAPL-58320-00013,474
ATAPL-58320-00014,475
ATAPL-58320-00015,476
ATAPL-58320-00016,487
ATAPL-58322-00001,1028
ATAPL-58322-00002,1129
ATAPL-58322-00003,1130
ATAPL-58322-00004,1131
ATAPL-58322-00005,1132
ATAPL-58322-00006,1194
ATAPL-58322-00007,1195
ATAPL-58322-00009,1292
ATAPL-58322-00010,1293
ATAPL-58322-00011,1297
ATAPL-58322-00012,1294
ATAPL-58323-00001,1
ATAPL-58323-00002,2
ATAPL-58323-00003,3
ATAPL-58323-00004,4
ATAPL-58324-00001,1231
ATAPL-58324-00002,1270
ATAPL-58324-00003,1271
ATAPL-58324-00004,1272
ATAPL-58324-00005,1273
ATAPL-58324-00006,1291
ATAPL-58324-00007,1292
ATAPL-58324-00008,1361
ATAPL-58324-00009,1362
ATAPL-58324-00010,1363
ATAPL-58324-00011,1389
ATAPL-58325-00001,LTDISMS001
ATAPL-58325-00002,LTDISMS002
ATAPL-58325-00003,LTDISMS003
ATAPL-58325-00004,LTDISMS004
ATAPL-58326-00001,196
ATAPL-58328-00001,T1076
ATAPL-58328-00002,T1073
ATAPL-58328-00003,T1075
ATAPL-58328-00004,T1077
ATAPL-58328-00005,T1074
ATAPL-58328-00006,T1080
ATAPL-58328-00007,T1081
ATAPL-58329-00001,T1081
ATAPL-58329-00002,T1080
ATAPL-58331-00001,T6J67
ATAPL-58331-00002,T6J68
ATAPL-58331-00003,T6J69
ATAPL-58331-00004,T6J70
ATAPL-58331-00005,T6J71
ATAPL-58331-00006,T6J72
ATAPL-58331-00007,T6J73
ATAPL-58331-00008,T6J74
ATAPL-58331-00009,T6J75
ATAPL-58331-00010,T6J76
ATAPL-58331-00011,T6J77
ATAPL-58332-00001,ACS-134
ATAPL-58332-00002,ACS-166
ATAPL-58332-00004,ACS-186
ATAPL-58332-00005,ACS-244
ATAPL-58332-00006,ACS-251
ATAPL-58333-00001,1
ATAPL-58333-00002,2
ATAPL-58333-00003,3
ATAPL-58333-00004,4
ATAPL-58333-00005,5
ATAPL-58334-00001,1
ATAPL-58334-00002,2
ATAPL-58334-00003,3
ATAPL-58334-00004,4
ATAPL-58336-00001,C0047
ATAPL-58336-00002,C0075
ATAPL-58336-00003,C0076
ATAPL-58336-00004,C0091
ATAPL-58336-00009,C0123
ATAPL-58336-00010,C0124
ATAPL-58337-00001,P0059
ATAPL-58337-00002,P0112
ATAPL-58337-00003,P0111
ATAPL-58337-00004,P0110
ATAPL-58337-00005,P0113
ATAPL-58337-00006,P0133
ATAPL-58337-00009,P0161
ATAPL-58337-00010,P0162
ATAPL-58337-00013,P0163
ATAPL-58337-00014,P0164
ATAPL-58338-00001,
ATAPL-58338-00002,
ATAPL-58338-00003,12881-04
ATAPL-58339-00001,117164
ATAPL-58340-00001,
ATAPL-58340-00002,
ATAPL-58340-00003,12881-01
ATAPL-58341-00001,233
ATAPL-58341-00002,244
ATAPL-58341-00003,245
ATAPL-58341-00004,267
ATAPL-58341-00006,292
ATAPL-58341-00007,293
ATAPL-58342-00001,A
ATAPL-58342-00002,C
ATAPL-58342-00003,B
ATAPL-58343-00001,21968
ATAPL-58343-00002,21969
ATAPL-58343-00003,21964
ATAPL-58345-00001,61247
ATAPL-58345-00002,19073
ATAPL-58345-00003,19075
ATAPL-58345-00004,23340
ATAPL-58345-00005,23341
ATAPL-58345-00006,23342
ATAPL-58346-00001,1001
ATAPL-58346-00002,1039
ATAPL-58346-00003,1130
ATAPL-58346-00004,1148
ATAPL-58346-00005,1214
ATAPL-58346-00006,1215
ATAPL-58419-00001,18444
ATAPL-58419-00002,18975
ATAPL-58419-00003,18977
ATAPL-58693-00001,299463
ATAPL-58693-00002,299466
ATAPL-58693-00003,299467
ATAPL-58693-00004,299465
ATAPL-58693-00005,299464
ATAPL-58693-00006,299469
ATAPL-58693-00007,299468
ATAPL-58694-00001,43-2463
ATAPL-58694-00002,43-2484
ATAPL-58694-00003,43-2891
ATAPL-58694-00005,43-3163
ATAPL-58694-00006,43-3164
ATAPL-66645-00001,226
ATAPL-66645-00002,463
ATAPL-66645-00003,464
ATAPL-66645-00004,507
ATAPL-66645-00006,556
ATAPL-66645-00007,557
ATAPL-66662-00001,16-6914
ATAPL-66662-00002,16-7205
ATAPL-66662-00003,16-7232
ATAPL-66662-00004,16-7233
ATAPL-66662-00005,16-50030
ATAPL-66662-00008,16-50115
ATAPL-66662-00009,16-50118
ATAPL-66662-00010,16-50122
ATAPL-66662-00011,16-50123
ATAPL-66662-00012,16-50127
ATAPL-67596-00002,12881-03
ATAPL-67596-00003,13003-01
ATAPL-67596-0001A,12881-03
ATAPL-67627-00001,16-6943
ATAPL-67627-00002,16-7234
ATAPL-67627-00003,16-50031
ATAPL-67627-00004,16-50119
ATAPL-67627-00005,16-50128
ATAPL-67639-00001,5463757-0012
ATAPL-67639-00002,5471540-0028
ATAPL-67639-00003,5471540-0029
ATAPL-67639-00004,5471540-0030
ATAPL-67639-00005,5471540-0046
ATAPL-67639-00006,5471540-0048
ATAPL-67653-00001,1
ATAPL-67653-00002,2
ATAPL-67653-00003,3
ATAPL-67693-00001,121184
ATAPL-67693-00002,120785
ATAPL-67693-00003,120788
ATAPL-67693-00004,120798
ATAPL-67694-00001,3
ATAPL-67694-00002,4
ATAPL-67694-00003,5
ATAPL-67694-00004,7
ATAPL-67696-00001,9651
ATAPL-67696-00002,9652
ATAPL-67696-00003,9655
ATAPL-67696-00004,9656
ATAPL-67696-00005,9676
ATAPL-67977-00001,5273520-0120
ATAPL-67977-00002,5277187-0137
ATAPL-67977-00003,5277833-0139
ATAPL-67977-00004,52-0144
ATAPL-67977-00005,52-0145
ATAPL-67979-00001,10306
ATAPL-67979-00002,10311
ATAPL-67979-00003,10312
ATAPL-67979-00004,10313
ATAPL-67979-00005,10314
ATAPL-67979-00006,10349
ATAPL-67979-00007,10350
ATAPL-67979-00008,10351
ATAPL-67979-00009,10352
ATAPL-68020-00001,234
ATAPL-68020-00002,379
ATAPL-68020-00003,380
ATAPL-68020-00004,429
ATAPL-68020-00006,617
ATAPL-68020-00007,618
ATAPL-68073-00001,18471
ATAPL-68073-00002,18813
ATAPL-68073-00003,19224
ATAPL-68073-00004,23442
ATAPL-68073-00005,23443
ATAPL-69923-00001,5471540-0031
ATAPL-69923-00002,5471540-0047
ATAPL-69943-00001,ACS-141
ATAPL-69943-00002,ACS-155
ATAPL-69943-00003,ACS-156
ATAPL-69943-00004,ACS-158
ATAPL-69943-00005,ACS-157
ATAPL-69943-00006,ACS-204
ATAPL-69943-00007,ACS-247
ATAPL-69943-00008,ACS-248
ATAPL-69943-00009,ACS-250
ATAPL-69943-00012,ACS-243
ATAPL-70100-00001,101
ATAPL-70100-00002,
ATAPL-70100-00003,
ATAPL-70100-00004,
ATAPL-70109-00001,121654
ATAPL-70110-00001,FLNTURTD-3099
ATAPL-70110-00002,FLNTURTD-3397
ATAPL-70110-00003,FLNTURTD-3468
ATAPL-70110-00004,FLNTURTD-3637
ATAPL-70110-00005,FLNTURTD-3638
ATAPL-70111-00001,FLCDRTD-3098
ATAPL-70111-00002,FLCDRTD-3399
ATAPL-70111-00003,FLCDRTD-3460
ATAPL-70111-00004,FLCDRTD-3715
ATAPL-70111-00005,FLCDRTD-3716
ATAPL-70113-00001,1
ATAPL-70113-00002,4
ATAPL-70113-00003,3
ATAPL-70113-00004,2
ATAPL-70114-00001,AQS-6031/AQD 8493
ATAPL-70114-00002,AQS 6334/AQD 11653
ATAPL-70114-00003,AQS-6389/AQD 11641
ATAPL-70114-00004,AQS-6802/AQD 11930
ATAPL-70114-00006,AQS 7205/AQD 12227
ATAPL-70114-00007,AQS 7340/AQD 12469
ATAPL-70129-00001,307
ATAPL-70129-00002,308
ATAPL-70129-00003,177
ATAPL-70168-00001,SUBC12096
ATAPL-70168-00002,SUBC13115
ATAPL-70168-00003,SUBC13114
ATAPL-70248-00001,P1-SUBC13115
ATAPL-70248-00002,P2-SUBC13114
ATAPL-71553-00005,5
ATAPL-71553-00203,203
ATAPL-71553-00204,204
ATCWK-67627-00006,16-50209
ATCWK-67627-00007,16-50210
ATOSU-58317-00007,100
ATOSU-58317-00008,105
ATOSU-58317-00012,117
ATOSU-58317-00013,118
ATOSU-58320-00007,215
ATOSU-58320-00008,137
ATOSU-58320-00017,316
ATOSU-58320-00018,317
ATOSU-58320-00019,311
ATOSU-58320-00020,216
ATOSU-58320-00021,133
ATOSU-58320-00022,381
ATOSU-58322-00008,1150
ATOSU-58322-00013,1289
ATOSU-58324-00012,1411
ATOSU-58324-00013,1250
ATOSU-58324-00014,1248
ATOSU-58324-00015,1249
ATOSU-58324-00016,1412
ATOSU-58332-00003,ACS-128
ATOSU-58332-00007,ACS-223
ATOSU-58332-00008,ACS-221
ATOSU-58332-00009,ACS-169
ATOSU-58336-00005,C0078
ATOSU-58336-00006,C0079
ATOSU-58336-00007,C0116
ATOSU-58336-00008,C0117
ATOSU-58336-00011,C0064
ATOSU-58336-00012,C0080
ATOSU-58336-00013,C0090
ATOSU-58336-00014,C0118
ATOSU-58337-00007,P0115
ATOSU-58337-00008,P0131
ATOSU-58337-00011,P0153
ATOSU-58337-00012,P0154
ATOSU-58337-00015,P0116
ATOSU-58337-00016,P0117
ATOSU-58337-00017,P0159
ATOSU-58337-00018,P0132
ATOSU-58341-00005,241
ATOSU-58341-00008,251
ATOSU-58346-00007,1216
ATOSU-58346-00008,1131/TAG#: 116118
ATOSU-58694-00004,43-2853
ATOSU-58694-00007,43-3136
ATOSU-63259-00001,3
ATOSU-63259-00002,4
ATOSU-63259-00003,5
ATOSU-63259-00004,1
ATOSU-63259-00005,2
ATOSU-63295-00001,3
ATOSU-63295-00002,4
ATOSU-63295-00003,5
ATOSU-63295-00004,1
ATOSU-63295-00005,2
ATOSU-66645-00005,434
ATOSU-66645-00008,566
ATOSU-66662-00006,16-50018
ATOSU-66662-00007,16-50019
ATOSU-66662-00013,16-50112
ATOSU-66662-00014,16-50113
ATOSU-67977-00006,52-0146
ATOSU-67977-00007,5277187-0138/TAG#: 116117
ATOSU-68020-00005,344
ATOSU-68020-00008,625
ATOSU-69825-00001,21498
ATOSU-69825-00002,18153
ATOSU-69825-00003,18919
ATOSU-69826-00001,18493
ATOSU-69826-00002,19003
ATOSU-69826-00003,19003
ATOSU-69827-00001,16-7230
ATOSU-69827-00002,16-50114
ATOSU-69827-00003,16-7248
ATOSU-69828-00001,16-7231
ATOSU-69828-00002,16-7249
ATOSU-69828-00003,16-50117
ATOSU-69829-00001,5157
ATOSU-69829-00002,5156
ATOSU-69829-00003,8167
ATOSU-69829-00004,8159
ATOSU-69829-00005,8181
ATOSU-69943-00010,ACS-191
ATOSU-69943-00011,ACS-140
ATOSU-70110-00006,FLNTURTD-3762
ATOSU-70110-00007,FLNTURTD-3398
ATOSU-70111-00006,FLCDRTD-3717
ATOSU-70111-00007,FLCDRTD-3400
ATOSU-70114-10005,AQD 8399
ATOSU-70114-10008,AQD 12692
ATOSU-70570-00001,C0064
ATOSU-70570-00002,C0080
ATOSU-70570-00003,C0090
ATOSU-70570-00004,C0118
ATOSU-70571-00001,P0116
ATOSU-70571-00002,P0117
ATOSU-70571-00003,P0132
ATOSU-70571-00004,P0159
CGCON-AUVPNR-06263,6263
CGCON-AUVPNR-06264,6264
CGCON-BCPM01-00001,1
CGCON-BCPM01-00002,3703-00235-0002
CGCON-BCPM01-00004,4
CGCON-BCPM01-00006,6
CGCON-BCPM01-00007,7
CGCON-BCPM01-00008,2015-0008
CGCON-BCPM01-00009,9
CGCON-BCPM01-00010,10
CGCON-BCPM01-02001,2001
CGCON-BCPM01-02002,2002
CGCON-BCPM01-15004,2015-0004
CGCON-BCPM01-15005,2015-0005
CGCON-BCPM01-15009,9
CGCON-BCPM01-17009,2017-009
CGCON-BCPM01-50001,2015-0001
CGCON-BCPM01-50002,2015-0002
CGCON-BCPM01-50003,2015-0003
CGCON-BCPM01-50004,2015-0004
CGCON-BCPM01-50005,2015-0005
CGCON-BCPM01-50006,2015-0006
CGCON-BCPM01-50007,2015-0007
CGCON-BCPM01-50008,2015-0008
CGCON-BCPM01-50009,2015-0009
CGCON-BCPM01-60002,2016-0002
CGCON-BCPM01-60701,60701
CGCON-BCPM01-70001,2017-0001
CGCON-BDCL11-00001,1
CGCON-BDCL11-00002,3703-00235-0002
CGCON-BDCL11-00004,4
CGCON-BDCL11-00006,6
CGCON-BDCL11-00007,7
CGCON-BDCL11-00008,8
CGCON-BDCL11-00009,9
CGCON-BDCL11-00010,10
CGCON-BDCL11-02001,2001
CGCON-BDCL11-02002,2002
CGCON-BDCL11-15004,2015-0004
CGCON-BDCL11-15005,2015-0005
CGCON-BDCL11-15009,9
CGCON-BDCL11-17009,2017-009
CGCON-BDCL11-50001,2015-0001
CGCON-BDCL11-50002,2015-0002
CGCON-BDCL11-50003,2015-0003
CGCON-BDCL11-50004,2015-0004
CGCON-BDCL11-50005,2015-0005
CGCON-BDCL11-50006,2015-0006
CGCON-BDCL11-50007,2015-0007
CGCON-BDCL11-50008,2015-0008
CGCON-BDCL11-50009,2015-0009
CGCON-BDCL11-60002,2016-0002
CGCON-BDCL11-60701,60701
CGCON-BDCL11-70001,2017-0001
CGCON-BDCL12-00001,1
CGCON-BDCL12-00002,3703-00235-0002
CGCON-BDCL12-00004,4
CGCON-BDCL12-00006,6
CGCON-BDCL12-00007,7
CGCON-BDCL12-00008,8
CGCON-BDCL12-00009,9
CGCON-BDCL12-00010,10
CGCON-BDCL12-02001,2001
CGCON-BDCL12-02002,2002
CGCON-BDCL12-15004,2015-0004
CGCON-BDCL12-15005,2015-0005
CGCON-BDCL12-15009,9
CGCON-BDCL12-17009,2017-009
CGCON-BDCL12-50001,2015-0001
CGCON-BDCL12-50002,2015-0002
CGCON-BDCL12-50003,2015-0003
CGCON-BDCL12-50004,2015-0004
CGCON-BDCL12-50005,2015-0005
CGCON-BDCL12-50006,2015-0006
CGCON-BDCL12-50007,2015-0007
CGCON-BDCL12-50008,2015-0008
CGCON-BDCL12-50009,2015-0009
CGCON-BDCL12-60002,2016-0002
CGCON-BDCL12-60701,60701
CGCON-BDCL12-70001,2017-0001
CGCON-BSTC01-00002,SWE 0002-G
CGCON-BSTC01-00003,SWE 003-G
CGCON-BSTC01-00004,SWE 0004 Rev G
CGCON-BSTC01-00005,SWE 0005-G
CGCON-BSTC01-00006,SWE 00006 Rev G
CGCON-BSTC01-00007,SWE 0007 Rev G
CGCON-BSTC01-00008,SWE 0008 Rev G
CGCON-BSTC01-00009,SWE 0009
CGCON-BSTC01-00010,SWE 0010
CGCON-BSTC01-00011,SWE 0011
CGCON-BSTC01-00012,SWE 0012
CGCON-BSTC01-00013,SWE 0013
CGCON-BSTC01-00016,SWE 0016
CGCON-BSTC01-00017,SWE 0017
CGCON-BSTC01-00018,SWE 0018
CGCON-BSTC01-00042,SWE 0042
CGCON-BSTC01-01002,1002
CGCON-BSTC01-01003,1003
CGCON-BSTC01-01015,1015
CGCON-BSTC01-14362,21436-2
CGCON-BSTC01-23436,23436
CGCON-CSPPCE-00001,WLP-001
CGCON-CSPPCE-00002,WLP-002
CGCON-CSPPCE-00003,WLP-003
CGCON-CSPPCE-00006,WLP-006
CGCON-CSPPCE-00007,WLP-007
CGCON-CSPPCE-00008,WLP-008
CGCON-CSPPCP-00004,WLP-004
CGCON-CSPPCP-00005,WLP-005
CGCON-CWFPCE-37801,ML14378-01
CGCON-CWFPCE-99103,ML12991-03
CGCON-CWFPCE-99104,ML12991-04
CGCON-CWFPCP-10301,ML13103-01
CGCON-CWFPCP-10302,ML13103-02
CGCON-CWFPCP-10303,ML13103-03
CGCON-CWFPCP-10304,ML13103-04
CGCON-CWFPCP-10305,ML13103-05
CGCON-CWFPCP-30001,ML14300-01
CGCON-CWFPCP-30002,ML14300-02
CGCON-CWFPCP-71401,ML12714-01
CGCON-CWFPCP-93601,ML12936-01
CGCON-CWFPCP-99101,ML12991-01
CGCON-CWFPCP-99102,ML12991-02
CGCON-CWFPCP-99105,ML12991-05
CGCON-ECPM01-00002,2
CGCON-ECPM01-00015,15
CGCON-ECPM01-00016,3605-20018-0016
CGCON-ECPM01-00020,20
CGCON-ECPM01-50002,2
CGCON-EDCL17-00002,2
CGCON-EDCL17-00015,15
CGCON-EDCL17-00016,16
CGCON-EDCL17-00020,20
CGCON-EDCL17-50002,2
CGCON-GLDRCE-00247,247
CGCON-GLDRCE-00311,311
CGCON-GLDRCE-00312,312
CGCON-GLDRCE-00319,319
CGCON-GLDRCE-00320,320
CGCON-GLDRCE-00326,326
CGCON-GLDRCE-00327,327
CGCON-GLDRCE-00381,381
CGCON-GLDRCE-00382,382
CGCON-GLDRCE-00383,383
CGCON-GLDRCE-00384,384
CGCON-GLDRCE-00386,386
CGCON-GLDRCP-00335,335
CGCON-GLDRCP-00336,336
CGCON-GLDRCP-00339,339
CGCON-GLDRCP-00340,340
CGCON-GLDRCP-00374,374
CGCON-GLDRCP-00375,375
CGCON-GLDRCP-00376,376
CGCON-GLDRCP-00379,379
CGCON-GLDRCP-00380,380
CGCON-GLDRCP-00387,387
CGCON-GLDRCP-00388,388
CGCON-GLDRCP-00389,389
CGCON-GLDRCP-00564,564
CGCON-GLDRGP-00470,470
CGCON-GLDRGP-00514,514
CGCON-GLDRGP-00515,515
CGCON-GLDRGP-00528,528
CGCON-GLDRGP-00562,562
CGCON-GLDRGP-00563,563
CGCON-GLDRGP-00564,564
CGCON-GLDRGP-00565,565
CGCON-GLDRGP-00566,566
CGCON-GLDRGP-00575,575
CGCON-GLDRGP-00576,576
CGCON-GLDRGP-00577,577
CGCON-GLDRGP-00578,578
CGCON-GLDRGP-00580,580
CGCON-GLDRGP-00581,581
CGCON-GLDRGP-00583,583
CGCON-GLDROO-00276,276
CGCON-GLDROO-00361,361
CGCON-GLDROO-00362,362
CGCON-GLDROO-00363,363
CGCON-GLDROO-00364,364
CGCON-GLDROO-00365,365
CGCON-GLDROO-00453,453
CGCON-GLDROO-00469,469
CGCON-GLDROO-00470,470
CGCON-GLDROO-00477,477
CGCON-GLDROO-00478,478
CGCON-GLDROO-00484,484
CGCON-GLDROO-00485,485
CGCON-GLDROO-00486,486
CGCON-GLDROO-00493,493
CGCON-GLDROO-00494,494
CGCON-GLDROO-00495,495
CGCON-GLDROO-00496,496
CGCON-GLDROO-00523,523
CGCON-GLDROO-00524,524
CGCON-GLDROO-00525,525
CGCON-GLDROO-00537,537
CGCON-GLDROO-00538,538
CGCON-GLDROO-00559,559
CGCON-GLDROO-00560,560
CGCON-GLDROO-00561,561
CGCON-GWFPGX-10401,ML13104-01
CGCON-GWFPGX-10402,ML13104-02
CGCON-GWFPGX-10403,ML13104-03
CGCON-GWFPGX-10404,ML13104-04
CGCON-GWFPGX-10405,ML13104-05
CGCON-GWFPGX-10406,ML13104-06
CGCON-GWFPGX-10407,ML13104-07
CGCON-GWFPGX-45201,ML13452-01
CGCON-GWFPGX-45202,ML13452-02
CGCON-GWFPGX-45203,ML13452-03
CGCON-GWFPGX-45204,ML13452-04
CGCON-GWFPGX-77401,ML12774-01
CGCON-GWFPGX-93602,ML12936-02
CGCON-GWFPGX-99701,ML12997-01
CGCON-MCPM03-00001,1
CGCON-MCPM03-00002,2
CGCON-MCPM03-00003,3
CGCON-MCPM03-00004,4
CGCON-MCPM03-00005,3703-00275-0005
CGCON-MCPM03-00006,6
CGCON-MCPM03-00007,7
CGCON-MCPM03-00008,8
CGCON-MCPM03-00009,9
CGCON-MCPM03-00010,10
CGCON-MCPM03-00011,11
CGCON-MCPM03-00012,12
CGCON-MCPM03-00013,13
CGCON-MCPM03-00014,14
CGCON-MCPM03-00015,15
CGCON-MCPM03-00016,16
CGCON-MCPM03-00019,19
CGCON-MCPM03-50001,2015-0001
CGCON-MCPM03-50004,2015-0004
CGCON-MCPM03-50005,2015-0005
CGCON-MDCL35-00001,3703-00292-0001
CGCON-MDCL35-00002,2
CGCON-MDCL35-00003,3
CGCON-MDCL35-00005,5
CGCON-MDCL35-00006,6
CGCON-MDCL35-00007,7
CGCON-MDCL35-00008,8
CGCON-MDCL35-00009,9
CGCON-MDCL35-00010,3703-00292-0010
CGCON-MDCL35-00011,11
CGCON-MDCL35-00012,12
CGCON-MDCL35-00013,13
CGCON-MDCL35-00014,14
CGCON-MDCL35-00016,16
CGCON-MDCL35-00023,23
CGCON-MDCL35-00032,32
CGCON-MDCL35-00034,34
CGCON-MDCL35-00040,40
CGCON-MDCL35-00041,41
CGCON-MDCL35-00045,45
CGCON-MDCL35-00050,50
CGCON-MDCL36-00001,3703-00292-0001
CGCON-MDCL36-00005,5
CGCON-MDCL36-00009,9
CGCON-MDCL36-00010,3703-00292-0010
CGCON-MDCL36-00014,14
CGCON-MDCL36-00020,20
CGCON-MDCL36-00021,21
CGCON-MDCL36-00025,25
CGCON-MDCL36-00037,37
CGCON-MDCL36-00038,38
CGCON-MDCL36-00042,42
CGCON-MDCL36-00048,48
CGCON-MDCL36-00051,51
CGCON-MDCL37-00001,1
CGCON-MDCL37-00002,2
CGCON-MDCL37-00003,3
CGCON-MDCL37-00004,3703-00275-0004
CGCON-MDCL37-00005,3703-00275-0005
CGCON-MDCL37-00006,6
CGCON-MDCL37-00007,7
CGCON-MDCL37-00008,8
CGCON-MDCL37-00010,10
CGCON-MDCL37-00011,11
CGCON-MDCL37-00012,12
CGCON-MDCL37-00013,13
CGCON-MDCL37-00014,14
CGCON-MDCL37-00015,15
CGCON-MDCL37-00016,16
CGCON-MDCL37-00019,19
CGCON-NCPM02-00001,1
CGCON-NCPM02-00002,3703-00274-0002
CGCON-NCPM02-00003,3703-00274-0003
CGCON-NCPM02-00004,4
CGCON-NCPM02-00005,5
CGCON-NCPM02-00006,6
CGCON-NCPM02-00007,3703-00274-0007
CGCON-NCPM02-00008,8
CGCON-NCPM02-00009,9
CGCON-NCPM02-00010,10
CGCON-NCPM02-00011,11
CGCON-NCPM02-00012,12
CGCON-NCPM02-00013,13
CGCON-NCPM02-00014,14
CGCON-NCPM02-00015,15
CGCON-NCPM02-00016,16
CGCON-NCPM02-00017,17
CGCON-NCPM02-00018,18
CGCON-NCPM02-15008,8
CGCON-NCPM02-50001,2015-0001
CGCON-NCPM02-50004,2015-0004
CGCON-NCPM02-50005,2015-0005
CGCON-NDCL16-00001,1
CGCON-NDCL16-00002,2
CGCON-NDCL16-00009,9
CGCON-NDCL16-00010,3703-00272-0010
CGCON-NDCL16-00012,12
CGCON-NDCL16-00013,13
CGCON-NDCL16-00014,14
CGCON-NDCL16-00016,16
CGCON-NDCL16-00017,17
CGCON-NDCL16-00020,20
CGCON-NDCL16-00022,22
CGCON-NDCL16-00026,26
CGCON-NDCL16-00030,36
CGCON-NDCL16-00033,33
CGCON-NDCL16-00035,35
CGCON-NDCL16-00036,36
CGCON-NDCL16-00043,43
CGCON-NDCL26-00002,2
CGCON-NDCL26-00004,4
CGCON-NDCL26-00006,6
CGCON-NDCL26-00007,7
CGCON-NDCL26-00009,9
CGCON-NDCL26-00010,3703-00272-0010
CGCON-NDCL26-00011,11
CGCON-NDCL26-00013,13
CGCON-NDCL26-00014,3703-00272-0014
CGCON-NDCL26-00015,15
CGCON-NDCL26-00016,16
CGCON-NDCL26-00017,3703-00272-0017
CGCON-NDCL26-00018,18
CGCON-NDCL26-00020,20
CGCON-NDCL26-00021,21
CGCON-NDCL26-00023,23
CGCON-NDCL26-00024,24
CGCON-NDCL26-00025,25
CGCON-NDCL26-00026,26
CGCON-NDCL26-00027,27
CGCON-NDCL26-00029,29
CGCON-NDCL26-00031,31
CGCON-NDCL26-00032,32
CGCON-NDCL26-00034,34
CGCON-NDCL26-00037,37
CGCON-NDCL26-00039,39
CGCON-NDCL26-00040,40
CGCON-NDCL26-00047,47
CGCON-NDCL26-00052,52
CGCON-NDCL27-00001,1
CGCON-NDCL27-00002,3703-00274-0002
CGCON-NDCL27-00003,3703-00274-0003
CGCON-NDCL27-00004,4
CGCON-NDCL27-00005,5
CGCON-NDCL27-00006,6
CGCON-NDCL27-00007,7
CGCON-NDCL27-00008,8
CGCON-NDCL27-00009,9
CGCON-NDCL27-00010,10
CGCON-NDCL27-00011,11
CGCON-NDCL27-00012,12
CGCON-NDCL27-00013,13
CGCON-NDCL27-00014,14
CGCON-NDCL27-00015,15
CGCON-NDCL27-00016,16
CGCON-NDCL27-00017,17
CGCON-NDCL27-00018,18
CGCON-SIOCON-00018,18
CGCON-SIOCON-00019,19
CGCON-SIOCON-00023,23
CGCON-SIOCON-00027,27
CGCON-SIOCON-10118,10118
CGCON-SIOCON-11690,11690
CGCON-SIOCON-12365,12365
CGCON-SIOCON-12368,12368
CGCON-SIOCON-12369,12369
CGCON-SIOCON-12371,12371
CGCON-SIOCON-12372,12372 ID 01
CGCON-SIOCON-13278,13278
CGCON-SIOCON-13279,13279
CGCON-SIOCON-13280,13280
CGCON-SIOCON-13282,13282
CGCON-SIOCON-13283,13283
CGCON-SIOCON-13284,13284
CGCON-SIOCON-13285,13285
CGCON-SIOCON-13987,13987
CGCON-SIOCON-13988,13988
CGCON-SIOCON-13990,13990
CGCON-SIOCON-13992,13992
CGCON-SIOCON-13993,13993 / 10
CGCON-SIOCON-13994,13994
CGCON-SIOCON-14871,14871
CGCON-SIOCON-14874,14874
CGCON-SIOCON-14875,14875
CGCON-SIOCON-14876,14876
CGCON-SIOCON-14877,14877
CGCON-SIOCON-14878,14878
CGCON-SIOCON-14879,14879
CGCON-SIOCON-14880,14880
CGCON-SIOCON-14881,14881
CGCON-SIOCON-14882,14882
CGCON-SIOCON-14883,14883
CGCON-SIOCON-14884,14884
CGCON-SIOCON-14885,14885
CGCON-SIOCON-28614,13286 / 14
CGCON-SIOCON-32771,13277 / 1
CGCON-SIOCON-32809,13280 / 9
CGCON-SIOCON-98925,13989 / 25
CGCON-SIOCON-99128,13991 / 28
CGCON-SIOCON-99324,13993 / 24
CGCON-SIOCON-99421,13994 / 21
CGCON-SIOCON-99520,13995 / 20
CGCON-SIOCON-99706,13997 / 06
CGCON-SIOCON-99826,13998 / 26
CGINS-ADCPAM-00223,223
CGINS-ADCPAM-00537,537
CGINS-ADCPAM-00539,539
CGINS-ADCPAM-00541,541
CGINS-ADCPAM-00543,543
CGINS-ADCPAM-00545,545
CGINS-ADCPAM-00549,549
CGINS-ADCPAM-00550,550
CGINS-ADCPAM-00552,552
CGINS-ADCPAM-00553,553
CGINS-ADCPAM-00570,570
CGINS-ADCPAM-42443,642443
CGINS-ADCPAM-42931,642931
CGINS-ADCPAM-42932,642932
CGINS-ADCPAM-43105,643105
CGINS-ADCPAM-43106,643106
CGINS-ADCPAM-43111,643111
CGINS-ADCPAM-43473,643473
CGINS-ADCPAM-43474,643474
CGINS-ADCPAM-48292,648292
CGINS-ADCPAM-48875,648875
CGINS-ADCPAM-48877,648877
CGINS-ADCPAM-49015,649015
CGINS-ADCPAM-49016,649016
CGINS-ADCPAM-49696,649696
CGINS-ADCPAM-49697,649697
CGINS-ADCPAM-49982,649982
CGINS-ADCPAM-50864,650864
CGINS-ADCPAM-50865,650865
CGINS-ADCPAM-50867,650867
CGINS-ADCPAM-52696,652696
CGINS-ADCPAM-54584,654584
CGINS-ADCPAM-54585,654585
CGINS-ADCPAM-54587,654587
CGINS-ADCPAM-55980,655980
CGINS-ADCPAM-62598,62598
CGINS-ADCPAM-72777,672777
CGINS-ADCPAN-22076,22076
CGINS-ADCPAN-22077,22077
CGINS-ADCPSI-18919,18919
CGINS-ADCPSJ-18976,18976
CGINS-ADCPSJ-18978,18978
CGINS-ADCPSJ-19061,19061
CGINS-ADCPSJ-21496,21496
CGINS-ADCPSJ-22642,22642
CGINS-ADCPSJ-22649,22649
CGINS-ADCPSL-13992,13992
CGINS-ADCPSL-18260,18260
CGINS-ADCPSL-18261,18261
CGINS-ADCPSL-18351,18351
CGINS-ADCPSL-18352,18352
CGINS-ADCPSL-18353,18353
CGINS-ADCPSL-18445,18445
CGINS-ADCPSL-18446,18446
CGINS-ADCPSL-20346,20346
CGINS-ADCPSL-20502,20502
CGINS-ADCPSL-20503,20503
CGINS-ADCPSL-20504,20504
CGINS-ADCPSL-21393,21393
CGINS-ADCPSL-21446,21446
CGINS-ADCPSL-21450,21450
CGINS-ADCPSL-21497,21497
CGINS-ADCPSL-22650,22650
CGINS-ADCPSL-22846,22846
CGINS-ADCPSL-23380,23380
CGINS-ADCPSL-23381,23381
CGINS-ADCPSL-23497,23497
CGINS-ADCPSL-23498,23498
CGINS-ADCPSL-24661,24661
CGINS-ADCPSL-24664,24664
CGINS-ADCPSN-21002,21002
CGINS-ADCPSN-21638,21638
CGINS-ADCPSN-21639,21639
CGINS-ADCPSN-21654,21654
CGINS-ADCPSN-21717,21717
CGINS-ADCPSN-22865,22865
CGINS-ADCPSN-23579,23579
CGINS-ADCPSN-23580,23580
CGINS-ADCPTA-18222,18222
CGINS-ADCPTA-19016,19016
CGINS-ADCPTA-19024,19024
CGINS-ADCPTA-22814,22814
CGINS-ADCPTA-22816,22816
CGINS-ADCPTB-22115,22115
CGINS-ADCPTC-17122,17122
CGINS-ADCPTC-19000,19000
CGINS-ADCPTC-19002,19002
CGINS-ADCPTC-22114,22114
CGINS-ADCPTC-22717,22717
CGINS-ADCPTC-22808,22808
CGINS-ADCPTC-22809,22809
CGINS-ADCPTF-18593,18593
CGINS-ADCPTF-18594,18594
CGINS-ADCPTF-19221,19221
CGINS-ADCPTF-20530,20530
CGINS-ADCPTF-22672,22672
CGINS-ADCPTG-18596,18596
CGINS-ADCPTG-18660,18660
CGINS-ADCPTG-19151,19151
CGINS-ADCPTG-19336,19336
CGINS-ADCPTG-20495,20495
CGINS-ADCPTG-20496,20496
CGINS-ADCPTG-20499,20499
CGINS-ADCPTG-24542,24542
CGINS-ADCPTG-24543,24543
CGINS-ADCPTG-24544,24544
CGINS-ADCPTM-18225,18225
CGINS-ADCPTM-19023,19023
CGINS-ADCPTM-21517,21517
CGINS-ADCPTM-21522,21522
CGINS-ADCPTM-21524,21524
CGINS-CAMDSA-00109,0484-6102-0109
CGINS-CAMDSA-00110,0484-6102-0110
CGINS-CAMDSA-00111,0484-6102-0111
CGINS-CAMDSA-00112,0484-6102-0112
CGINS-CAMDSA-00113,0484-6102-0113
CGINS-CAMDSA-00119,0484-6102-0119
CGINS-CAMDSA-00120,0484-6102-0120
CGINS-CAMDSA-00121,0484-6102-0121
CGINS-CAMDSA-00122,0484-6102-0122
CGINS-CAMDSB-00100,0484-6002-0100
CGINS-CTDAVN-00103,103
CGINS-CTDAVN-00104,104
CGINS-CTDAVN-00424,424
CGINS-CTDAVN-00425,425
CGINS-CTDBPC-06841,16-6841
CGINS-CTDBPC-07208,16-7208
CGINS-CTDBPC-07240,16-7240
CGINS-CTDBPC-07241,16-7241
CGINS-CTDBPC-07242,16-7242
CGINS-CTDBPC-07243,16-7243
CGINS-CTDBPC-50002,16-50002
CGINS-CTDBPC-50003,16-50003
CGINS-CTDBPC-50006,16-50006
CGINS-CTDBPC-50007,16-50007
CGINS-CTDBPC-50009,16-50009
CGINS-CTDBPC-50010,16-50010
CGINS-CTDBPC-50011,16-50011
CGINS-CTDBPC-50012,16-50012
CGINS-CTDBPC-50013,16-50013
CGINS-CTDBPC-50014,16-50014
CGINS-CTDBPC-50015,16-50015
CGINS-CTDBPC-50055,16-50055
CGINS-CTDBPC-50056,16-50056
CGINS-CTDBPC-50057,16-50057
CGINS-CTDBPC-50108,16-50108
CGINS-CTDBPC-50109,16-50109
CGINS-CTDBPC-50150,16-50150
CGINS-CTDBPC-50151,16-50151
CGINS-CTDBPC-50152,16-50152
CGINS-CTDBPC-50153,16-50153
CGINS-CTDBPC-50154,16-50154
CGINS-CTDBPC-50187,16-50187
CGINS-CTDBPC-50188,16-50188
CGINS-CTDBPD-07209,16-7209
CGINS-CTDBPD-07239,16-7239
CGINS-CTDBPD-50008,16-50008
CGINS-CTDBPD-50058,16-50058
CGINS-CTDBPD-50110,16-50110
CGINS-CTDBPE-50004,16-50004
CGINS-CTDBPE-50005,16-50005
CGINS-CTDBPE-50067,16-50067
CGINS-CTDBPE-50068,16-50068
CGINS-CTDBPE-50111,16-50111
CGINS-CTDBPE-50149,16-50149
CGINS-CTDBPF-50001,16-50001
CGINS-CTDBPF-50060,16-50060
CGINS-CTDBPF-50061,16-50061
CGINS-CTDBPF-50062,16-50062
CGINS-CTDBPF-50065,16-50065
CGINS-CTDBPF-50116,16-50116
CGINS-CTDBPF-50142,16-50142
CGINS-CTDBPF-50143,16-50143
CGINS-CTDBPN-03230,16-3230
CGINS-CTDBPN-07230,16-7230
CGINS-CTDBPO-03231,16-3231
CGINS-CTDBPO-07249,16-7249
CGINS-CTDBPO-50117,16-50117
CGINS-CTDBPP-50059,16-50059
CGINS-CTDBPP-50069,16-50069
CGINS-CTDBPP-50072,16-50072
CGINS-CTDBPP-50073,16-50073
CGINS-CTDBPP-50074,16-50074
CGINS-CTDBPP-50075,16-50075
CGINS-CTDBPP-50076,16-50076
CGINS-CTDBPP-50077,16-50077
CGINS-CTDBPP-50124,16-50124
CGINS-CTDBPP-50125,16-50125
CGINS-CTDBPP-50126,16-50126
CGINS-CTDBPP-50137,16-50137
CGINS-CTDBPP-50138,16-50138
CGINS-CTDBPP-50139,16-50139
CGINS-CTDBPP-50156,16-50156
CGINS-CTDBPP-50157,16-50157
CGINS-CTDBPP-50158,16-50158
CGINS-CTDBPP-50159,16-50159
CGINS-CTDBPP-50160,16-50160
CGINS-CTDBPP-50161,16-50161
CGINS-CTDBPP-50198,16-50198
CGINS-CTDGVM-00073,73
CGINS-CTDGVM-00104,104
CGINS-CTDGVM-09014,9014
CGINS-CTDGVM-09015,9015
CGINS-CTDGVM-09023,9023
CGINS-CTDGVM-09024,9024
CGINS-CTDGVM-09026,9026
CGINS-CTDGVM-09027,9027
CGINS-CTDGVM-09029,9029
CGINS-CTDGVM-09030,9030
CGINS-CTDGVM-09036,9036
CGINS-CTDGVM-09037,9037
CGINS-CTDGVM-09055,9055
CGINS-CTDGVM-09056,9056
CGINS-CTDGVM-09057,9057
CGINS-CTDGVM-09058,9058
CGINS-CTDGVM-09059,9059
CGINS-CTDGVM-09060,9060
CGINS-CTDGVM-09061,9061
CGINS-CTDGVM-09064,9064
CGINS-CTDGVM-09065,9065
CGINS-CTDGVM-09066,9066
CGINS-CTDGVM-09081,9081
CGINS-CTDGVM-09082,9082
CGINS-CTDGVM-09083,9083
CGINS-CTDGVM-09085,9085
CGINS-CTDGVM-09086,9086
CGINS-CTDGVM-09087,9087
CGINS-CTDGVM-09088,9088
CGINS-CTDGVM-09089,9089
CGINS-CTDGVM-09150,9150
CGINS-CTDGVM-09158,9158
CGINS-CTDGVM-09172,9172
CGINS-CTDGVM-09173,9173
CGINS-CTDGVM-09174,9174
CGINS-CTDGVM-09175,9175
CGINS-CTDGVM-09195,9195
CGINS-CTDGVM-09196,9196
CGINS-CTDGVM-09207,9207
CGINS-CTDGVM-09209,9209
CGINS-CTDGVM-09211,9211
CGINS-CTDGVM-09214,9214
CGINS-CTDGVM-09222,9222
CGINS-CTDGVM-09230,9230
CGINS-CTDGVM-09231,9231
CGINS-CTDGVM-09232,9232
CGINS-CTDGVM-09235,9235
CGINS-CTDGVM-09237,9237
CGINS-CTDGVM-09238,9238
CGINS-CTDGVM-09258,9258
CGINS-CTDGVM-09268,9268
CGINS-CTDGVM-09269,9269
CGINS-CTDGVM-09270,9270
CGINS-CTDGVM-09283,9283
CGINS-CTDGVM-09284,9284
CGINS-CTDGVM-09285,9285
CGINS-CTDGVM-09286,9286
CGINS-CTDGVM-09287,9287
CGINS-CTDGVM-09288,9288
CGINS-CTDGVM-09294,9294
CGINS-CTDGVM-09295,9295
CGINS-CTDGVM-09297,9297
CGINS-CTDGVM-09302,9302
CGINS-CTDGVM-09306,9306
CGINS-CTDGVM-09307,9307
CGINS-CTDGVM-09338,9338
CGINS-CTDGVM-09341,9341
CGINS-CTDGVM-09345,9345
CGINS-CTDGVM-09346,9346
CGINS-CTDGVM-09347,9347
CGINS-CTDGVM-09349,9349
CGINS-CTDGVM-09353,9353
CGINS-CTDGVM-09354,9354
CGINS-CTDGVM-09361,9361
CGINS-CTDGVM-09362,9362
CGINS-CTDGVM-09363,9363
CGINS-CTDGVM-09364,9364
CGINS-CTDGVM-09453,9453
CGINS-CTDMOG-10214,37-10214
CGINS-CTDMOG-10215,37-10215
CGINS-CTDMOG-10216,37-10216
CGINS-CTDMOG-10217,37-10217
CGINS-CTDMOG-10218,37-10218
CGINS-CTDMOG-10219,37-10219
CGINS-CTDMOG-10220,37-10220
CGINS-CTDMOG-10221,37-10221
CGINS-CTDMOG-10222,37-10222
CGINS-CTDMOG-10223,37-10223
CGINS-CTDMOG-10224,37-10224
CGINS-CTDMOG-10225,37-10225
CGINS-CTDMOG-10252,37-10252
CGINS-CTDMOG-10253,37-10253
CGINS-CTDMOG-10254,37-10254
CGINS-CTDMOG-10255,37-10255
CGINS-CTDMOG-10256,37-10256
CGINS-CTDMOG-10257,37-10257
CGINS-CTDMOG-10258,37-10258
CGINS-CTDMOG-10259,37-10259
CGINS-CTDMOG-10260,37-10260
CGINS-CTDMOG-10261,37-10261
CGINS-CTDMOG-10262,37-10262
CGINS-CTDMOG-10263,37-10263
CGINS-CTDMOG-11533,37-11533
CGINS-CTDMOG-11534,37-11534
CGINS-CTDMOG-11535,37-11535
CGINS-CTDMOG-11593,37-11593
CGINS-CTDMOG-11594,37-11594
CGINS-CTDMOG-11595,37-11595
CGINS-CTDMOG-11596,37-11596
CGINS-CTDMOG-11603,37-11603
CGINS-CTDMOG-11604,37-11604
CGINS-CTDMOG-11605,37-11605
CGINS-CTDMOG-11606,37-11606
CGINS-CTDMOG-11607,37-11607
CGINS-CTDMOG-11608,37-11608
CGINS-CTDMOG-11609,37-11609
CGINS-CTDMOG-11610,37-11610
CGINS-CTDMOG-11611,37-11611
CGINS-CTDMOG-11612,37-11612
CGINS-CTDMOG-11613,37-11613
CGINS-CTDMOG-11637,37-11637
CGINS-CTDMOG-11638,37-11638
CGINS-CTDMOG-11639,37-11639
CGINS-CTDMOG-11640,37-11640
CGINS-CTDMOG-11641,37-11641
CGINS-CTDMOG-11642,37-11642
CGINS-CTDMOG-11643,37-11643
CGINS-CTDMOG-11644,37-11644
CGINS-CTDMOG-11645,37-11645
CGINS-CTDMOG-11646,37-11646
CGINS-CTDMOG-11647,37-11647
CGINS-CTDMOG-11648,37-11648
CGINS-CTDMOG-11649,37-11649
CGINS-CTDMOG-11650,37-11650
CGINS-CTDMOG-11651,37-11651
CGINS-CTDMOG-11652,37-11652
CGINS-CTDMOG-11653,37-11653
CGINS-CTDMOG-11654,37-11654
CGINS-CTDMOG-12189,37-12189
CGINS-CTDMOG-12190,37-12190
CGINS-CTDMOG-12308,37-12308
CGINS-CTDMOG-12309,37-12309
CGINS-CTDMOG-12310,37-12310
CGINS-CTDMOG-12311,37-12311
CGINS-CTDMOG-12312,37-12312
CGINS-CTDMOG-12313,37-12313
CGINS-CTDMOG-12314,37-12314
CGINS-CTDMOG-12330,37-12330
CGINS-CTDMOG-12331,37-12331
CGINS-CTDMOG-12332,37-12332
CGINS-CTDMOG-12333,37-12333
CGINS-CTDMOG-12336,37-12336
CGINS-CTDMOG-12337,37-12337
CGINS-CTDMOG-12370,37-12370
CGINS-CTDMOG-12371,37-12371
CGINS-CTDMOG-12372,37-12372
CGINS-CTDMOG-12374,37-12374
CGINS-CTDMOG-12375,37-12375
CGINS-CTDMOG-12376,37-12376
CGINS-CTDMOG-12377,37-12377
CGINS-CTDMOG-12378,37-12378
CGINS-CTDMOG-12379,37-12379
CGINS-CTDMOG-12396,37-12396
CGINS-CTDMOG-12400,37-12400
CGINS-CTDMOG-12401,37-12401
CGINS-CTDMOG-12402,37-12402
CGINS-CTDMOG-12403,37-12403
CGINS-CTDMOG-12404,37-12404
CGINS-CTDMOG-12405,37-12405
CGINS-CTDMOG-12406,37-12406
CGINS-CTDMOG-12407,37-12407
CGINS-CTDMOG-12408,37-12408
CGINS-CTDMOG-12409,37-12409
CGINS-CTDMOG-12410,37-12410
CGINS-CTDMOG-12411,37-12411
CGINS-CTDMOG-12412,37-12412
CGINS-CTDMOG-12413,37-12413
CGINS-CTDMOG-12414,37-12414
CGINS-CTDMOG-12584,37-12584
CGINS-CTDMOG-12587,37-12587
CGINS-CTDMOG-12588,37-12588
CGINS-CTDMOG-12608,37-12608
CGINS-CTDMOG-12609,37-12609
CGINS-CTDMOG-12638,37-12638
CGINS-CTDMOG-13336,37-13336
CGINS-CTDMOG-13419,37-13419
CGINS-CTDMOG-13420,37-13420
CGINS-CTDMOG-13421,37-13421
CGINS-CTDMOG-13422,37-13422
CGINS-CTDMOG-13425,37-13425
CGINS-CTDMOG-13426,37-13426
CGINS-CTDMOG-13427,37-13427
CGINS-CTDMOG-13428,37-13428
CGINS-CTDMOG-13429,37-13429
CGINS-CTDMOG-13430,37-13430
CGINS-CTDMOG-13431,37-13431
CGINS-CTDMOG-13432,37-13432
CGINS-CTDMOG-13433,37-13433
CGINS-CTDMOG-13434,37-13434
CGINS-CTDMOG-13435,37-13435
CGINS-CTDMOG-13436,37-13436
CGINS-CTDMOG-13437,37-13437
CGINS-CTDMOG-13438,37-13438
CGINS-CTDMOG-13439,37-13439
CGINS-CTDMOG-13560,37-13560
CGINS-CTDMOG-13561,37-13561
CGINS-CTDMOG-13578,37-13578
CGINS-CTDMOG-13579,37-13579
CGINS-CTDMOG-13589,37-13589
CGINS-CTDMOG-13590,37-13590
CGINS-CTDMOG-13593,37-13593
CGINS-CTDMOG-13594,37-13594
CGINS-CTDMOG-13595,37-13595
CGINS-CTDMOG-13596,37-13596
CGINS-CTDMOG-13597,37-13597
CGINS-CTDMOG-13598,37-13598
CGINS-CTDMOG-13599,37-13599
CGINS-CTDMOG-13600,37-13600
CGINS-CTDMOG-13601,37-13601
CGINS-CTDMOG-13603,37-13603
CGINS-CTDMOG-13604,37-13604
CGINS-CTDMOG-13605,37-13605
CGINS-CTDMOG-13606,37-13606
CGINS-CTDMOG-13607,37-13607
CGINS-CTDMOG-13608,37-13608
CGINS-CTDMOG-13616,37-13616
CGINS-CTDMOG-13617,37-13617
CGINS-CTDMOG-13620,37-13620
CGINS-CTDMOG-13621,37-13621
CGINS-CTDMOG-13622,37-13622
CGINS-CTDMOG-13623,37-13623
CGINS-CTDMOG-13624,37-13624
CGINS-CTDMOG-13625,37-13625
CGINS-CTDMOG-13626,37-13626
CGINS-CTDMOG-13635,37-13635
CGINS-CTDMOG-13636,37-13636
CGINS-CTDMOG-13637,37-13637
CGINS-CTDMOG-13638,37-13638
CGINS-CTDMOG-13642,37-13642
CGINS-CTDMOG-13643,37-13643
CGINS-CTDMOG-13644,37-13644
CGINS-CTDMOG-13645,37-13645
CGINS-CTDMOH-10226,37-10226
CGINS-CTDMOH-10227,37-10227
CGINS-CTDMOH-10228,37-10228
CGINS-CTDMOH-10229,37-10229
CGINS-CTDMOH-10264,37-10264
CGINS-CTDMOH-10265,37-10265
CGINS-CTDMOH-10266,37-10266
CGINS-CTDMOH-10267,37-10267
CGINS-CTDMOH-11597,37-11597
CGINS-CTDMOH-11598,37-11598
CGINS-CTDMOH-11599,37-11599
CGINS-CTDMOH-11600,37-11600
CGINS-CTDMOH-11601,37-11601
CGINS-CTDMOH-11602,37-11602
CGINS-CTDMOH-11680,37-11680
CGINS-CTDMOH-11681,37-11681
CGINS-CTDMOH-11682,37-11682
CGINS-CTDMOH-11683,37-11683
CGINS-CTDMOH-11703,37-11703
CGINS-CTDMOH-11704,37-11704
CGINS-CTDMOH-12218,37-12218
CGINS-CTDMOH-12219,37-12219
CGINS-CTDMOH-12220,37-12220
CGINS-CTDMOH-12221,37-12221
CGINS-CTDMOH-12222,37-12222
CGINS-CTDMOH-12223,37-12223
CGINS-CTDMOH-12224,37-12224
CGINS-CTDMOH-12225,37-12225
CGINS-CTDMOH-12226,37-12226
CGINS-CTDMOH-12227,37-12227
CGINS-CTDMOH-12384,37-12384
CGINS-CTDMOH-12385,37-12385
CGINS-CTDMOH-12386,37-12386
CGINS-CTDMOH-12387,37-12387
CGINS-CTDMOH-12388,37-12388
CGINS-CTDMOH-12389,37-12389
CGINS-CTDMOH-12390,37-12390
CGINS-CTDMOH-12391,37-12391
CGINS-CTDMOH-12392,37-12392
CGINS-CTDMOH-12393,37-12393
CGINS-CTDMOH-12394,37-12394
CGINS-CTDMOH-12395,37-12395
CGINS-CTDMOH-12618,37-12618
CGINS-CTDMOH-12619,37-12619
CGINS-CTDMOH-13444,37-13444
CGINS-CTDMOH-13445,37-13445
CGINS-CTDMOH-13446,37-13446
CGINS-CTDMOH-13447,37-13447
CGINS-CTDMOH-13448,37-13448
CGINS-CTDMOH-13449,37-13449
CGINS-CTDMOH-13450,37-13450
CGINS-CTDMOH-13451,37-13451
CGINS-CTDMOH-13452,37-13452
CGINS-CTDMOH-13453,37-13453
CGINS-CTDMOH-13454,37-13454
CGINS-CTDMOH-13455,37-13455
CGINS-CTDMOH-13456,37-13456
CGINS-CTDMOH-13457,37-13457
CGINS-CTDMOH-13627,37-13627
CGINS-CTDMOH-13631,37-13631
CGINS-CTDMOH-13632,37-13632
CGINS-CTDMOH-13633,37-13633
CGINS-CTDMOH-13634,37-13634
CGINS-CTDMOH-13646,37-13646
CGINS-CTDMOH-13647,37-13647
CGINS-CTDMOH-13649,37-13649
CGINS-CTDMOH-13650,37-13650
CGINS-CTDMOH-13652,37-13652
CGINS-CTDMOH-13653,37-13653
CGINS-CTDMOH-13655,37-13655
CGINS-CTDMOQ-08523,37IM64183-8523
CGINS-CTDMOQ-11475,37-11475
CGINS-CTDMOQ-11476,37-11476
CGINS-CTDMOQ-11477,37-11477
CGINS-CTDMOQ-11478,37-11478
CGINS-CTDMOQ-11479,37-11479
CGINS-CTDMOQ-11480,37-11480
CGINS-CTDMOQ-11481,37-11481
CGINS-CTDMOQ-11482,37-11482
CGINS-CTDMOQ-12302,37-12302
CGINS-CTDMOQ-12303,37-12303
CGINS-CTDMOQ-12304,37-12304
CGINS-CTDMOQ-12305,37-12305
CGINS-CTDMOQ-12306,37-12306
CGINS-CTDMOQ-12307,37-12307
CGINS-CTDMOQ-12585,37-12585
CGINS-CTDMOQ-12586,37-12586
CGINS-CTDMOQ-12589,37-12589
CGINS-CTDMOQ-12590,37-12590
CGINS-CTDMOQ-12605,37-12605
CGINS-CTDMOQ-12606,37-12606
CGINS-CTDMOQ-12607,37-12607
CGINS-CTDMOQ-12634,37-12634
CGINS-CTDMOQ-12635,37-12635
CGINS-CTDMOQ-12636,37-12636
CGINS-CTDMOQ-12637,37-12637
CGINS-CTDMOQ-12639,37-12639
CGINS-CTDMOQ-12934,37-12934
CGINS-CTDMOQ-12935,37-12935
CGINS-CTDMOQ-12936,37-12936
CGINS-CTDMOQ-12937,37-12937
CGINS-CTDMOQ-12938,37-12938
CGINS-CTDMOQ-12939,37-12939
CGINS-CTDMOQ-12940,37-12940
CGINS-CTDMOQ-13378,37-13378
CGINS-CTDMOQ-13379,37-13379
CGINS-CTDMOQ-13380,37-13380
CGINS-CTDMOQ-13381,37-13381
CGINS-CTDMOQ-13555,37-13555
CGINS-CTDMOQ-13556,37-13556
CGINS-CTDMOQ-13557,37-13557
CGINS-CTDMOQ-13558,37-13558
CGINS-CTDMOQ-13559,37-13559
CGINS-CTDMOQ-13562,37-13562
CGINS-CTDMOQ-13576,37-13576
CGINS-CTDMOQ-13577,37-13577
CGINS-CTDMOQ-13587,37-13587
CGINS-CTDMOQ-13588,37-13588
CGINS-CTDMOQ-13602,37-13602
CGINS-CTDMOQ-13615,37-13615
CGINS-CTDMOQ-13618,37-13618
CGINS-CTDMOQ-13619,37-13619
CGINS-CTDMOR-11483,37-11483
CGINS-CTDMOR-11484,37-11484
CGINS-CTDMOR-11485,37-11485
CGINS-CTDMOR-11486,37-11486
CGINS-CTDMOR-12549,37-12549
CGINS-CTDMOR-12565,37-12565
CGINS-CTDMOR-12566,37-12566
CGINS-CTDMOR-12567,37-12567
CGINS-CTDMOR-12568,37-12568
CGINS-CTDMOR-12569,37-12569
CGINS-CTDMOR-12647,37-12647
CGINS-CTDMOR-12649,37-12649
CGINS-CTDMOR-13375,37-13375
CGINS-CTDMOR-13376,37-13376
CGINS-CTDMOR-13377,37-13377
CGINS-CTDMOR-13628,37-13628
CGINS-CTDMOR-13629,37-13629
CGINS-CTDMOR-13630,37-13630
CGINS-CTDMOR-13648,37-13648
CGINS-CTDMOR-13651,37-13651
CGINS-CTDMOR-13654,37-13654
CGINS-CTDPFJ-00308,49-0308
CGINS-CTDPFJ-00336,49-0336
CGINS-CTDPFJ-00346,49-0346
CGINS-CTDPFJ-00347,49-0347
CGINS-CTDPFJ-00348,49-0348
CGINS-CTDPFJ-00349,49-0349
CGINS-CTDPFJ-00405,49-0405
CGINS-CTDPFJ-00406,49-0406
CGINS-CTDPFK-00093,93
CGINS-CTDPFK-00106,106
CGINS-CTDPFK-00110,110
CGINS-CTDPFK-00111,111
CGINS-CTDPFK-00112,52-0112
CGINS-CTDPFK-00113,113
CGINS-CTDPFK-00114,114
CGINS-CTDPFK-00124,124
CGINS-CTDPFK-00125,125
CGINS-CTDPFK-00126,126
CGINS-CTDPFK-00127,127
CGINS-CTDPFK-00128,128
CGINS-CTDPFK-00169,169
CGINS-CTDPFK-00184,184
CGINS-CTDPFK-00185,185
CGINS-CTDPFK-00189,189
CGINS-CTDPFL-00097,97
CGINS-CTDPFL-00107,107
CGINS-CTDPFL-00115,115
CGINS-CTDPFL-00129,129
CGINS-CTDPFL-00130,130
CGINS-CTDPFL-00131,131
CGINS-CTDPFL-00132,132
CGINS-CTDPFL-00133,133
CGINS-CTDPFL-00134,134
CGINS-CTDPFL-00135,135
CGINS-CTDPFL-00150,150
CGINS-CTDPFL-00151,151
CGINS-CTDPFL-00152,152
CGINS-CTDPFL-00153,153
CGINS-DOFSTK-00209,43-0209
CGINS-DOFSTK-02397,43-2397
CGINS-DOFSTK-02496,43-2496
CGINS-DOFSTK-02497,43-2497
CGINS-DOFSTK-02498,43-2498
CGINS-DOFSTK-02499,43-2499
CGINS-DOFSTK-02500,43-2500
CGINS-DOFSTK-02628,43-2628
CGINS-DOFSTK-02708,43-2708
CGINS-DOFSTK-02724,43-2724
CGINS-DOFSTK-02725,43-2725
CGINS-DOFSTK-02726,43-2726
CGINS-DOFSTK-02978,43-2978
CGINS-DOFSTK-03370,43-3370
CGINS-DOFSTK-03506,43-3506
CGINS-DOFSTK-03523,43-3523
CGINS-DOFSTK-03535,43-3535
CGINS-DOSTAD-00126,126
CGINS-DOSTAD-00127,127
CGINS-DOSTAD-00128,128
CGINS-DOSTAD-00129,129
CGINS-DOSTAD-00130,130
CGINS-DOSTAD-00131,131
CGINS-DOSTAD-00132,132
CGINS-DOSTAD-00134,134
CGINS-DOSTAD-00135,135
CGINS-DOSTAD-00136,136
CGINS-DOSTAD-00211,211
CGINS-DOSTAD-00212,212
CGINS-DOSTAD-00213,213
CGINS-DOSTAD-00217,217
CGINS-DOSTAD-00218,218
CGINS-DOSTAD-00219,219
CGINS-DOSTAD-00220,220
CGINS-DOSTAD-00221,221
CGINS-DOSTAD-00222,222
CGINS-DOSTAD-00223,223
CGINS-DOSTAD-00224,224
CGINS-DOSTAD-00225,225
CGINS-DOSTAD-00226,226
CGINS-DOSTAD-00227,227
CGINS-DOSTAD-00228,228
CGINS-DOSTAD-00291,291
CGINS-DOSTAD-00292,292
CGINS-DOSTAD-00313,313
CGINS-DOSTAD-00314,314
CGINS-DOSTAD-00315,315
CGINS-DOSTAD-00375,375
CGINS-DOSTAD-00376,376
CGINS-DOSTAD-00377,377
CGINS-DOSTAD-00378,378
CGINS-DOSTAD-00379,379
CGINS-DOSTAD-00382,382
CGINS-DOSTAD-00385,385
CGINS-DOSTAD-00386,386
CGINS-DOSTAD-00387,387
CGINS-DOSTAD-00388,388
CGINS-DOSTAD-00389,389
CGINS-DOSTAD-00390,390
CGINS-DOSTAD-00391,391
CGINS-DOSTAD-00392,392
CGINS-DOSTAD-00393,393
CGINS-DOSTAD-00394,394
CGINS-DOSTAD-00410,410
CGINS-DOSTAD-00412,412
CGINS-DOSTAD-00413,413
CGINS-DOSTAD-00415,415
CGINS-DOSTAD-00422,422
CGINS-DOSTAD-00427,427
CGINS-DOSTAD-00428,428
CGINS-DOSTAD-00439,439
CGINS-DOSTAD-00456,456
CGINS-DOSTAD-00457,457
CGINS-DOSTAD-00460,460
CGINS-DOSTAD-00461,461
CGINS-DOSTAD-00462,462
CGINS-DOSTAD-00463,463
CGINS-DOSTAD-00464,464
CGINS-DOSTAD-00465,465
CGINS-DOSTAD-00466,466
CGINS-DOSTAD-00467,467
CGINS-DOSTAD-00477,477
CGINS-DOSTAD-00478,478
CGINS-DOSTAD-00479,479
CGINS-DOSTAD-00480,480
CGINS-DOSTAD-00482,482
CGINS-DOSTAD-00483,483
CGINS-DOSTAD-00484,484
CGINS-DOSTAD-00485,485
CGINS-DOSTAD-00495,495
CGINS-DOSTAD-00497,497
CGINS-DOSTAD-00498,498
CGINS-DOSTAD-00502,502
CGINS-DOSTAD-00503,503
CGINS-DOSTAD-00507,507
CGINS-DOSTAD-00508,508
CGINS-DOSTAD-00512,512
CGINS-DOSTAD-00514,514
CGINS-DOSTAD-00515,515
CGINS-DOSTAD-00516,516
CGINS-DOSTAD-00517,517
CGINS-DOSTAD-00518,518
CGINS-DOSTAD-00519,519
CGINS-DOSTAD-00663,663
CGINS-DOSTAJ-00209,209
CGINS-DOSTAJ-00308,308
CGINS-DOSTAJ-00350,350
CGINS-DOSTAJ-00351,351
CGINS-DOSTAJ-00352,352
CGINS-DOSTAJ-00353,353
CGINS-DOSTAJ-00646,646
CGINS-DOSTAJ-00672,672
CGINS-DOSTAL-01086,1086
CGINS-DOSTAL-01105,1105
CGINS-DOSTAL-01106,1106
CGINS-DOSTAL-01473,1473
CGINS-DOSTAL-01475,1475
CGINS-DOSTAL-01476,1476
CGINS-DOSTAL-01477,1477
CGINS-DOSTAL-01478,1478
CGINS-DOSTAL-01479,1479
CGINS-DOSTAL-01480,1480
CGINS-DOSTAL-02195,2195
CGINS-DOSTAL-02196,2196
CGINS-DOSTAL-02197,2197
CGINS-DOSTAL-02198,2198
CGINS-DOSTAM-00012,12
CGINS-DOSTAM-00019,19
CGINS-DOSTAM-00026,26
CGINS-DOSTAM-00027,27
CGINS-DOSTAM-00029,29
CGINS-DOSTAM-00030,30
CGINS-DOSTAM-00100,100
CGINS-DOSTAM-00105,105
CGINS-DOSTAM-00117,117
CGINS-DOSTAM-00123,123
CGINS-DOSTAM-00139,139
CGINS-DOSTAM-00142,142
CGINS-DOSTAM-00145,145
CGINS-DOSTAM-00159,159
CGINS-DOSTAM-00161,161
CGINS-DOSTAM-00168,168
CGINS-DOSTAM-00169,169
CGINS-DOSTAM-00170,170
CGINS-DOSTAM-00171,171
CGINS-DOSTAM-00173,173
CGINS-DOSTAM-00176,176
CGINS-DOSTAM-00178,178
CGINS-DOSTAM-00189,189
CGINS-DOSTAM-00190,190
CGINS-DOSTAM-00191,191
CGINS-DOSTAM-00192,192
CGINS-DOSTAM-00193,193
CGINS-DOSTAM-00194,194
CGINS-DOSTAM-00195,195
CGINS-DOSTAM-00213,213
CGINS-DOSTAM-00281,281
CGINS-DOSTAM-00310,310
CGINS-DOSTAM-00322,322
CGINS-DOSTAM-00323,323
CGINS-DOSTAM-00324,324
CGINS-DOSTAM-00325,325
CGINS-DOSTAM-00337,337
CGINS-DOSTAM-00338,338
CGINS-DOSTAM-00339,339
CGINS-DOSTAM-00340,340
CGINS-DOSTAM-00341,341
CGINS-DOSTAM-00347,347
CGINS-DOSTAM-00348,348
CGINS-DOSTAM-00361,361
CGINS-DOSTAM-00362,362
CGINS-DOSTAM-00363,363
CGINS-DOSTAM-00364,364
CGINS-DOSTAM-00398,398
CGINS-DOSTAM-00400,400
CGINS-DOSTAM-00401,401
CGINS-DOSTAM-00406,406
CGINS-DOSTAM-00414,414
CGINS-DOSTAM-00418,418
CGINS-DOSTAM-00420,420
CGINS-DOSTAM-00423,423
CGINS-DOSTAM-00432,432
CGINS-DOSTAM-00436,436
CGINS-DOSTAM-00437,437
CGINS-DOSTAM-00438,438
CGINS-DOSTAM-00480,480
CGINS-DOSTAM-00494,494
CGINS-DOSTAM-00496,496
CGINS-DOSTAM-00499,499
CGINS-DOSTAM-00538,538
CGINS-DOSTAM-00539,539
CGINS-DOSTAM-00541,541
CGINS-DOSTAM-00542,542
CGINS-DOSTAM-00543,543
CGINS-DOSTAM-00566,566
CGINS-DOSTAM-00568,568
CGINS-DOSTAM-00569,569
CGINS-DOSTAM-00570,570
CGINS-DOSTAM-00604,604
CGINS-DOSTAM-00605,605
CGINS-DOSTAM-01059,1059
CGINS-DOSTAM-01407,1407
CGINS-DOSTAN-01519,1519
CGINS-DOSTAN-01520,1520
CGINS-DOSTAN-02901,2901
CGINS-DOSTAN-02909,2909
CGINS-FDCHPA-00010,10
CGINS-FDCHPA-00012,12
CGINS-FDCHPA-00014,14
CGINS-FDCHPA-00016,16
CGINS-FDCHPA-00017,17
CGINS-FDCHPA-00024,24
CGINS-FDCHPA-33908,TAS133908
CGINS-FDCHPA-41004,141004
CGINS-FDCHPA-41005,141005
CGINS-FDCHPA-43401,16/143401
CGINS-FDCHPA-44727,144727
CGINS-FDCHPA-44901,144901
CGINS-FDCHPA-44903,144903
CGINS-FDCHPA-44904,144904
CGINS-FDCHPA-64402,164402
CGINS-FDCHPA-71403,171403
CGINS-FDCHPA-74102,174102
CGINS-FLORDG-03286,3286
CGINS-FLORDG-03292,3292
CGINS-FLORDG-03304,3304
CGINS-FLORDG-03369,3369
CGINS-FLORDG-03381,3381
CGINS-FLORDG-03382,3382
CGINS-FLORDG-03417,3417
CGINS-FLORDG-03418,3418
CGINS-FLORDG-03965,3965
CGINS-FLORDG-03966,3966
CGINS-FLORDG-03967,3967
CGINS-FLORDG-03968,3968
CGINS-FLORDG-03969,3969
CGINS-FLORDG-03970,3970
CGINS-FLORDG-04029,4029
CGINS-FLORDG-04030,4030
CGINS-FLORDG-04031,4031
CGINS-FLORDG-04032,4032
CGINS-FLORDG-04033,4033
CGINS-FLORDG-04034,4034
CGINS-FLORDL-02350,2350
CGINS-FLORDL-02736,2736
CGINS-FLORDL-02934,2934
CGINS-FLORDL-03278,3278
CGINS-FLORDL-03279,3279
CGINS-FLORDL-03280,3280
CGINS-FLORDL-03281,3281
CGINS-FLORDL-03282,3282
CGINS-FLORDL-03283,3283
CGINS-FLORDL-03284,3284
CGINS-FLORDL-04013,4013
CGINS-FLORDL-04014,4014
CGINS-FLORDL-04015,4015
CGINS-FLORDL-04016,4016
CGINS-FLORDM-03061,FLBBSLC-3061
CGINS-FLORDM-03063,FLBBSLC-3063
CGINS-FLORDM-03064,FLBBSLC-3064
CGINS-FLORDM-03123,FLBBSLC-3123
CGINS-FLORDM-03124,FLBBSLC-3124
CGINS-FLORDM-03527,FLBBSLC-3527
CGINS-FLORDM-03528,3528
CGINS-FLORDM-03534,3534
CGINS-FLORDM-03536,FLBBSLC-3536
CGINS-FLORDM-03540,FLBBCDSLC-3540
CGINS-FLORDM-03549,FLBBCDSLC-3549
CGINS-FLORDM-03550,FLBBSLC-3550
CGINS-FLORDM-03551,3551
CGINS-FLORDM-03552,FLBBSLC-3552
CGINS-FLORDM-03577,3577
CGINS-FLORDM-03578,FLBBCDSLC-3578
CGINS-FLORDM-03579,FLBBSLC-3579
CGINS-FLORDM-03580,FLBBSLC-3580
CGINS-FLORDM-03582,FLBBSLC-3582
CGINS-FLORDM-03583,3583
CGINS-FLORDM-03769,3769
CGINS-FLORDM-03770,3770
CGINS-FLORDM-04027,4027
CGINS-FLORDM-04095,4095
CGINS-FLORTD-00993,993
CGINS-FLORTD-00994,994
CGINS-FLORTD-00995,995
CGINS-FLORTD-00996,996
CGINS-FLORTD-01003,1003
CGINS-FLORTD-01004,1004
CGINS-FLORTD-01005,1005
CGINS-FLORTD-01102,1102
CGINS-FLORTD-01104,1104
CGINS-FLORTD-01105,1105
CGINS-FLORTD-01106,1106
CGINS-FLORTD-01107,1107
CGINS-FLORTD-01116,1116
CGINS-FLORTD-01121,1121
CGINS-FLORTD-01122,1122
CGINS-FLORTD-01123,1123
CGINS-FLORTD-01124,1124
CGINS-FLORTD-01136,1136
CGINS-FLORTD-01151,1151
CGINS-FLORTD-01152,1152
CGINS-FLORTD-01153,1153
CGINS-FLORTD-01154,1154
CGINS-FLORTD-01155,1155
CGINS-FLORTD-01197,1197
CGINS-FLORTD-01212,1212
CGINS-FLORTD-01213,1213
CGINS-FLORTD-01214,1214
CGINS-FLORTD-01215,1215
CGINS-FLORTD-01216,1216
CGINS-FLORTD-01217,1217
CGINS-FLORTD-01218,1218
CGINS-FLORTD-01219,1219
CGINS-FLORTD-01221,1221
CGINS-FLORTD-01222,1222
CGINS-FLORTD-01290,1290
CGINS-FLORTD-01291,1291
CGINS-FLORTD-01295,1295
CGINS-FLORTD-01296,1296
CGINS-FLORTD-01298,1298
CGINS-FLORTD-01299,1299
CGINS-FLORTD-01300,1300
CGINS-FLORTD-01301,1301
CGINS-FLORTD-01302,1302
CGINS-FLORTD-01303,1303
CGINS-FLORTD-01317,1317
CGINS-FLORTD-01318,1318
CGINS-FLORTD-01319,1319
CGINS-FLORTD-01320,1320
CGINS-FLORTD-01321,1321
CGINS-FLORTD-01322,1322
CGINS-FLORTD-01323,1323
CGINS-FLORTD-01324,1324
CGINS-FLORTD-01435,1435
CGINS-FLORTD-01487,1487
CGINS-FLORTD-01488,1488
CGINS-FLORTJ-01084,BBFL2W-1084
CGINS-FLORTJ-01156,BBFL2W-1156
CGINS-FLORTJ-01205,1205
CGINS-FLORTJ-01206,BBFL2W-1206
CGINS-FLORTJ-01207,BBFL2W-1207
CGINS-FLORTJ-01208,BBFL2W-1208
CGINS-FLORTJ-01518,BBFL2W-1518
CGINS-FLORTJ-01519,BBFL2W-1519
CGINS-FLORTK-00830,830
CGINS-FLORTK-00969,969
CGINS-FLORTK-01029,1029
CGINS-FLORTK-01030,1030
CGINS-FLORTK-01031,1031
CGINS-FLORTK-01032,1032
CGINS-FLORTK-01033,1033
CGINS-FLORTK-01100,1100
CGINS-FLORTK-01101,1101
CGINS-FLORTK-01117,1117
CGINS-FLORTK-01118,1118
CGINS-FLORTK-01119,1119
CGINS-FLORTK-01466,1466
CGINS-FLORTK-01537,1537
CGINS-FLORTK-01538,1538
CGINS-FLORTK-01602,1602
CGINS-FLORTM-02110,2110
CGINS-FLORTM-02760,2760
CGINS-FLORTM-02761,2761
CGINS-FLORTM-02762,2762
CGINS-FLORTM-02786,2786
CGINS-FLORTM-02806,2806
CGINS-FLORTM-02807,2807
CGINS-FLORTM-02809,2809
CGINS-FLORTM-02812,2812
CGINS-FLORTM-02813,2813
CGINS-FLORTM-02817,2817
CGINS-FLORTM-02818,2818
CGINS-FLORTM-02819,2819
CGINS-FLORTM-02858,2858
CGINS-FLORTM-03027,3027
CGINS-FLORTM-03116,3116
CGINS-FLORTM-03130,3130
CGINS-FLORTM-03131,3131
CGINS-FLORTM-03185,3185
CGINS-FLORTM-03186,3186
CGINS-FLORTM-03188,3188
CGINS-FLORTM-03189,3189
CGINS-FLORTM-03190,3190
CGINS-FLORTM-03206,3206
CGINS-FLORTM-03207,3207
CGINS-FLORTM-03260,3260
CGINS-FLORTM-03500,3500
CGINS-FLORTM-03501,3501
CGINS-FLORTM-03553,3553
CGINS-FLORTM-03554,3554
CGINS-FLORTM-03777,3777
CGINS-FLORTM-03783,3783
CGINS-FLORTM-03813,3813
CGINS-FLORTM-03814,3814
CGINS-FLORTM-03815,3815
CGINS-FLORTM-03884,3884
CGINS-FLORTM-03921,3921
CGINS-FLORTM-03938,3938
CGINS-FLORTM-04039,4039
CGINS-FLORTM-04040,4040
CGINS-FLORTM-04041,4041
CGINS-FLORTM-04088,4088
CGINS-FLORTM-04089,4089
CGINS-FLORTM-04090,4090
CGINS-FLORTM-04091,4091
CGINS-FLORTM-04092,4092
CGINS-FLORTM-04093,4093
CGINS-FLORTM-04100,4100
CGINS-FLORTM-04194,4194
CGINS-FLORTM-04195,4195
CGINS-FLORTM-04196,4196
CGINS-FLORTM-04197,4197
CGINS-FLORTM-04198,4198
CGINS-FLORTM-04220,4220
CGINS-FLORTM-04221,4221
CGINS-FLORTM-04251,4251
CGINS-FLORTM-04258,4258
CGINS-FLORTM-04267,4267
CGINS-FLORTM-04332,4332
CGINS-FLORTM-04465,4465
CGINS-FLORTM-04466,4466
CGINS-FLORTM-04467,4467
CGINS-FLORTM-04468,4468
CGINS-FLORTM-04470,4470
CGINS-FLORTM-04471,4471
CGINS-FLORTM-04472,4472
CGINS-FLORTM-04473,4473
CGINS-FLORTM-05133,5133
CGINS-FLORTN-01108,1108
CGINS-FLORTN-01109,1109
CGINS-FLORTN-01645,1645
CGINS-FLORTN-01646,1646
CGINS-FLORTO-01239,1239
CGINS-FLORTO-01240,1240
CGINS-FLORTO-01329,1329
CGINS-FLORTO-01330,1330
CGINS-FLORTO-01331,1331
CGINS-FLORTO-01332,1332
CGINS-FLORTO-01333,1333
CGINS-FLORTO-01343,1343
CGINS-FLORTO-01344,1344
CGINS-FLORTO-01345,1345
CGINS-FLORTO-01346,1346
CGINS-FLORTO-01347,1347
CGINS-FLORTO-01348,1348
CGINS-FLORTO-01349,1349
CGINS-HYDGN0-11407,M2A511407
CGINS-HYDGN0-31585,M2A631585
CGINS-HYDGN0-41552,M2A541552
CGINS-HYDGN0-41692,M2A541692
CGINS-HYDGN0-41867,M2A541867
CGINS-HYDGN0-41868,M2A541868
CGINS-HYDGN0-41879,M2A541879
CGINS-HYDGN0-41897,M2A541897
CGINS-HYDGN0-41917,M2A541917
CGINS-HYDGN0-41923,M2A541923
CGINS-HYDGN0-42315,M2A542315
CGINS-HYDGN0-42316,M2A542316
CGINS-HYDGN0-42323,M2A542323
CGINS-HYDGN0-42324,M2A542324
CGINS-HYDGN0-42325,M2A542325
CGINS-HYDGN0-42330,M2A542330
CGINS-HYDGN0-42356,M2A542356
CGINS-HYDGN0-42406,M2A542406
CGINS-HYDGN0-42490,M2A542490
CGINS-HYDGN0-42509,M2A542509
CGINS-HYDGN0-42529,M2A542529
CGINS-HYDGN0-42564,M2A542564
CGINS-HYDGN0-46156,M2A46156
CGINS-HYDGN0-49800,M2A49800
CGINS-HYDGN0-49835,M2A49835
CGINS-HYDGN0-49840,M2A49840
CGINS-HYDGN0-49841,M2A49841
CGINS-HYDGN0-49842,M2A49842
CGINS-HYDGN0-49843,M2A49843
CGINS-HYDGN0-49845,M2A49845
CGINS-HYDGN0-49846,M2A49846
CGINS-HYDGN0-49850,M2A49850
CGINS-HYDGN0-49856,M2A49856
CGINS-HYDGN0-49857,M2A49857
CGINS-HYDGN0-49860,M2A49860
CGINS-HYDGN0-49868,M2A49868
CGINS-HYDGN0-49876,M2A49876
CGINS-HYDGN0-49881,M2A49881
CGINS-HYDGN0-49886,M2A49886
CGINS-HYDGN0-49887,M2A49887
CGINS-HYDGN0-49891,M2A49891
CGINS-HYDGN0-51407,M2A51407
CGINS-HYDGN0-Z5971,M2A6Z5971
CGINS-METBPR-00237,BPR237
CGINS-METBPR-00238,BPR238
CGINS-METBPR-00239,BPR239
CGINS-METBPR-00241,BPR241
CGINS-METBPR-00242,BPR242
CGINS-METBPR-00243,BPR243
CGINS-METBPR-00244,BPR244
CGINS-METBPR-00245,BPR245
CGINS-METBPR-00246,BPR246
CGINS-METBPR-00247,BPR247
CGINS-METBPR-00248,BPR248
CGINS-METBPR-00249,BPR249
CGINS-METBPR-00250,BPR250
CGINS-METBPR-00251,BPR251
CGINS-METBPR-00252,BPR252
CGINS-METBPR-00253,BPR253
CGINS-METBPR-00254,BPR254
CGINS-METBPR-00255,BPR255
CGINS-METBPR-00256,BPR256
CGINS-METBPR-00257,BPR257
CGINS-METBPR-00258,BPR258
CGINS-METBPR-00259,BPR259
CGINS-METBPR-00260,BPR260
CGINS-METBPR-00261,BPR261
CGINS-METBPR-00262,BPR262
CGINS-METBPR-00263,BPR263
CGINS-METBPR-00264,BPR264
CGINS-METBPR-00274,BPR274
CGINS-METBPR-00275,BPR275
CGINS-METCTD-08028,37SM61212-8028
CGINS-METCTD-10137,37-10137
CGINS-METCTD-10138,37-10138
CGINS-METCTD-10139,37-10139
CGINS-METCTD-10903,37-10903
CGINS-METCTD-10904,37-10904
CGINS-METCTD-10905,37-10905
CGINS-METCTD-10906,37-10906
CGINS-METCTD-11000,37-11000
CGINS-METCTD-11001,37-11001
CGINS-METCTD-11002,37-11002
CGINS-METCTD-11003,37-11003
CGINS-METCTD-11090,37-11090
CGINS-METCTD-11091,37-11091
CGINS-METCTD-11092,37-11092
CGINS-METCTD-11093,37-11093
CGINS-METCTD-11116,37-11116
CGINS-METCTD-11117,37-11117
CGINS-METCTD-11123,37-11123E
CGINS-METCTD-11558,37-11558
CGINS-METCTD-11559,37-11559
CGINS-METCTD-11560,37-11560
CGINS-METCTD-11561,37-11561
CGINS-METCTD-12754,37-12754
CGINS-METCTD-12755,37-12755
CGINS-METCTD-12756,37-12756
CGINS-METCTD-12757,37-12757
CGINS-METCTD-12758,37-12758
CGINS-METCTD-13542,37-13542
CGINS-METCTD-13543,37-13543
CGINS-METCTD-13545,37-13545
CGINS-METHRH-00260,HRH260
CGINS-METHRH-00261,HRH261
CGINS-METHRH-00262,HRH262
CGINS-METHRH-00264,HRH264
CGINS-METHRH-00265,HRH265
CGINS-METHRH-00266,HRH266
CGINS-METHRH-00267,HRH267
CGINS-METHRH-00268,HRH268
CGINS-METHRH-00271,HRH271
CGINS-METHRH-00272,HRH272
CGINS-METHRH-00273,HRH273
CGINS-METHRH-00274,HRH274
CGINS-METHRH-00275,HRH275
CGINS-METHRH-00276,HRH276
CGINS-METHRH-00277,HRH277
CGINS-METHRH-00278,HRH278
CGINS-METHRH-00279,HRH279
CGINS-METHRH-00280,HRH280
CGINS-METHRH-00281,HRH281
CGINS-METHRH-00282,HRH282
CGINS-METHRH-00283,HRH283
CGINS-METHRH-00284,HRH284
CGINS-METHRH-00285,HRH285
CGINS-METHRH-00286,HRH286
CGINS-METHRH-00287,HRH287
CGINS-METHRH-00288,HRH288
CGINS-METHRH-00360,HRH360
CGINS-METHRH-00361,HRH361
CGINS-METLGR-00001,LGR001
CGINS-METLGR-00002,LGR002
CGINS-METLGR-00003,LGR003
CGINS-METLGR-00004,LGR004
CGINS-METLGR-00005,LGR005
CGINS-METLGR-00006,LGR006
CGINS-METLGR-00007,LGR007
CGINS-METLGR-00008,LGR008
CGINS-METLGR-00009,LGR009
CGINS-METLGR-00010,LGR010
CGINS-METLGR-00011,LGR011
CGINS-METLGR-00012,LGR012
CGINS-METLGR-00013,LGR013
CGINS-METLGR-00014,LGR014
CGINS-METLGR-00015,LGR015
CGINS-METLGR-00016,LGR016
CGINS-METLGR-00017,LGR017
CGINS-METLGR-00018,LGR018
CGINS-METLGR-00019,LGR019
CGINS-METLGR-00021,LGR021
CGINS-METLGR-00022,LGR022
CGINS-METLGR-00023,LGR023
CGINS-METLGR-00024,LGR024
CGINS-METLGR-00025,LGR025
CGINS-METLGR-00026,LGR026
CGINS-METLGR-00027,LGR027
CGINS-METLGR-00028,LGR028
CGINS-METLGR-00029,LGR029
CGINS-METLGR-00030,LGR030
CGINS-METLGR-00031,LGR031
CGINS-METLGR-00032,LGR032
CGINS-METLGR-00033,LGR033
CGINS-METLGR-00034,LGR034
CGINS-METLGR-00035,LGR035
CGINS-METLGR-00036,LGR036
CGINS-METLGR-00037,LGR037
CGINS-METLGR-00038,LGR038
CGINS-METLWR-00231,LWR231
CGINS-METLWR-00240,LWR240
CGINS-METLWR-00241,LWR241
CGINS-METLWR-00242,LWR242
CGINS-METLWR-00244,LWR244
CGINS-METLWR-00245,LWR245
CGINS-METLWR-00246,LWR246
CGINS-METLWR-00247,LWR247
CGINS-METLWR-00248,LWR248
CGINS-METLWR-00249,LWR249
CGINS-METLWR-00250,LWR250
CGINS-METLWR-00251,LWR251
CGINS-METLWR-00266,LWR266
CGINS-METLWR-00267,LWR267
CGINS-METLWR-00268,LWR268
CGINS-METLWR-00269,LWR269
CGINS-METLWR-00270,LWR270
CGINS-METLWR-00271,LWR271
CGINS-METLWR-00272,LWR272
CGINS-METLWR-00273,LWR273
CGINS-METLWR-00274,LWR274
CGINS-METLWR-00275,LWR275
CGINS-METLWR-00276,LWR276
CGINS-METLWR-00277,LWR277
CGINS-METLWR-00278,LWR278
CGINS-METLWR-00279,LWR279
CGINS-METLWR-00280,LWR280
CGINS-METLWR-00282,LWR282
CGINS-METLWR-00283,LWR283
CGINS-METLWR-00284,LWR284
CGINS-METLWR-00285,LWR285
CGINS-METLWR-00286,LWR286
CGINS-METLWR-00287,LWR287
CGINS-METLWR-00288,LWR288
CGINS-METLWR-00289,LWR289
CGINS-METLWR-00313,LWR313
CGINS-METPRC-000231,PRC231
CGINS-METPRC-00232,PRC232
CGINS-METPRC-00233,PRC233
CGINS-METPRC-00236,PRC236
CGINS-METPRC-00237,PRC237
CGINS-METPRC-00238,PRC238
CGINS-METPRC-00239,PRC239
CGINS-METPRC-00240,PRC240
CGINS-METPRC-00241,PRC241
CGINS-METPRC-00242,PRC242
CGINS-METPRC-00243,PRC243
CGINS-METPRC-00244,PRC244
CGINS-METPRC-00245,PRC245
CGINS-METPRC-00246,PRC246
CGINS-METPRC-00247,PRC247
CGINS-METPRC-00248,PRC248
CGINS-METPRC-00249,PRC249
CGINS-METPRC-00250,PRC250
CGINS-METPRC-00253,PRC253
CGINS-METPRC-00254,PRC254
CGINS-METPRC-00255,PRC255
CGINS-METPRC-00256,PRC256
CGINS-METPRC-00257,PRC257
CGINS-METPRC-00258,PRC258
CGINS-METPRC-00259,PRC259
CGINS-METPRC-00260,PRC260
CGINS-METPRC-00261,PRC261
CGINS-METPRC-00272,PRC272
CGINS-METPRC-00273,PRC273
CGINS-METSWR-00242,SWR242
CGINS-METSWR-00243,SWR243
CGINS-METSWR-00244,SWR244
CGINS-METSWR-00246,SWR246
CGINS-METSWR-00247,SWR247
CGINS-METSWR-00248,SWR248
CGINS-METSWR-00249,SWR249
CGINS-METSWR-00250,SWR250
CGINS-METSWR-00251,SWR251
CGINS-METSWR-00252,SWR252
CGINS-METSWR-00253,SWR253
CGINS-METSWR-00259,SWR259
CGINS-METSWR-00260,SWR260
CGINS-METSWR-00261,SWR261
CGINS-METSWR-00262,SWR262
CGINS-METSWR-00263,SWR263
CGINS-METSWR-00264,SWR264
CGINS-METSWR-00265,SWR265
CGINS-METSWR-00266,SWR266
CGINS-METSWR-00267,SWR267
CGINS-METSWR-00269,SWR269
CGINS-METSWR-00270,SWR270
CGINS-METSWR-00271,SWR271
CGINS-METSWR-00272,SWR272
CGINS-METSWR-00273,SWR273
CGINS-METSWR-00274,SWR274
CGINS-METSWR-00275,SWR275
CGINS-METSWR-00276,SWR276
CGINS-METSWR-00277,SWR277
CGINS-METSWR-00278,SWR278
CGINS-METSWR-00279,SWR279
CGINS-METSWR-00280,SWR280
CGINS-METSWR-00281,SWR281
CGINS-METSWR-00282,SWR282
CGINS-METSWR-00283,SWR283
CGINS-METWND-00229,SWND229
CGINS-METWND-00230,SWND230
CGINS-METWND-00231,SWND231
CGINS-METWND-00232,SWND232
CGINS-METWND-00233,SWND233
CGINS-METWND-00235,SWND235
CGINS-METWND-00236,SWND236
CGINS-METWND-00237,SWND237
CGINS-METWND-00238,SWND238
CGINS-METWND-00239,SWND239
CGINS-METWND-00240,SWND240
CGINS-METWND-00241,SWND241
CGINS-METWND-00242,SWND242
CGINS-METWND-00243,SWND243
CGINS-METWND-00244,SWND244
CGINS-METWND-00245,SWND245
CGINS-METWND-00246,SWND246
CGINS-METWND-00247,SWND247
CGINS-METWND-00248,SWND248
CGINS-METWND-00249,SWND249
CGINS-METWND-00250,SWND250
CGINS-METWND-00251,SWND251
CGINS-METWND-00252,SWND252
CGINS-METWND-00253,SWND253
CGINS-METWND-00254,SWND254
CGINS-METWND-00255,SWND255
CGINS-METWND-00266,SWND266
CGINS-MOPAK0-11343,6223-4220-11343
CGINS-MOPAK0-11347,6223-4220-11347
CGINS-MOPAK0-11351,6223-4220-11351
CGINS-MOPAK0-11353,6223-4220-11353
CGINS-MOPAK0-11357,6223-4220-11357
CGINS-MOPAK0-11358,6223-4220-11358
CGINS-MOPAK0-11360,6223-4220-11360
CGINS-MOPAK0-11363,6223-4220-11363
CGINS-MOPAK0-11364,6223-4220-11364
CGINS-MOPAK0-11838,6223-4220-11838
CGINS-MOPAK0-11839,6223-4220-11839
CGINS-MOPAK0-11843,6223-4220-11843
CGINS-MOPAK0-11844,6223-4220-11844
CGINS-MOPAK0-11845,6223-4220-11845
CGINS-MOPAK0-11846,6223-4220-11846
CGINS-MOPAK0-11847,6223-4220-11847
CGINS-MOPAK0-11848,6223-4220-11848
CGINS-MOPAK0-11851,6223-4220-11851
CGINS-MOPAK0-11854,6223-4220-11854
CGINS-MOPAK0-11856,11856
CGINS-MOPAK0-11918,6223-4220-11918
CGINS-MOPAK0-11923,6223-4220-11923
CGINS-MOPAK0-24112,24112
CGINS-MOPAK0-24436,24436
CGINS-MOPAK0-27200,27200
CGINS-MOPAK0-27201,27201
CGINS-MOPAK0-27202,27202
CGINS-MOPAK0-27203,27203
CGINS-MOPAK0-27204,27204
CGINS-MOPAK0-35978,35978
CGINS-MOPAK0-35980,35980
CGINS-MOPAK0-37377,37377
CGINS-MOPAK0-37378,37378
CGINS-MOPAK0-42297,6223-4220-42297
CGINS-MOPAK0-42298,6223-4220-42298
CGINS-MOPAK0-43250,6223-4220-43250
CGINS-MOPAK0-43252,6223-4220-43252
CGINS-MOPAK0-43257,6223-4220-43257
CGINS-MOPAK0-43258,6223-4220-43258
CGINS-MOPAK0-43260,6223-4220-43260
CGINS-MOPAK0-43261,6220-4220-43261
CGINS-MOPAK0-43263,6223-4220-43263
CGINS-MOPAK0-43264,6223-4220-43264
CGINS-MOPAK0-44005,6223-4220-44005
CGINS-MOPAK0-44016,6223-4220-44016
CGINS-MOPAK0-58478,6223-4220-58478
CGINS-MOPAK0-58481,6223-4220-58481
PICGN-NOCNIA-0N112,N112
PICGN-NOCSIA-Si009,Si009
CGINS-NUTNRA-00334,334
CGINS-NUTNRB-00239,239
CGINS-NUTNRB-00240,240
CGINS-NUTNRB-00243,243
CGINS-NUTNRB-00244,244
CGINS-NUTNRB-00253,253
CGINS-NUTNRB-00254,254
CGINS-NUTNRB-00255,255
CGINS-NUTNRB-00256,256
CGINS-NUTNRB-00260,260
CGINS-NUTNRB-00261,261
CGINS-NUTNRB-00262,262
CGINS-NUTNRB-00263,263
CGINS-NUTNRB-00264,264
CGINS-NUTNRB-00265,265
CGINS-NUTNRB-00266,266
CGINS-NUTNRB-00267,267
CGINS-NUTNRB-00268,268
CGINS-NUTNRB-00269,269
CGINS-NUTNRB-00270,270
CGINS-NUTNRB-00271,271
CGINS-NUTNRB-00272,272
CGINS-NUTNRB-00273,273
CGINS-NUTNRB-00274,274
CGINS-NUTNRB-00275,275
CGINS-NUTNRB-00276,276
CGINS-NUTNRB-00277,277
CGINS-NUTNRB-00280,280
CGINS-NUTNRB-00283,283
CGINS-NUTNRB-00284,284
CGINS-NUTNRB-00285,285
CGINS-NUTNRB-00286,286
CGINS-NUTNRB-00287,287
CGINS-NUTNRB-00288,288
CGINS-NUTNRB-00289,289
CGINS-NUTNRB-01056,1056
CGINS-NUTNRB-01057,1057
CGINS-NUTNRB-01058,1058
CGINS-NUTNRB-01059,1059
CGINS-NUTNRB-01060,1060
CGINS-NUTNRB-01061,1061
CGINS-NUTNRB-01062,NTR-1062
CGINS-NUTNRB-01063,NTR-1063
CGINS-NUTNRB-01064,NTR-1064
CGINS-NUTNRB-01065,NTR-1065
CGINS-NUTNRB-01086,NTR-1086
CGINS-NUTNRB-01087,NTR-1087
CGINS-NUTNRB-01088,NTR-1088
CGINS-NUTNRB-01089,NTR-1089
CGINS-NUTNRB-01090,NTR-1090
CGINS-NUTNRB-01091,NTR-1091
CGINS-NUTNRB-01092,NTR-1092
CGINS-NUTNRB-01093,NTR-1093
CGINS-NUTNRB-01094,NTR-1094
CGINS-NUTNRB-01102,NTR-1102
CGINS-NUTNRB-01103,NTR-1103
CGINS-NUTNRB-01106,NTR-1106
CGINS-NUTNRB-01107,NTR-1107
CGINS-NUTNRB-01115,1115
CGINS-NUTNRB-01127,1127
CGINS-NUTNRB-01128,1128
CGINS-NUTNRB-01129,1129
CGINS-NUTNRB-01164,1164
CGINS-NUTNRB-01167,1167
CGINS-NUTNRB-01183,1183
CGINS-NUTNRJ-00337,337
CGINS-NUTNRJ-00400,400
CGINS-NUTNRJ-00425,425
CGINS-NUTNRJ-00426,426
CGINS-NUTNRJ-00427,427
CGINS-NUTNRJ-00428,428
CGINS-NUTNRJ-00870,870
CGINS-NUTNRJ-00871,871
CGINS-NUTNRM-00350,350
CGINS-NUTNRM-00357,357
CGINS-NUTNRM-00657,657
CGINS-NUTNRM-00658,658
CGINS-NUTNRM-00659,659
CGINS-NUTNRM-00660,660
CGINS-NUTNRM-00661,661
CGINS-NUTNRM-00662,662
CGINS-NUTNRM-00708,708
CGINS-NUTNRM-00709,709
CGINS-NUTNRM-00710,710
CGINS-NUTNRM-00711,711
CGINS-NUTNRM-00729,729
CGINS-NUTNRN-00366,366
CGINS-NUTNRN-00367,367
CGINS-NUTNRN-01109,1109
CGINS-NUTNRN-01121,1121
CGINS-OPTAAC-00142,ACS-142
CGINS-OPTAAC-00249,ACS-249
CGINS-OPTAAC-00266,ACS-266
CGINS-OPTAAD-00123,ACS-123
CGINS-OPTAAD-00124,ACS-124
CGINS-OPTAAD-00127,ACS-127
CGINS-OPTAAD-00128,ACS-128
CGINS-OPTAAD-00129,ACS-129
CGINS-OPTAAD-00130,ACS-130
CGINS-OPTAAD-00135,ACS-135
CGINS-OPTAAD-00136,ACS-136
CGINS-OPTAAD-00149,ACS-149
CGINS-OPTAAD-00150,ACS-150
CGINS-OPTAAD-00151,ACS-151
CGINS-OPTAAD-00152,ACS-152
CGINS-OPTAAD-00153,ACS-153
CGINS-OPTAAD-00154,ACS-154
CGINS-OPTAAD-00159,ACS-159
CGINS-OPTAAD-00165,ACS-165
CGINS-OPTAAD-00170,ACS-170
CGINS-OPTAAD-00171,ACS-171
CGINS-OPTAAD-00174,ACS-174
CGINS-OPTAAD-00179,ACS-179
CGINS-OPTAAD-00182,ACS-182
CGINS-OPTAAD-00183,ACS-183
CGINS-OPTAAD-00184,ACS-184
CGINS-OPTAAD-00185,ACS-185
CGINS-OPTAAD-00187,ACS-187
CGINS-OPTAAD-00189,ACS-189
CGINS-OPTAAD-00193,ACS-193
CGINS-OPTAAD-00205,ACS-205
CGINS-OPTAAD-00206,ACS-206
CGINS-OPTAAD-00207,ACS-207
CGINS-OPTAAD-00208,ACS-208
CGINS-OPTAAD-00209,ACS-209
CGINS-OPTAAD-00214,ACS-214
CGINS-OPTAAD-00218,ACS-218
CGINS-OPTAAD-00222,ACS-222
CGINS-OPTAAD-00240,ACS-240
CGINS-OPTAAD-00241,ACS-241
CGINS-OPTAAD-00242,ACS-242
CGINS-OPTAAD-00245,ACS-245
CGINS-OPTAAD-00254,ACS-254
CGINS-OPTAAD-00255,ACS-255
CGINS-OPTAAD-00256,ACS-256
CGINS-OPTAAD-00257,ACS-257
CGINS-OPTAAD-00258,ACS-258
CGINS-OPTAAD-00259,ACS-259
CGINS-OPTAAD-00260,ACS-260
CGINS-OPTAAD-00261,ACS-261
CGINS-OPTAAD-00267,ACS-267
CGINS-OPTAAJ-00137,ACS-137
CGINS-OPTAAJ-00138,ACS-138
CGINS-OPTAAJ-00139,ACS-139
CGINS-OPTAAJ-00145,ACS-145
CGINS-OPTAAJ-00168,ACS-168
CGINS-OPTAAJ-00181,ACS-181
CGINS-OPTAAJ-00283,ACS-283
CGINS-OPTAAJ-00284,ACS-284
CGINS-PARADJ-00365,365
CGINS-PARADJ-00407,407
CGINS-PARADJ-00411,411
CGINS-PARADJ-00412,412
CGINS-PARADJ-00434,434
CGINS-PARADJ-00437,437
CGINS-PARADJ-00504,504
CGINS-PARADJ-00505,505
CGINS-PARADK-20423,20423
CGINS-PARADK-20436,20436
CGINS-PARADK-20437,20437
CGINS-PARADK-20438,20438
CGINS-PARADK-20447,20447
CGINS-PARADK-20448,20448
CGINS-PARADK-20449,20449
CGINS-PARADK-20464,20464
CGINS-PARADK-20465,20465
CGINS-PARADK-20466,20466
CGINS-PARADK-20467,20467
CGINS-PARADK-20468,20468
CGINS-PARADK-20477,20477
CGINS-PARADK-20513,20513
CGINS-PARADK-20525,20525
CGINS-PARADK-20541,20541
CGINS-PARADK-20542,20542
CGINS-PARADK-20555,20555
CGINS-PARADK-20582,20582
CGINS-PARADM-50145,50145
CGINS-PARADM-50146,50146
CGINS-PARADM-50147,50147
CGINS-PARADM-50148,50148
CGINS-PARADM-50149,50149
CGINS-PARADM-50150,50150
CGINS-PARADM-50151,50151
CGINS-PARADM-50152,50152
CGINS-PARADM-50153,50153
CGINS-PARADM-50154,50154
CGINS-PARADM-50155,50155
CGINS-PARADM-50156,50156
CGINS-PARADM-50157,50157
CGINS-PARADM-50158,50158
CGINS-PARADM-50159,50159
CGINS-PARADM-50160,50160
CGINS-PARADM-50161,50161
CGINS-PARADM-50162,50162
CGINS-PARADM-50163,50163
CGINS-PARADM-50164,50164
CGINS-PARADM-50165,50165
CGINS-PARADM-50166,50166
CGINS-PARADM-50167,50167
CGINS-PARADM-50185,50185
CGINS-PARADM-50193,50193
CGINS-PARADM-50195,50195
CGINS-PARADM-50197,50197
CGINS-PARADM-50198,50198
CGINS-PARADM-50199,50199
CGINS-PARADM-50200,50200
CGINS-PARADM-50201,50201
CGINS-PARADM-50202,50202
CGINS-PARADM-50203,50203
CGINS-PARADM-50204,50204
CGINS-PARADM-50207,50207
CGINS-PARADM-50208,50208
CGINS-PARADM-50210,50210
CGINS-PARADM-50215,50215
CGINS-PARADM-50216,50216
CGINS-PARADM-50218,50218
CGINS-PARADM-50220,50220
CGINS-PARADM-50221,50221
CGINS-PARADM-50222,50222
CGINS-PARADM-50223,50223
CGINS-PARADM-50236,50236
CGINS-PARADM-50237,50237
CGINS-PARADM-50238,50238
CGINS-PARADM-50239,50239
CGINS-PARADM-50240,50240
CGINS-PARADM-50241,50241
CGINS-PARADM-50242,50242
CGINS-PARADM-50243,50243
CGINS-PARADM-50244,50244
CGINS-PARADM-50245,50245
CGINS-PARADM-50252,50252
CGINS-PARADM-50277,50277
CGINS-PARADN-50170,50170
CGINS-PARADN-50180,50180
CGINS-PARADN-50266,50266
CGINS-PARADN-50267,50267
CGINS-PCO2AA-31124,31-124-50A
CGINS-PCO2AA-33154,33-154-50A
CGINS-PCO2AA-33177,33-177-50A
CGINS-PCO2AA-33182,33-182-50A
CGINS-PCO2AA-33183,33-183-50A
CGINS-PCO2AA-33184,33-184-50A
CGINS-PCO2AA-33196,33-196-50A
CGINS-PCO2AA-33197,33-197-50A
CGINS-PCO2AA-33198,33-198-50A
CGINS-PCO2AA-33199,33-199-50A
CGINS-PCO2AA-34196,34-196-50A
CGINS-PCO2AA-34197,34-197-50A
CGINS-PCO2AA-34198,34-198-50A
CGINS-PCO2AA-34199,34-199-50A
CGINS-PCO2AA-34222,34-222-50A
CGINS-PCO2AA-34223,34-223-50A
CGINS-PCO2AA-34229,34-229-50A
CGINS-PCO2AA-34230,34-230-50A
CGINS-PCO2AA-34231,34-231-50A
CGINS-PCO2AA-34232,34-232-50A
CGINS-PCO2AA-34233,34-233-50A
CGINS-PCO2AA-34261,34-261-50A
CGINS-PCO2AA-35256,35-256-50A
CGINS-PCO2AA-35257,35-257-50A
CGINS-PCO2AA-35258,35-258-50A
CGINS-PCO2AA-35259,35-259-50A
CGINS-PCO2AA-35260,35-260-50A
CGINS-PCO2AA-35261,35-261-50A
CGINS-PCO2AA-35262,35-262-50A
CGINS-PCO2AA-35263,35-263-50A
CGINS-PCO2AA-35264,35-264-50A
CGINS-PCO2WB-C0050,C0050
CGINS-PCO2WB-C0051,C0051
CGINS-PCO2WB-C0052,C0052
CGINS-PCO2WB-C0053,C0053
CGINS-PCO2WB-C0061,C0061
CGINS-PCO2WB-C0062,C0062
CGINS-PCO2WB-C0063,C0063
CGINS-PCO2WB-C0069,C0069
CGINS-PCO2WB-C0070,C0070
CGINS-PCO2WB-C0071,C0071
CGINS-PCO2WB-C0081,C0081
CGINS-PCO2WB-C0082,C0082
CGINS-PCO2WB-C0083,C0083
CGINS-PCO2WB-C0084,C0084
CGINS-PCO2WB-C0085,C0085
CGINS-PCO2WB-C0089,C0089
CGINS-PCO2WB-C0090,C0090
CGINS-PCO2WB-C0096,C0096
CGINS-PCO2WB-C0097,C0097
CGINS-PCO2WB-C0098,C0098
CGINS-PCO2WB-C0099,C0099
CGINS-PCO2WB-C0100,C0100
CGINS-PCO2WB-C0112,C0112
CGINS-PCO2WB-C0113,C0113
CGINS-PCO2WB-C0118,C0118
CGINS-PCO2WB-C0119,C0119
CGINS-PCO2WB-C0126,C0126
CGINS-PCO2WB-C0127,C0127
CGINS-PCO2WB-C0134,C0134
CGINS-PCO2WB-C0135,C0135
CGINS-PCO2WB-C0147,C0147
CGINS-PCO2WC-C0103,C0103
CGINS-PCO2WC-C0104,C0104
CGINS-PCO2WC-C0105,C0105
CGINS-PCO2WC-C0106,C0106
CGINS-PCO2WC-C0107,C0107
CGINS-PCO2WC-C0108,C0108
CGINS-PCO2WC-C0109,C0109
CGINS-PCO2WC-C0110,C0110
CGINS-PCO2WC-C0120,C0120
CGINS-PCO2WC-C0121,C0121
CGINS-PCO2WC-C0122,C0122
CGINS-PCO2WC-C0128,C0128
CGINS-PCO2WC-C0129,C0129
CGINS-PCO2WC-C0130,C0130
CGINS-PCO2WC-C0136,C0136
CGINS-PCO2WC-C0137,C0137
CGINS-PCO2WC-C0138,C0138
CGINS-PCO2WC-C0139,C0139
CGINS-PCO2WC-C0140,C0140
CGINS-PCO2WC-C0141,C0141
CGINS-PHSEND-P0068,P0068
CGINS-PHSEND-P0069,P0069
CGINS-PHSEND-P0072,P0072
CGINS-PHSEND-P0083,P0083
CGINS-PHSEND-P0084,P0084
CGINS-PHSEND-P0085,P0085
CGINS-PHSEND-P0086,P0086
CGINS-PHSEND-P0087,P0087
CGINS-PHSEND-P0088,P0088
CGINS-PHSEND-P0095,P0095
CGINS-PHSEND-P0096,P0096
CGINS-PHSEND-P0097,P0097
CGINS-PHSEND-P0098,P0098
CGINS-PHSEND-P0099,P0099
CGINS-PHSEND-P0100,P0100
CGINS-PHSEND-P0118,P0118
CGINS-PHSEND-P0119,P0119
CGINS-PHSEND-P0120,P0120
CGINS-PHSEND-P0121,P0121
CGINS-PHSEND-P0122,P0122
CGINS-PHSEND-P0123,P0123
CGINS-PHSEND-P0124,P0124
CGINS-PHSEND-P0125,P0125
CGINS-PHSEND-P0132,P0132
CGINS-PHSEND-P0155,P0155
CGINS-PHSEND-P0156,P0156
CGINS-PHSEND-P0157,P0157
CGINS-PHSEND-P0158,P0158
CGINS-PHSEND-P0159,P0159
CGINS-PHSEND-P0160,P0160
CGINS-PHSEND-P0166,P0166
CGINS-PHSEND-P0167,P0167
CGINS-PHSEND-P0168,P0168
CGINS-PHSEND-P0170,P0170
CGINS-PHSEND-P0185,P00185
CGINS-PHSEND-P0187,P0187
CGINS-PHSENE-P0070,P0070
CGINS-PHSENE-P0071,P0071
CGINS-PHSENE-P0101,P0101
CGINS-PHSENE-P0137,P0137
CGINS-PHSENE-P0138,P0138
CGINS-PHSENE-P0139,P0139
CGINS-PHSENE-P0140,P0140
CGINS-PHSENE-P0146,P0146
CGINS-PHSENE-P0171,P0171
CGINS-PHSENE-P0172,P0172
CGINS-PHSENE-P0176,P0176
CGINS-PHSENE-P0177,P0177
CGINS-PHSENE-P0178,P0178
CGINS-PHSENE-P0179,P0179
CGINS-PHSENF-P0079,P0079
CGINS-PHSENF-P0080,P0080
CGINS-PHSENF-P0081,P0081
CGINS-PHSENF-P0102,P0102
CGINS-PHSENF-P0103,P0103
CGINS-PHSENF-P0104,P0104
CGINS-PHSENF-P0105,P0105
CGINS-PHSENF-P0141,P0141
CGINS-PHSENF-P0142,P0142
CGINS-PHSENF-P0143,P0143
CGINS-PHSENF-P0144,P0144
CGINS-PHSENF-P0147,P0147
CGINS-PHSENF-P0173,P0173
CGINS-PHSENF-P0174,P0174
CGINS-PHSENF-P0180,P0180
CGINS-PHSENF-P0181,P0181
CGINS-PHSENF-P0182,P0182
CGINS-PHSENF-P0183,P0183
CGINS-PRESFA-01328,26P-1328
CGINS-PRESFA-01351,26P-1351
CGINS-PRESFA-01382,26P-1382
CGINS-PRESFA-01383,26P-1383
CGINS-PRESFA-01391,26P-1391
CGINS-PRESFB-01329,26P64515-1329
CGINS-PRESFB-01352,26P71826-1352
CGINS-PRESFB-01384,26P-1384
CGINS-PRESFB-01386,26P76848-1386
CGINS-PRESFB-01387,26P76848-1387
CGINS-PRESFB-01392,26P-1392
CGINS-PRESFB-01396,26P-1396
CGINS-PRESFB-01397,26P-1397
CGINS-PRESFB-01400,26P-1400
CGINS-PRESFC-01385,26P-1385
CGINS-PRESFC-01388,26P76848-1388
CGINS-PRESFC-01398,26P-1398
CGINS-PRESFC-01399,26P-1399
CGINS-PRESFC-01400,26-1400
CGINS-PRESFC-01401,26-1401
CGINS-SPKIRB-00229,229
CGINS-SPKIRB-00230,230
CGINS-SPKIRB-00231,231
CGINS-SPKIRB-00232,232
CGINS-SPKIRB-00238,238
CGINS-SPKIRB-00239,239
CGINS-SPKIRB-00240,240
CGINS-SPKIRB-00241,241
CGINS-SPKIRB-00242,242
CGINS-SPKIRB-00243,243
CGINS-SPKIRB-00248,248
CGINS-SPKIRB-00249,249
CGINS-SPKIRB-00250,250
CGINS-SPKIRB-00254,254
CGINS-SPKIRB-00255,255
CGINS-SPKIRB-00269,269
CGINS-SPKIRB-00270,270
CGINS-SPKIRB-00271,271
CGINS-SPKIRB-00272,272
CGINS-SPKIRB-00273,273
CGINS-SPKIRB-00274,274
CGINS-SPKIRB-00275,275
CGINS-SPKIRB-00276,276
CGINS-SPKIRB-00288,288
CGINS-SPKIRB-00289,289
CGINS-SPKIRB-00290,290
CGINS-SPKIRB-00291,291
CGINS-SPKIRB-00294,294
CGINS-SPKIRB-00295,295
CGINS-SPKIRB-00296,296
CGINS-SPKIRB-00297,297
CGINS-SPKIRB-00298,298
CGINS-SPKIRB-00299,299
CGINS-SPKIRB-00300,300
CGINS-SPKIRB-00301,301
CGINS-SPKIRB-00302,302
CGINS-SPKIRJ-00237,237
CGINS-SPKIRJ-00252,252
CGINS-SPKIRJ-00263,263
CGINS-SPKIRJ-00264,264
CGINS-SPKIRJ-00265,265
CGINS-SPKIRJ-00266,266
CGINS-SPKIRJ-00281,281
CGINS-SPKIRJ-00282,282
CGINS-VEL3DC-08181,8181
CGINS-VEL3DC-12587,12587
CGINS-VEL3DC-12595,12595
CGINS-VEL3DD-08158,8158
CGINS-VEL3DD-09668,9668
CGINS-VEL3DD-11084,11084
CGINS-VEL3DD-11090,11090
CGINS-VEL3DD-11707,11707
CGINS-VEL3DD-11710,11710
CGINS-VEL3DD-12264,12264
CGINS-VEL3DD-12266,12266
CGINS-VEL3DD-12604,12604
CGINS-VEL3DD-12607,12607
CGINS-VEL3DK-00003,100003
CGINS-VEL3DK-00011,100011
CGINS-VEL3DK-00012,100012
CGINS-VEL3DK-00013,100013
CGINS-VEL3DK-00014,100014
CGINS-VEL3DK-00015,100015
CGINS-VEL3DK-00017,100017
CGINS-VEL3DK-00022,100022
CGINS-VEL3DK-00033,100033
CGINS-VEL3DK-00034,100034
CGINS-VEL3DK-00035,100035
CGINS-VEL3DK-00036,100036
CGINS-VEL3DK-00037,100037
CGINS-VEL3DK-00212,100212
CGINS-VEL3DK-00468,100468
CGINS-VEL3DK-00470,100470
CGINS-VEL3DK-00475,100475
CGINS-VEL3DL-01024,1024
CGINS-VEL3DL-01025,1025
CGINS-VEL3DL-01026,1026
CGINS-VEL3DL-01108,1108
CGINS-VEL3DL-01109,1109-ML13104-01D
CGINS-VEL3DL-01110,1110-ML13104-04D
CGINS-VEL3DL-01115,1115
CGINS-VEL3DL-01116,1116
CGINS-VEL3DL-01117,1117-ML13104-04D
CGINS-VEL3DL-01118,1118
CGINS-VEL3DL-01253,1253
CGINS-VEL3DL-01254,1254
CGINS-VEL3DL-01255,1255
CGINS-VEL3DL-01256,1256
CGINS-VEL3DL-13551,A13551
CGINS-VELPTA-06325,AQD 6325
CGINS-VELPTA-06326,AQD 6326
CGINS-VELPTA-06327,AQD 6327
CGINS-VELPTA-08381,AQD 8381
CGINS-VELPTA-08399,AQD 8399
CGINS-VELPTA-08532,AQD 8532
CGINS-VELPTA-08535,AQD 8535
CGINS-VELPTA-08539,AQD 8539
CGINS-VELPTA-08544,AQD 8544
CGINS-VELPTA-08550,AQD8550
CGINS-VELPTA-11377,AQD 11377
CGINS-VELPTA-11380,AQD 11380
CGINS-VELPTA-11382,AQD 11382
CGINS-VELPTA-11386,AQD 11386
CGINS-VELPTA-11397,AQD 11397
CGINS-VELPTA-11398,AQD 11398
CGINS-VELPTA-11401,AQD 11401
CGINS-VELPTA-11402,AQD 11402
CGINS-VELPTA-11405,AQD 11405
CGINS-VELPTA-11412,AQD 11412
CGINS-VELPTA-11417,AQD 11417
CGINS-VELPTA-11748,AQD 11748
CGINS-VELPTA-11768,AQD 11768
CGINS-VELPTA-11774,AQD 11774
CGINS-VELPTA-11775,AQD 11775
CGINS-VELPTA-11780,AQD 11780
CGINS-VELPTA-11786,AQD 11786
CGINS-VELPTA-11787,AQD 11787
CGINS-VELPTA-11789,AQD 11789
CGINS-VELPTA-11790,AQD 11790
CGINS-VELPTA-11814,AQD 11814
CGINS-VELPTA-11820,AQD 11820
CGINS-VELPTA-11823,AQD 11823
CGINS-VELPTA-12198,AQD 12198
CGINS-VELPTA-12203,AQD 12203
CGINS-VELPTA-12224,AQD 12224
CGINS-VELPTA-12229,AQD 12229
CGINS-VELPTA-12230,AQD 12230
CGINS-VELPTA-12231,AQD 12231
CGINS-VELPTA-12234,AQD 12234
CGINS-VELPTA-12703,AQD 12703
CGINS-VELPTA-12707,AQD 12707
CGINS-VELPTA-12711,AQD 12711
CGINS-VELPTA-12712,AQD 12712
CGINS-VELPTA-12721,AQD 12721
CGINS-VELPTA-12732,AQD 12732
CGINS-VELPTA-12737,AQD 12737
CGINS-VELPTA-12742,AQD 12742
CGINS-VELPTA-12746,AQD 12746
CGINS-VELPTA-12747,AQD 12747
CGINS-VELPTB-09952,AQD 9952
CGINS-VELPTB-09984,AQD 9984
CGINS-VELPTB-11669,AQD 11669
CGINS-VELPTB-11964,AQD 11964
CGINS-VELPTB-11967,AQD 11967
CGINS-VELPTB-11969,AQD 11969
CGINS-VELPTB-11970,AQD 11970
CGINS-VELPTB-11973,AQD 11973
CGINS-VELPTB-11974,AQD 11974
CGINS-VELPTB-11976,AQD 11976
CGINS-VELPTB-11981,AQD 11981
CGINS-VELPTB-11986,AQD 11986
CGINS-VELPTB-12095,AQD 12095
CGINS-VELPTB-12195,AQD 12195
CGINS-VELPTB-12197,AQD 12197
CGINS-VELPTB-12233,AQD 12233
CGINS-VELPTB-12236,AQD 12236
CGINS-VELPTB-12459,AQD 12459
CGINS-VELPTB-12652,AQD 12652
CGINS-VELPTB-12663,AQD 12663
CGINS-VELPTB-12673,AQD 12673
CGINS-VELPTJ-11259,AQD 11259
CGINS-VELPTJ-11779,AQD 11779
CGINS-VELPTJ-11900,AQD 11900
CGINS-VELPTJ-11912,AQD 11912
CGINS-VELPTJ-11915,AQD 11915
CGINS-VELPTJ-11916,AQD 11916
CGINS-VELPTJ-12876,AQD 12876
CGINS-VELPTJ-12886,AQD 12886
CGINS-WAVSSA-04571,4571
CGINS-WAVSSA-04581,4581
CGINS-WAVSSA-05271,TAS05271
CGINS-WAVSSA-05281,TAS05281
CGINS-WAVSSA-05291,5291
CGINS-WAVSSA-05301,TAS05301
CGINS-WAVSSA-05311,5311
CGINS-WAVSSA-05321,5321
CGINS-WAVSSA-05771,5771
CGINS-WAVSSA-05781,5781
CGINS-WAVSSA-05791,5791
CGINS-WAVSSA-05971,TAS05971
CGINS-WAVSSA-05981,TAS05981
CGINS-WAVSSA-06271,6271
CGINS-WAVSSA-06281,6281
CGINS-WAVSSA-06291,6291
CGINS-WAVSSA-06301,6301
CGINS-WAVSSA-06311,6311
CGINS-WAVSSA-06321,6321
CGINS-WAVSSA-06421,TAS06421
CGINS-WAVSSA-06431,6431
CGINS-ZPLSCC-55074,55074
CGINS-ZPLSCC-55075,55075
CGINS-ZPLSCC-55076,55076
CGINS-ZPLSCC-55077,55077
CGINS-ZPLSCC-55078,55078
CGINS-ZPLSCC-55079,55079
CGINS-ZPLSCC-55080,55080
CGINS-ZPLSCC-55096,55096
CGINS-ZPLSCC-55097,55097
CGINS-ZPLSCC-55098,55098
CGINS-ZPLSCC-55099,55099
CGINS-ZPLSCC-55100,55100
CGINS-ZPLSCC-55101,55101
CGINS-ZPLSCC-55102,55102
CGINS-ZPLSCC-55103,55103
CGINS-ZPLSCC-55132,55132
CGINS-ZPLSGA-55067,55067
CGINS-ZPLSGA-55068,55068
CGINS-ZPLSGA-55073,55073
CGINS-ZPLSGA-55092,55092
CGINS-ZPLSGA-55093,55093
CGINS-ZPLSGA-55094,55094
CGINS-ZPLSGA-55095,55095
CGINS-ZPLSGA-55104,55104
CGINS-ZPLSGA-55105,55105
CGINS-ZPLSGA-55106,55106
CGINS-ZPLSGA-55107,55107
CGINS-ZPLSGA-55108,55108
CGINS-ZPLSGA-55109,55109
CGINS-ZPLSGA-55110,55110
CGINS-ZPLSGA-55111,55111
N00074,
N00217.1,GA02HYPM-RIM01-00-SIOENG00
N00218.1,GA03FLMA-RIM01-00-SIOENG000
N00218.2,GA03FLMA-RIS01-00-SIOENG000
N00417,113
N00419,109
N00687,3400/TAG#:116120
N00697,0484-6002-0108
N00708,299470
N00747,CP01CNSM-00002-METBK1
N00748,CP01CNSM-00002-METBK2
N00749,CP01CNSM-00003-METBK1
N00750,CP01CNSM-00003-METBK2
N00754,CP04OSSM-00002-METBK
N00756,CP03ISSM-00002-METBK
OL000006,GA01SUMO-00001-MOPAK
OL000007,GA01SUMO-00001-HYDGN1
OL000008,GA01SUMO-00001-HYDGN2
OL000015,GA01SUMO-00001-CPM1
OL000016,GA01SUMO-00001-DCL11
OL000017,GA01SUMO-00001-DCL12
OL000018,GA01SUMO-00001-DCL16
OL000027,GS02HYPM-RIM01-00001
OL000060,GP02HYPM-00002-SIOENG
OL000075,GS01SUMO-00002-CPM1
OL000076,GS01SUMO-00002-CPM2
OL000077,GS01SUMO-00002-DCL11
OL000078,GS01SUMO-00002-DCL12
OL000079,GS01SUMO-00002-DCL16
OL000092,GA01SUMO-00002-MOPAK
OL000093,GA01SUMO-00002-HYDGN1
OL000094,GA01SUMO-00002-HYDGN2
OL000097,GA01SUMO-00002-CPM1
OL000098,GA01SUMO-00002-CPM2
OL000099,GA01SUMO-00002-DCL11
OL000100,GA01SUMO-00002-DCL12
OL000101,GA01SUMO-00002-DCL16
OL000103,GP03FLMB-00002-RIS01
OL000104,GP03FLMB-00003-RIM01
OL000194,16
OL000198,CE01ISSM-00003-MOPAK
OL000199,CE01ISSM-00002-MOPAK
OL000200,CE01ISSM-00001-MOPAK
OL000207,CE01ISSM-00004-MOPAK
OL000209,CE06ISSM-00002-CPM3
OL000214,CE06ISSM-00002-MOPAK
OL000215,CE06ISSM-00003-MOPAK
OL000217,CE06ISSM-00003-CPM3
OL000219,CE06ISSM-00003-DCL16
OL000223,CP01CNSM-00005-MOPAK
OL000224,CP01CNSM-00005-HYDGN1
OL000225,CP01CNSM-00005-HYDGN2
OL000238,CP02PMCI-00005-MOPAK
OL000241,CP02PMCI-00006-MOPAK
OL000244,CP02PMUI-00007-MOPAK
OL000246,GI02HYPM-00001-SIOENG
OL000247,GS03FLMA-00001-ENG-sec
OL000248,GS03FLMA-00001-ENG- main
OL000254,CP03ISSM-00005-MOPAK
OL000255,CP03ISSM-00004-HYDGN1
OL000256,CP03ISSM-00004-HYDGN2
OL000272,CP04OSSM-00004-MOPAK
OL000273,CP04OSSM-SBD11-HYDGN
OL000274,CP04OSSM-SBD12-HYDGN
OL000292,CE01ISSM-00005-MOPAK
OL000296,3605-20018-0016
OL000299,CE02SHSM-00001-HYDGN11
OL000300,CE02SHSM-00001-HYDGN12
OL000306,3
OL000307,CE02SHSM-00002+MOPAK
OL000308,CE02SHSM-00002-HYDGN11
OL000309,CE02SHSM-00002-HYDGN12
OL000310,
OL000312,
OL000313,
OL000331,PMUI-00001-MOPAK
OL000332,PMUI-00001-STC
OL000335,PMUI-00003-MOPAK
OL000336,PMUI-00003-STC
OL000337,PMUI-00005-MOPAK
OL000344,OSPM-00002-MOPAK
OL000345,OSPM-00003-MOPAK
OL000372,OSPM-00001-STC
OL000373,OSPM-00002-STC
OL000374,OSPM-00003-STC
OL000375,OSPM-00004-STC
OL000376,CE04OSSM-00001+MOPAK
OL000377,CE04OSSM-00001+HYDGN1102
OL000378,CE04OSSM-00001+HYDGN1203
OL000379,CP03OSSM-00001-CPM1
OL000380,
OL000381,CP03OSSM-00001-DCL11
OL000382,CP03OSSM-00001-DCL12
OL000383,CP03OSSM-00001-DCL26
OL000384,CP03OSSM-00001-DCL27
OL000395,3703-00274-0007
OL000396,3703-00272-0025
OL000398,CE06ISSM-00004-MOPAK
OL000402,3703-00275-0004
OL000405,CE07SHSM-00001+MOPAK
OL000406,CE07SHSM-SBD11-HYDGN
OL000407,CE07SHSM-SBD12-HYDGN
OL000408,
OL000409,2
OL000410,4
OL000411,
OL000412,
OL000413,10
OL000414,2
OL000415,1
OL000416,4
OL000417,CE07SHSM-SBD11-HYDGN
OL000418,CE07SHSM-SBD12-HYDGN
OL000420,2015-0004
OL000421,10
OL000422,16
OL000423,2015-0004
OL000424,2015-0004
OL000425,27
OL000426,10
OL000427,15
OL000428,16
OL000440,3703-00274-0003
OL000445,CE09OSSM-00001+MOPAK
OL000446,CE09OSSM-00001-HYDGN11
OL000447,CE09OSSM-00001-HYDGN12
OL000448,CE09OSSM-00001-CPM1
OL000449,CE09OSSM-00001-CPM2
OL000450,CE09OSSM-00001-CPM3
OL000451,CE09OSSM-00001-DCL11
OL000452,CE09OSSM-00001-DCL12
OL000453,CE09OSSM-00001-DCL26
OL000454,CE09OSSM-00001-DCL27
OL000455,CE09OSSM-00001-DCL35
OL000456,CE09OSSM-00001-DCL37
OL000457,CE09OSSM-00002+MOPAK
OL000458,CE09OSSM-00002-HYDGN11
OL000459,CE09OSSM-00002-HYDGN12
OL000460,CE09OSSM-00002-CPM1
OL000461,CE09OSSM-00002-CPM2
OL000462,CE09OSSM-00002-CPM3
OL000463,CE09OSSM-00002-DCL11
OL000464,CE09OSSM-00002-DCL12
OL000465,CE09OSSM-00002-DCL26
OL000466,CE09OSSM-00002-DCL27
OL000467,CE09OSSM-00002-DCL35
OL000468,CE09OSSM-00002-DCL37
OL000472,CE09OSSM-00004+MOPAK
OL000473,CE09OSSM-00004-DOSTA37-03
OL000474,CE09OSSM-00003-CPM1
OL000475,CE09OSSM-00003-CPM2
OL000476,CE09OSSM-00003-CPM3
OL000477,CE09OSSM-00003-DCL11
OL000478,CE09OSSM-00003-DCL12
OL000479,CE09OSSM-00003-DCL26
OL000480,CP01CNSM-00001-MOPAK
OL000481,CP01CNSM-00001-HYDGN SBD11
OL000482,CP01CNSM-00001-HYDGN SBD12
OL000492,CP01CNSM-00002-MOPAK
OL000493,CP01CNSM-00002-HYDGN1
OL000494,CP01CNSM-00002-HYDGN2
OL000495,CP01CNSM-00002-WAVSS
OL000506,CP01CNSM-00003-MOPAK
OL000507,CP01CNSM-00003-HYDGN1
OL000508,CP01CNSM-00003-HYDGN2
OL000509,CP01CNSM-00003-WAVSS
OL000519,2015-0009
OL000520,CP01CNSM-SBD11-HYDGN
OL000521,CP01CNSM-SBD12-HYDGN
OL000524,CP01CNSM-00004-DCL11
OL000525,CP01CNSM-00004-DCL12
OL000526,CP01CNSM-00004-DCL26
OL000527,CP04OSSM-00001-MOPAK
OL000528,CP04OSSM-00001-SBD11HYDGN
OL000529,CP04OSSM-00001-SBD12HYDGN
OL000530,CP04OSSM-00001-CPM1
OL000531,
OL000532,
OL000533,CP04OSSM-00001-DCL11
OL000534,CP04OSSM-00001-DCL12
OL000539,CP04OSSM-00002-MOPAK
OL000540,CP04OSSM-SBD11-HYDGN
OL000541,CP04OSSM-SBD12-HYDGN
OL000542,CP04OSSM-00002-CPM1
OL000543,
OL000544,
OL000545,CP04OSSM-00002-DCL11
OL000546,CP04OSSM-00002-DCL12
OL000551,CP04OSSM-00003-MOPAK
OL000552,CP04OSSM-SBD11-HYDGN
OL000553,CP04OSSM-SBD12-HYDGN
OL000559,24
OL000563,CP03ISSM-00001-MOPAK
OL000564,CP03ISSM-00001-SBD11-HYDGN
OL000565,CP03ISSM-00001-SBD12-HYDGN
OL000566,CP03ISSM-00001-CPM1
OL000567,
OL000568,
OL000569,CP03ISSM-00001-DCL11
OL000570,CP03ISSM-00001-DCL12
OL000572,5
OL000593,GI01SUMO-00003-CPM1
OL000594,GI01SUMO-00003-DCL11
OL000595,GI01SUMO-00003-DCL12
OL000596,GI01SUMO-00003-DCL16
PIRSN-COVISA-00001,1
PIRSN-CTDPFA-10001,16-50216
PIRSN-OVRSRA-00001,101409
PIRSN-QNTSRA-00001,1708062
PIRSN-SCPRAA-00001,001/C
PIRSN-SCTAAA-00001,1
R00002,CE06ISSM-00001-CPM3
R00004,CE06ISSM-00001-DCL16
R00005,CE06ISSM-00001-DCL35
R00006,CE06ISSM-00001-DCL37
R00007,
R00008,CP02PMUO-00002-MOPAK
R00012,CP03ISSM-00002-MOPAK
R00013,CP03ISSM-00002-HYDGN1
R00014,CP03ISSM-00002-HYDGN2
R00015,CP03ISSM-00002-CPM1
R00016,
R00017,
R00018,CP03ISSM-00002-DCL11
R00019,CP03ISSM-00002-DCL12
R00024,11
R00025,CP03ISSM-00003-HYDGN1
R00026,CP03ISSM-00003-HYDGN2
R00036,GI01SUMO-00001-MOPAK
R00037,GI01SUMO-00001-HYDGN1
R00038,GI01SUMO-00001-HYDGN2
R00040,GI01SUMO-00001-CPM1
R00041,GI01SUMO-00001-CPM2
R00042,GI01SUMO-00001-DCL11
R00043,GI01SUMO-00001-DCL12
R00044,GI01SUMO-00001-DCL16
R00045,GI01SUMO-00002-MOPAK
R00046,GI01SUMO-00002-HYDGN1
R00047,GI01SUMO-00002-HYDGN2
R00049,GI01SUMO-00002-CPM1
R00050,GI01SUMO-00002-CPM2
R00051,GI01SUMO-00002-DCL11
R00052,GI01SUMO-00002-DCL12
R00053,GI01SUMO-00002-DCL16
R00054,GP02HYPM-00001-SIOENG
R00056,GI01SUMO-00001-HYDGN1
R00057,GI01SUMO-00001-HYDGN2
R00061,GS01SUMO-00001-CPM1
R00062,GS01SUMO-00001-CPM2
R00063,GS01SUMO-00001-DCL11
R00064,GS01SUMO-00001-DCL12
R00065,GS01SUMO-00001-DCL16
R00067,CP02PMUO-00001 MOPAK0000
R00068,CP02PMUO-00003 MOPAK0000
R00069,CP02PMUO-00004 MOPAK0000
R00070,CP02PMUO-00005 MOPAK0000
R00071,CP02PMCO-00001 STCENG000
R00072,SWE 0002-G
R00073,CP02PMCO-00005 STCENG000
R00074,CE09OSPM-00001 STCENG000
R00075,CE09OSPM-00002 STCENG000
R00076,CE09OSPM-00003 STCENG000
R00077,CE09OSPM-00004 STCENG000
R00078,CE04OSPD-DP01B-00001-ENG
R00079,CE04OSPD-DP01B-00002-ENG
R00106,GA01SUMO-00003-MOPAK
R00297,
