,Niskin #,Date Time,"Pressure, Digiquartz [db]","Depth [salt water, m]",Latitude [deg],Longitude [deg],"Temperature [ITS-90, deg C]","Temperature, 2 [ITS-90, deg C]",Conductivity [S/m],"Conductivity, 2 [S/m]","Salinity, Practical [PSU]","Salinity, Practical, 2 [PSU]","Oxygen, SBE 43 [ml/l]","Oxygen Saturation, Garcia & Gordon [ml/l]","Beam Attenuation, WET Labs C-Star [1/m]","Beam Transmission, WET Labs C-Star [%]",Hex name,Start Latitude,Start Longitude,Start Time,Cast #,Discrete Salinity [psu],Discrete Oxygen [mL/L],Discrete Nitrate+Nitrite [µM/L],Discrete Ammonium [µM/L],Discrete Phosphate [µM/L],Discrete Silicate [µM/L],Discrete Nitrite [µM/L],Discrete Nitrate [µM/L],Discrete Chl (ug/l),Discrete Phaeo (ug/l),Discrete Chl quality flag
0,1,2014-04-12T18:14:00Z,90.718,90.001,40.36166,-70.77197,5.05,5.2542,3.19234,3.218524,33.1311,33.2283,6.6363,7.1538,0.3267,92.1575 (avg),C:\Data\ctd\kn217001.hex,40 21.70 N,070 46.31 W,2014-04-12T18:06:29Z,1,33.0886,7.316,2.04949557733684,2.37758696871932,0.692730769230769,0.992036011080332,<0.015,2.03449557733684,1.619683492317959,0.645979062908254,1.0
1,2,2014-04-12T18:14:09Z,90.823,90.105,40.36166,-70.77198,4.9394,5.187,3.185822,3.206726,33.1661,33.1603,6.4294,7.170960000000001,0.3622,91.3633 (avg),C:\Data\ctd\kn217001.hex,40 21.70 N,070 46.31 W,2014-04-12T18:06:29Z,1,33.0933,7.0760000000000005,2.00441596939995,2.33526343105625,0.72075,1.04494459833795,<0.015,1.98941596939995,2.0122344390799376,0.8057824742292994,1.0
2,3,2014-04-12T18:18:21Z,51.425,51.023,40.36166,-70.77198,4.9974,4.9989,3.178876,3.179077,33.0484,33.0492,7.0568,7.16667,0.1511,96.2937 (avg),C:\Data\ctd\kn217001.hex,40 21.70 N,070 46.31 W,2014-04-12T18:06:29Z,1,33.035,7.292000000000001,0.684559407124074,0.771284233412821,0.375576923076923,0.0380941828254848,<0.015,0.669559407124074,0.3789858584814233,0.10501714576170655,1.0
3,4,2014-04-12T18:18:32Z,51.69,51.286,40.36166,-70.77198,5.016,5.0114,3.17867,3.178866,33.0274,33.0343,7.0752,7.1645,0.1521,96.2681 (avg),C:\Data\ctd\kn217001.hex,40 21.70 N,070 46.31 W,2014-04-12T18:06:29Z,1,33.036,7.274,0.700825245039445,0.746885958759994,0.401807692307692,0.0317451523545706,<0.015,0.685825245039446,0.5063170860664518,0.13511066967726648,1.0
4,5,2014-04-12T18:22:10Z,26.715,26.507,40.36166,-70.77199,5.5665,5.5637,3.220398,3.2203310000000003,32.9739,32.9759,7.1601,7.07405,0.2532,93.8761 (avg),C:\Data\ctd\kn217001.hex,40 21.70 N,070 46.31 W,2014-04-12T18:06:29Z,1,32.9782,7.341,0.124085106382979,0.48647172113901,0.31775,<0.030,<0.015,0.109085106382979,0.6791251748865653,0.12861222374287729,1.0
5,6,2014-04-12T18:22:21Z,26.808000000000003,26.6,40.36166,-70.77199999999999,5.5634,5.5678,3.220174,3.220768,32.9743,32.9768,7.1647,7.07454,0.2327,94.3495 (avg),C:\Data\ctd\kn217001.hex,40 21.70 N,070 46.31 W,2014-04-12T18:06:29Z,1,32.9777,7.3629999999999995,0.14964570882142,0.706554116986955,0.431019230769231,<0.030,<0.015,0.13464570882142,0.7700030140574947,0.1369070695796231,1.0
6,7,2014-04-12T18:25:16Z,6.714,6.662000000000001,40.36166,-70.77198,5.9768,5.9596,3.2564450000000003,3.255135,32.9893,32.9915,7.1846,7.0053899999999985,0.2558,93.8056 (avg),C:\Data\ctd\kn217001.hex,40 21.70 N,070 46.31 W,2014-04-12T18:06:29Z,1,32.9935,7.353,0.257929715515181,0.539749586197223,0.334442307692308,<0.030,<0.015,0.24292971551518,0.526870551936476,0.11455720380724224,1.0
7,8,2014-04-12T18:25:27Z,6.76,6.707999999999998,40.36166,-70.77199999999999,5.8953,5.8948,3.2494810000000003,3.249591,32.9906,32.9924,7.1908,7.0187300000000015,0.2532,93.8670 (avg),C:\Data\ctd\kn217001.hex,40 21.70 N,070 46.31 W,2014-04-12T18:06:29Z,1,32.9942,7.357,0.259788668419794,0.623898737550849,0.324307692307692,<0.030,<0.015,0.244788668419794,0.5198522952979312,0.10848212279169277,1.0
8,1,2014-04-13T18:00:29Z,145.688,144.52,40.09324,-70.87536,10.9919,10.9916,3.913031,3.913154,35.0319,35.0333,5.3981,6.18038,0.1763,95.6884 (avg),C:\Data\ctd\kn217002.hex,40 05.59 N,070 52.52 W,2014-04-13T17:54:46Z,2,35.0356,5.5760000000000005,10.0109261295721,0.130456080796746,0.779173076923077,4.2575540166205,0.317,9.69392612957208,0.04885128771202483,0.16388275016009504,2.0
9,1,2014-04-13T18:00:29Z,145.688,144.52,40.09324,-70.87536,10.9919,10.9916,3.913031,3.913154,35.0319,35.0333,5.3981,6.18038,0.1763,95.6884 (avg),C:\Data\ctd\kn217002.hex,40 05.59 N,070 52.52 W,2014-04-13T17:54:46Z,2,35.0356,5.5760000000000005,10.0109261295721,0.130456080796746,0.779173076923077,4.2575540166205,0.317,9.69392612957208,0.14363797946715848,0.18662361046020648,1.0
10,2,2014-04-13T18:00:39Z,145.614,144.446,40.09324,-70.87536,10.9913,10.9912,3.912959,3.913107,35.0317,35.0333,5.3975,6.18046,0.1815,95.5631 (avg),C:\Data\ctd\kn217002.hex,40 05.59 N,070 52.52 W,2014-04-13T17:54:46Z,2,35.0356,5.665,10.1424470475735,0.317177570486744,0.776788461538462,4.40993074792244,0.328,9.81444704757351,0.0611105462253087,0.15437844916023197,2.0
11,2,2014-04-13T18:00:39Z,145.614,144.446,40.09324,-70.87536,10.9913,10.9912,3.912959,3.913107,35.0317,35.0333,5.3975,6.18046,0.1815,95.5631 (avg),C:\Data\ctd\kn217002.hex,40 05.59 N,070 52.52 W,2014-04-13T17:54:46Z,2,35.0356,5.665,10.1424470475735,0.317177570486744,0.776788461538462,4.40993074792244,0.328,9.81444704757351,0.14452595634946347,0.1888912727804909,1.0
12,3,2014-04-13T18:03:38Z,111.676,110.79,40.09326,-70.87536,10.4431,10.4447,3.83948,3.839823,34.8322,34.8342,5.6173,6.26135,0.126,96.8992 (avg),C:\Data\ctd\kn217002.hex,40 05.59 N,070 52.52 W,2014-04-13T17:54:46Z,2,34.818000000000005,5.916,8.92762132440832,0.355517716369757,0.736846153846154,2.97875346260388,0.269,8.65862132440832,0.057733457695992065,0.12406846982562282,2.0
13,3,2014-04-13T18:03:38Z,111.676,110.79,40.09326,-70.87536,10.4431,10.4447,3.83948,3.839823,34.8322,34.8342,5.6173,6.26135,0.126,96.8992 (avg),C:\Data\ctd\kn217002.hex,40 05.59 N,070 52.52 W,2014-04-13T17:54:46Z,2,34.818000000000005,5.916,8.92762132440832,0.355517716369757,0.736846153846154,2.97875346260388,0.269,8.65862132440832,0.16848828972963806,0.17638797892388644,1.0
14,4,2014-04-13T18:03:45Z,111.609,110.723,40.09326,-70.87536,10.4435,10.4399,3.839569000000001,3.839297,34.8328,34.8335,5.6141,6.26128,0.1237,96.9557 (avg),C:\Data\ctd\kn217002.hex,40 05.59 N,070 52.52 W,2014-04-13T17:54:46Z,2,34.8159,5.837999999999999,8.80539517092996,0.624894585495862,0.729096153846154,2.92849030470914,0.077,8.72839517092996,0.0570098385407953,0.13398671382822575,2.0
15,4,2014-04-13T18:03:45Z,111.609,110.723,40.09326,-70.87536,10.4435,10.4399,3.839569000000001,3.839297,34.8328,34.8335,5.6141,6.26128,0.1237,96.9557 (avg),C:\Data\ctd\kn217002.hex,40 05.59 N,070 52.52 W,2014-04-13T17:54:46Z,2,34.8159,5.837999999999999,8.80539517092996,0.624894585495862,0.729096153846154,2.92849030470914,0.077,8.72839517092996,0.17635876324572056,0.16121346113132984,1.0
16,5,2014-04-13T18:06:11Z,52.095,51.68899999999999,40.09325,-70.87536,7.8035,7.8023,3.5085040000000003,3.508499,33.9568,33.9579,5.9482,6.67431,0.1318,96.7580 (avg),C:\Data\ctd\kn217002.hex,40 05.59 N,070 52.52 W,2014-04-13T17:54:46Z,2,33.9749,6.216,9.4532402581879,0.750371426567541,0.924634615384615,4.02581440443213,0.03,9.42324025818791,1.9379643166302822,0.5571671870805871,1.0
17,5,2014-04-13T18:06:11Z,52.095,51.68899999999999,40.09325,-70.87536,7.8035,7.8023,3.5085040000000003,3.508499,33.9568,33.9579,5.9482,6.67431,0.1318,96.7580 (avg),C:\Data\ctd\kn217002.hex,40 05.59 N,070 52.52 W,2014-04-13T17:54:46Z,2,33.9749,6.216,9.4532402581879,0.750371426567541,0.924634615384615,4.02581440443213,0.03,9.42324025818791,0.24690907907011553,0.190318883942197,1.0
18,6,2014-04-13T18:06:22Z,52.17100000000001,51.764,40.09325,-70.87536,7.7819,7.7829,3.505988,3.506216,33.9507,33.9522,5.9564,6.67783,0.1332,96.7244 (avg),C:\Data\ctd\kn217002.hex,40 05.59 N,070 52.52 W,2014-04-13T17:54:46Z,2,33.9716,6.191,9.41420224719101,0.816097390938421,0.932980769230769,4.00094736842105,0.135,9.27920224719101,1.9201447112309178,0.5019221497062152,1.0
19,6,2014-04-13T18:06:22Z,52.17100000000001,51.764,40.09325,-70.87536,7.7819,7.7829,3.505988,3.506216,33.9507,33.9522,5.9564,6.67783,0.1332,96.7244 (avg),C:\Data\ctd\kn217002.hex,40 05.59 N,070 52.52 W,2014-04-13T17:54:46Z,2,33.9716,6.191,9.41420224719101,0.816097390938421,0.932980769230769,4.00094736842105,0.135,9.27920224719101,0.2666937522647052,0.21074873316722034,1.0
20,7,2014-04-13T18:08:53Z,12.535,12.438,40.09326,-70.87536,6.5983,6.5986,3.345256,3.345481,33.3701,33.3723,6.7489,6.88735,0.182,95.5518 (avg),C:\Data\ctd\kn217002.hex,40 05.59 N,070 52.52 W,2014-04-13T17:54:46Z,2,33.4002,6.972,6.99152187425293,0.633857217000982,0.783346153846154,2.72320498614958,<0.015,6.97652187425293,2.191806825102255,0.5762313346298141,1.0
21,7,2014-04-13T18:08:53Z,12.535,12.438,40.09326,-70.87536,6.5983,6.5986,3.345256,3.345481,33.3701,33.3723,6.7489,6.88735,0.182,95.5518 (avg),C:\Data\ctd\kn217002.hex,40 05.59 N,070 52.52 W,2014-04-13T17:54:46Z,2,33.4002,6.972,6.99152187425293,0.633857217000982,0.783346153846154,2.72320498614958,<0.015,6.97652187425293,0.5689800917677453,0.12217202288569388,1.0
22,8,2014-04-13T18:09:05Z,12.597,12.5,40.09326,-70.87536,6.57,6.5703,3.341626,3.341784,33.3575,33.3589,6.78,6.89245,0.1868,95.4375 (avg),C:\Data\ctd\kn217002.hex,40 05.59 N,070 52.52 W,2014-04-13T17:54:46Z,2,33.3523,7.0360000000000005,6.89950370547454,0.699085257399355,0.771423076923077,2.43908587257618,<0.015,6.88450370547454,1.8426037038147773,0.5964601175499847,1.0
23,8,2014-04-13T18:09:05Z,12.597,12.5,40.09326,-70.87536,6.57,6.5703,3.341626,3.341784,33.3575,33.3589,6.78,6.89245,0.1868,95.4375 (avg),C:\Data\ctd\kn217002.hex,40 05.59 N,070 52.52 W,2014-04-13T17:54:46Z,2,33.3523,7.0360000000000005,6.89950370547454,0.699085257399355,0.771423076923077,2.43908587257618,<0.015,6.88450370547454,0.6151000639638972,0.11891410692274323,1.0
24,1,2014-04-13T22:10:57Z,146.762,145.585,40.09278,-70.87206,10.7519,10.7515,3.881179,3.881313,34.9414,34.9432,5.5015,6.21568,0.1541,96.2194 (avg),C:\Data\ctd\kn217003.hex,40 05.48 N,070 52.28 W,2014-04-13T22:05:09Z,3,-9999999.0,5.792000000000001,-9999999.0,-9999999.0,-9999999.0,-9999999,-9999999,-9999999.0,0.0534949462397839,0.18370959660448544,2.0
25,1,2014-04-13T22:10:57Z,146.762,145.585,40.09278,-70.87206,10.7519,10.7515,3.881179,3.881313,34.9414,34.9432,5.5015,6.21568,0.1541,96.2194 (avg),C:\Data\ctd\kn217003.hex,40 05.48 N,070 52.28 W,2014-04-13T22:05:09Z,3,-9999999.0,5.792000000000001,-9999999.0,-9999999.0,-9999999.0,-9999999,-9999999,-9999999.0,0.18315344871387687,0.16637781871776178,1.0
26,2,2014-04-13T22:11:10Z,146.736,145.559,40.09281,-70.87207,10.7527,10.752,3.88129,3.881354,34.9417,34.9431,5.5166,6.21556,0.1523,96.2640 (avg),C:\Data\ctd\kn217003.hex,40 05.48 N,070 52.28 W,2014-04-13T22:05:09Z,3,-9999999.0,5.665,-9999999.0,-9999999.0,-9999999.0,-9999999,-9999999,-9999999.0,0.056652634038660034,0.18071396512992816,2.0
27,2,2014-04-13T22:11:10Z,146.736,145.559,40.09281,-70.87207,10.7527,10.752,3.88129,3.881354,34.9417,34.9431,5.5166,6.21556,0.1523,96.2640 (avg),C:\Data\ctd\kn217003.hex,40 05.48 N,070 52.28 W,2014-04-13T22:05:09Z,3,-9999999.0,5.665,-9999999.0,-9999999.0,-9999999.0,-9999999,-9999999,-9999999.0,0.15069199611047063,0.20227557907687244,1.0
28,3,2014-04-13T22:13:23Z,92.444,91.714,40.09324,-70.87226,9.3125,9.3121,3.695438,3.695519,34.4509,34.4522,5.6499,6.43289,0.1202,97.0408 (avg),C:\Data\ctd\kn217003.hex,40 05.48 N,070 52.28 W,2014-04-13T22:05:09Z,3,-9999999.0,5.916,-9999999.0,-9999999.0,-9999999.0,-9999999,-9999999,-9999999.0,0.06455817953225948,0.08843781284953951,2.0
29,3,2014-04-13T22:13:23Z,92.444,91.714,40.09324,-70.87226,9.3125,9.3121,3.695438,3.695519,34.4509,34.4522,5.6499,6.43289,0.1202,97.0408 (avg),C:\Data\ctd\kn217003.hex,40 05.48 N,070 52.28 W,2014-04-13T22:05:09Z,3,-9999999.0,5.916,-9999999.0,-9999999.0,-9999999.0,-9999999,-9999999,-9999999.0,0.20027096622133417,0.19866397743651354,1.0
30,4,2014-04-13T22:13:34Z,92.59,91.859,40.09324,-70.87226,9.3173,9.3141,3.696012,3.695771,34.4523,34.4528,5.6382,6.432169999999998,0.1191,97.0669 (avg),C:\Data\ctd\kn217003.hex,40 05.48 N,070 52.28 W,2014-04-13T22:05:09Z,3,-9999999.0,5.837999999999999,-9999999.0,-9999999.0,-9999999.0,-9999999,-9999999,-9999999.0,0.05397424973537634,0.07927358812566568,2.0
31,4,2014-04-13T22:13:34Z,92.59,91.859,40.09324,-70.87226,9.3173,9.3141,3.696012,3.695771,34.4523,34.4528,5.6382,6.432169999999998,0.1191,97.0669 (avg),C:\Data\ctd\kn217003.hex,40 05.48 N,070 52.28 W,2014-04-13T22:05:09Z,3,-9999999.0,5.837999999999999,-9999999.0,-9999999.0,-9999999.0,-9999999,-9999999,-9999999.0,0.17595772000923224,0.2271322188957115,1.0
32,5,2014-04-13T22:16:48Z,23.377,23.196,40.09324,-70.8723,5.5306,5.5283,3.244286,3.244306,33.2823,33.2848,6.8044,7.0655199999999985,0.1297,96.8097 (avg),C:\Data\ctd\kn217003.hex,40 05.48 N,070 52.28 W,2014-04-13T22:05:09Z,3,-9999999.0,6.216,-9999999.0,-9999999.0,-9999999.0,-9999999,-9999999,-9999999.0,1.5474099032501583,0.4099609200592281,1.0
33,5,2014-04-13T22:16:48Z,23.377,23.196,40.09324,-70.8723,5.5306,5.5283,3.244286,3.244306,33.2823,33.2848,6.8044,7.0655199999999985,0.1297,96.8097 (avg),C:\Data\ctd\kn217003.hex,40 05.48 N,070 52.28 W,2014-04-13T22:05:09Z,3,-9999999.0,6.216,-9999999.0,-9999999.0,-9999999.0,-9999999,-9999999,-9999999.0,0.42820945761652907,0.1313656641530763,1.0
34,6,2014-04-13T22:17:00Z,23.274,23.094,40.09326,-70.87231,5.5324,5.5279,3.24456,3.244446,33.2837,33.2868,6.8012,7.06515,0.1354,96.6734 (avg),C:\Data\ctd\kn217003.hex,40 05.48 N,070 52.28 W,2014-04-13T22:05:09Z,3,-9999999.0,6.191,-9999999.0,-9999999.0,-9999999.0,-9999999,-9999999,-9999999.0,1.3723224449143159,0.42534760964021445,1.0
35,6,2014-04-13T22:17:00Z,23.274,23.094,40.09326,-70.87231,5.5324,5.5279,3.24456,3.244446,33.2837,33.2868,6.8012,7.06515,0.1354,96.6734 (avg),C:\Data\ctd\kn217003.hex,40 05.48 N,070 52.28 W,2014-04-13T22:05:09Z,3,-9999999.0,6.191,-9999999.0,-9999999.0,-9999999.0,-9999999,-9999999,-9999999.0,0.4040510607619407,0.11712821674467998,1.0
36,7,2014-04-13T22:18:27Z,3.594,3.5660000000000003,40.09338,-70.87236,7.7687,7.7748,3.431618,3.432229,33.1871,33.1878,6.9771,6.71323,0.4307,89.7947 (avg),C:\Data\ctd\kn217003.hex,40 05.48 N,070 52.28 W,2014-04-13T22:05:09Z,3,-9999999.0,6.972,-9999999.0,-9999999.0,-9999999.0,-9999999,-9999999,-9999999.0,1.5064028264050247,0.46593878092139046,1.0
37,7,2014-04-13T22:18:27Z,3.594,3.5660000000000003,40.09338,-70.87236,7.7687,7.7748,3.431618,3.432229,33.1871,33.1878,6.9771,6.71323,0.4307,89.7947 (avg),C:\Data\ctd\kn217003.hex,40 05.48 N,070 52.28 W,2014-04-13T22:05:09Z,3,-9999999.0,6.972,-9999999.0,-9999999.0,-9999999.0,-9999999,-9999999,-9999999.0,1.3981369832072619,0.22652155834391766,1.0
38,8,2014-04-13T22:18:35Z,3.545,3.518,40.09339,-70.87236,7.772,7.7682,3.431892,3.431939,33.1869,33.191,6.9645,6.712739999999998,0.3961,90.5716 (avg),C:\Data\ctd\kn217003.hex,40 05.48 N,070 52.28 W,2014-04-13T22:05:09Z,3,-9999999.0,7.0360000000000005,-9999999.0,-9999999.0,-9999999.0,-9999999,-9999999,-9999999.0,1.707008874804214,0.4565591952184682,1.0
39,8,2014-04-13T22:18:35Z,3.545,3.518,40.09339,-70.87236,7.772,7.7682,3.431892,3.431939,33.1869,33.191,6.9645,6.712739999999998,0.3961,90.5716 (avg),C:\Data\ctd\kn217003.hex,40 05.48 N,070 52.28 W,2014-04-13T22:05:09Z,3,-9999999.0,7.0360000000000005,-9999999.0,-9999999.0,-9999999.0,-9999999,-9999999,-9999999.0,1.3670561323794201,0.15438357987547854,1.0
40,1,2014-04-14T20:14:10Z,445.2,441.316,39.9402,-70.77518,7.4925,7.4935,3.603528,3.603852,35.1021,35.1046,3.7686,6.671289999999999,0.0973,97.5979 (avg),C:\Data\ctd\kn217004.hex,39 56.41 N,070 46.50 W,2014-04-14T20:02:46Z,4,35.1069,4.079,23.1662710972986,0.242986898583251,1.77773076923077,14.3059529085873,<0.015,23.1512710972986,0.02619339723198184,0.059652069315590625,1.0
41,2,2014-04-14T20:14:15Z,445.05300000000005,441.17,39.9402,-70.77518,7.494,7.4928,3.603655,3.603747,35.102,35.1042,3.7675,6.6710699999999985,0.0968,97.6089 (avg),C:\Data\ctd\kn217004.hex,39 56.41 N,070 46.50 W,2014-04-14T20:02:46Z,4,35.1065,4.0360000000000005,23.110037771934,0.0667218123158928,1.77832692307692,14.2794986149585,<0.015,23.095037771934,0.027872504935935356,0.05130275186381614,1.0
42,3,2014-04-14T20:19:51Z,212.004,210.272,39.94022,-70.77518,12.8961,12.8919,4.166664,4.166297,35.6773,35.6777,4.9829,5.91483,0.0765,98.1054 (avg),C:\Data\ctd\kn217004.hex,39 56.41 N,070 46.50 W,2014-04-14T20:02:46Z,4,35.6544,5.443,11.2489887640449,0.219086547902932,0.815538461538461,4.45913573407202,0.036,11.2129887640449,0.17305015654469222,-0.0950557931309575,3.0
43,4,2014-04-14T20:20:04Z,211.922,210.192,39.9402,-70.77516,12.8819,12.8651,4.165119,4.163364,35.6759,35.6749,4.9845,5.91661,0.0757,98.1269 (avg),C:\Data\ctd\kn217004.hex,39 56.41 N,070 46.50 W,2014-04-14T20:02:46Z,4,35.6546,5.475,11.3363595505618,0.271368565016131,0.827461538461538,4.43691412742382,<0.015,11.3213595505618,0.08020864729765573,0.11666231697510043,1.0
44,5,2014-04-14T20:25:03Z,33.583,33.323,39.9402,-70.77518,11.6308,11.6287,3.965069,3.96515,34.9916,34.9943,6.438,6.09889,0.5207,87.7952 (avg),C:\Data\ctd\kn217004.hex,39 56.41 N,070 46.50 W,2014-04-14T20:02:46Z,4,34.9943,6.8389999999999995,4.43964427444418,0.206638448590265,0.351730769230769,0.248670360110803,0.137,4.30264427444418,3.9235004572723855,1.4725568931110522,1.0
45,6,2014-04-14T20:25:13Z,33.574,33.314,39.9402,-70.77518,11.6317,11.630999999999998,3.965188,3.965291000000001,34.9918,34.9935,6.4346,6.09875,0.5244,87.7140 (avg),C:\Data\ctd\kn217004.hex,39 56.41 N,070 46.50 W,2014-04-14T20:02:46Z,4,34.9941,6.938,4.43917953621803,0.340579997194557,0.33325,0.0592576177285319,0.066,4.37317953621803,4.974941348637096,2.0751583656928996,1.0
46,7,2014-04-14T20:27:16Z,4.112,4.081,39.94022,-70.77518,9.0052,9.0052,3.585246,3.585373,33.6386,33.6399,7.1739999999999995,6.5107,0.8145,81.5777 (avg),C:\Data\ctd\kn217004.hex,39 56.41 N,070 46.50 W,2014-04-14T20:02:46Z,4,33.6625,7.398,3.98977767152761,0.711533356712021,0.785134615384615,2.45707479224377,<0.015,3.97477767152761,3.703634288969254,0.7965550474693859,1.0
47,8,2014-04-14T20:27:22Z,4.021,3.99,39.94022,-70.77518,9.0062,9.0063,3.585256,3.58544,33.6378,33.6397,7.1656,6.5105900000000005,0.8118,81.6311 (avg),C:\Data\ctd\kn217004.hex,39 56.41 N,070 46.50 W,2014-04-14T20:02:46Z,4,33.657,7.621,3.87312837676309,0.220580319820452,0.494807692307692,2.3941135734072,0.016,3.85712837676309,4.109690565913635,0.5400785994204627,1.0
48,1,2014-04-15T20:20:15Z,440.8,436.96,39.94002,-70.88332,7.2053,7.2057,3.5753410000000003,3.575596,35.0874,35.0897,3.9078,6.71564,0.1035,97.4472 (avg),C:\Data\ctd\kn217005.hex,39 56.40 N,070 52.99 W,2014-04-15T20:07:35Z,5,35.097,4.352,22.6471584986852,0.210621840370318,1.74613461538462,14.2816149584488,<0.015,22.6321584986852,0.061296292566419046,0.18125610898037298,2.0
49,1,2014-04-15T20:20:15Z,440.8,436.96,39.94002,-70.88332,7.2053,7.2057,3.5753410000000003,3.575596,35.0874,35.0897,3.9078,6.71564,0.1035,97.4472 (avg),C:\Data\ctd\kn217005.hex,39 56.40 N,070 52.99 W,2014-04-15T20:07:35Z,5,35.097,4.352,22.6471584986852,0.210621840370318,1.74613461538462,14.2816149584488,<0.015,22.6321584986852,0.02233700796455813,0.059210286374767065,1.0
50,2,2014-04-15T20:20:22Z,440.082,436.249,39.94002,-70.88332,7.2097,7.2087,3.575711,3.5758330000000003,35.0872,35.0896,3.9086,6.7149600000000005,0.1021,97.4808 (avg),C:\Data\ctd\kn217005.hex,39 56.40 N,070 52.99 W,2014-04-15T20:07:35Z,5,35.0896,4.19,22.6954912742051,0.43568347594333,1.76163461538462,14.2440498614958,<0.015,22.6804912742051,0.06482547304751589,0.177888984823595,2.0
51,2,2014-04-15T20:20:22Z,440.082,436.249,39.94002,-70.88332,7.2097,7.2087,3.575711,3.5758330000000003,35.0872,35.0896,3.9086,6.7149600000000005,0.1021,97.4808 (avg),C:\Data\ctd\kn217005.hex,39 56.40 N,070 52.99 W,2014-04-15T20:07:35Z,5,35.0896,4.19,22.6954912742051,0.43568347594333,1.76163461538462,14.2440498614958,<0.015,22.6804912742051,0.02621820158542122,0.058380417431592446,1.0
52,3,2014-04-15T20:25:30Z,222.148,220.329,39.94004,-70.88332,12.498,12.4981,4.120881,4.121044,35.6086,35.6101,4.4016,5.96619,0.0752,98.1373 (avg),C:\Data\ctd\kn217005.hex,39 56.40 N,070 52.99 W,2014-04-15T20:07:35Z,5,35.6169,4.717,13.9458646904136,0.331617365689437,1.06353846153846,6.15538504155125,<0.015,13.9308646904136,0.04740414897083054,0.10961501870982542,2.0
53,3,2014-04-15T20:25:30Z,222.148,220.329,39.94004,-70.88332,12.498,12.4981,4.120881,4.121044,35.6086,35.6101,4.4016,5.96619,0.0752,98.1373 (avg),C:\Data\ctd\kn217005.hex,39 56.40 N,070 52.99 W,2014-04-15T20:07:35Z,5,35.6169,4.717,13.9458646904136,0.331617365689437,1.06353846153846,6.15538504155125,<0.015,13.9308646904136,0.05018053496559588,0.07990434780910072,2.0
54,4,2014-04-15T20:25:40Z,222.305,220.484,39.94004,-70.88332,12.5002,12.5,4.121146,4.121274,35.609,35.6104,4.416,5.9659,0.0744,98.1577 (avg),C:\Data\ctd\kn217005.hex,39 56.40 N,070 52.99 W,2014-04-15T20:07:35Z,5,35.6198,4.829,14.0583313411427,0.461575522513676,1.05340384615385,6.2786620498615,<0.015,14.0433313411427,0.055899257270520065,0.09811615521503568,2.0
55,4,2014-04-15T20:25:40Z,222.305,220.484,39.94004,-70.88332,12.5002,12.5,4.121146,4.121274,35.609,35.6104,4.416,5.9659,0.0744,98.1577 (avg),C:\Data\ctd\kn217005.hex,39 56.40 N,070 52.99 W,2014-04-15T20:07:35Z,5,35.6198,4.829,14.0583313411427,0.461575522513676,1.05340384615385,6.2786620498615,<0.015,14.0433313411427,0.23160246907198087,0.44345450609797066,2.0
56,5,2014-04-15T20:31:06Z,27.975,27.758000000000006,39.94003,-70.88336,12.4029,12.370999999999999,4.068322,4.063489,35.2746,35.2578,6.4996,5.99052,0.5589,86.9608 (avg),C:\Data\ctd\kn217005.hex,39 56.40 N,070 52.99 W,2014-04-15T20:07:35Z,5,35.3096,6.795,3.83037245995697,0.622404965633329,0.240846153846154,<0.030,0.069,3.76137245995697,1.4345008074388428,0.39367826081913615,1.0
57,5,2014-04-15T20:31:06Z,27.975,27.758000000000006,39.94003,-70.88336,12.4029,12.370999999999999,4.068322,4.063489,35.2746,35.2578,6.4996,5.99052,0.5589,86.9608 (avg),C:\Data\ctd\kn217005.hex,39 56.40 N,070 52.99 W,2014-04-15T20:07:35Z,5,35.3096,6.795,3.83037245995697,0.622404965633329,0.240846153846154,<0.030,0.069,3.76137245995697,4.9191500499526875,1.4609280201501185,1.0
58,6,2014-04-15T20:31:18Z,28.627,28.406,39.94002,-70.88336,12.3886,12.3806,4.06619,4.064986,35.2671,35.263000000000005,6.5125,5.99258,0.5522,87.1067 (avg),C:\Data\ctd\kn217005.hex,39 56.40 N,070 52.99 W,2014-04-15T20:07:35Z,5,35.2708,6.882999999999999,3.58406120009563,0.756346514237621,0.227134615384615,0.111108033240997,<0.015,3.56906120009563,1.534640153452568,0.44487742461029806,1.0
59,6,2014-04-15T20:31:18Z,28.627,28.406,39.94002,-70.88336,12.3886,12.3806,4.06619,4.064986,35.2671,35.263000000000005,6.5125,5.99258,0.5522,87.1067 (avg),C:\Data\ctd\kn217005.hex,39 56.40 N,070 52.99 W,2014-04-15T20:07:35Z,5,35.2708,6.882999999999999,3.58406120009563,0.756346514237621,0.227134615384615,0.111108033240997,<0.015,3.56906120009563,5.409070652135657,1.4109181359448153,1.0
60,7,2014-04-15T20:33:02Z,3.947,3.917,39.94003,-70.88334,11.1635,11.1646,3.856101,3.856437,34.3658,34.3681,7.1161,6.18396,0.7921,82.0337 (avg),C:\Data\ctd\kn217005.hex,39 56.40 N,070 52.99 W,2014-04-15T20:07:35Z,5,34.3688,7.489,0.294644035381305,0.239999354748212,0.111480769230769,<0.030,<0.015,0.279644035381305,1.3039393145947318,0.48527864625136014,1.0
61,7,2014-04-15T20:33:02Z,3.947,3.917,39.94003,-70.88334,11.1635,11.1646,3.856101,3.856437,34.3658,34.3681,7.1161,6.18396,0.7921,82.0337 (avg),C:\Data\ctd\kn217005.hex,39 56.40 N,070 52.99 W,2014-04-15T20:07:35Z,5,34.3688,7.489,0.294644035381305,0.239999354748212,0.111480769230769,<0.030,<0.015,0.279644035381305,7.066381826923468,2.172799730681646,2.0
62,8,2014-04-15T20:33:08Z,3.683,3.655,39.94004,-70.88334,11.1635,11.1641,3.856108,3.856343,34.3659,34.3678,7.1282,6.18395,0.7922,82.0331 (avg),C:\Data\ctd\kn217005.hex,39 56.40 N,070 52.99 W,2014-04-15T20:07:35Z,5,34.368,7.669,0.263971312455176,0.125974765044186,0.109096153846154,0.463479224376731,<0.015,0.248971312455176,1.2389280952061053,0.488708462398816,1.0
63,8,2014-04-15T20:33:08Z,3.683,3.655,39.94004,-70.88334,11.1635,11.1641,3.856108,3.856343,34.3659,34.3678,7.1282,6.18395,0.7922,82.0331 (avg),C:\Data\ctd\kn217005.hex,39 56.40 N,070 52.99 W,2014-04-15T20:07:35Z,5,34.368,7.669,0.263971312455176,0.125974765044186,0.109096153846154,0.463479224376731,<0.015,0.248971312455176,4.670148488906004,1.097533081857304,2.0
64,1,2014-04-16T13:33:39Z,130.961,129.915,40.13484,-70.77739,11.0499,11.0497,3.925945,3.926188,35.111999999999995,35.1147,4.6388,6.1696,0.2858,93.1040 (avg),C:\Data\ctd\kn217006.hex,40 08.09 N,070 46.58 W,2014-04-16T13:28:19Z,6,-9999999.0,4.94,12.039508486732,0.723483532052181,0.950865384615385,6.97493905817175,0.034,12.005508486732,0.012073512172173438,0.016191811727776215,2.0
65,1,2014-04-16T13:33:39Z,130.961,129.915,40.13484,-70.77739,11.0499,11.0497,3.925945,3.926188,35.111999999999995,35.1147,4.6388,6.1696,0.2858,93.1040 (avg),C:\Data\ctd\kn217006.hex,40 08.09 N,070 46.58 W,2014-04-16T13:28:19Z,6,-9999999.0,4.94,12.039508486732,0.723483532052181,0.950865384615385,6.97493905817175,0.034,12.005508486732,0.11879682262764993,0.2641614363930348,1.0
66,2,2014-04-16T13:33:48Z,131.244,130.195,40.13484,-70.77741,11.0501,11.0499,3.925986,3.926241000000001,35.1122,35.1149,4.6404,6.169580000000002,0.2848,93.1285 (avg),C:\Data\ctd\kn217006.hex,40 08.09 N,070 46.58 W,2014-04-16T13:28:19Z,6,-9999999.0,4.8919999999999995,13.0335835524743,0.352530172534717,0.966365384615385,7.40984764542936,0.035,12.9985835524743,0.02223383703091016,0.013583311582298859,2.0
67,2,2014-04-16T13:33:48Z,131.244,130.195,40.13484,-70.77741,11.0501,11.0499,3.925986,3.926241000000001,35.1122,35.1149,4.6404,6.169580000000002,0.2848,93.1285 (avg),C:\Data\ctd\kn217006.hex,40 08.09 N,070 46.58 W,2014-04-16T13:28:19Z,6,-9999999.0,4.8919999999999995,13.0335835524743,0.352530172534717,0.966365384615385,7.40984764542936,0.035,12.9985835524743,0.1263286194938078,0.26582712139246223,1.0
68,3,2014-04-16T13:38:01Z,47.262,46.894,40.13466,-70.778,5.4918,5.4886,3.236525,3.23641,33.2204,33.2223,6.781000000000001,7.074910000000001,0.1016,97.4932 (avg),C:\Data\ctd\kn217006.hex,40 08.09 N,070 46.58 W,2014-04-16T13:28:19Z,6,-9999999.0,7.05,4.30951757112121,1.37327431617338,0.695115384615385,1.01690304709141,0.051,4.25851757112121,0.005349106304101501,0.02434460951832888,2.0
69,3,2014-04-16T13:38:01Z,47.262,46.894,40.13466,-70.778,5.4918,5.4886,3.236525,3.23641,33.2204,33.2223,6.781000000000001,7.074910000000001,0.1016,97.4932 (avg),C:\Data\ctd\kn217006.hex,40 08.09 N,070 46.58 W,2014-04-16T13:28:19Z,6,-9999999.0,7.05,4.30951757112121,1.37327431617338,0.695115384615385,1.01690304709141,0.051,4.25851757112121,0.1096351947749832,0.08692961195325008,1.0
70,4,2014-04-16T13:38:09Z,47.392,47.023,40.13466,-70.77803,5.4733,5.4766,3.234624,3.2353080000000003,33.217,33.2215,6.787000000000001,7.07817,0.1004,97.5219 (avg),C:\Data\ctd\kn217006.hex,40 08.09 N,070 46.58 W,2014-04-16T13:28:19Z,6,-9999999.0,7.063,4.55071671049486,1.58538992846121,0.688557692307692,0.998385041551247,0.052,4.49871671049486,0.026709479550119347,0.05127658508768323,2.0
71,4,2014-04-16T13:38:09Z,47.392,47.023,40.13466,-70.77803,5.4733,5.4766,3.234624,3.2353080000000003,33.217,33.2215,6.787000000000001,7.07817,0.1004,97.5219 (avg),C:\Data\ctd\kn217006.hex,40 08.09 N,070 46.58 W,2014-04-16T13:28:19Z,6,-9999999.0,7.063,4.55071671049486,1.58538992846121,0.688557692307692,0.998385041551247,0.052,4.49871671049486,0.12447379452504947,0.07003538297567312,1.0
72,5,2014-04-16T13:39:54Z,22.865,22.688,40.13484,-70.77857,6.7606,6.7615,3.339188,3.339426,33.1403,33.1421,6.9292,6.8719600000000005,0.3084,92.5802 (avg),C:\Data\ctd\kn217006.hex,40 08.09 N,070 46.58 W,2014-04-16T13:28:19Z,6,-9999999.0,7.269,2.56210184078413,1.07103446486183,0.507326923076923,1.26610249307479,<0.015,2.54710184078413,0.26006111412278365,0.16557996335835576,1.0
73,5,2014-04-16T13:39:54Z,22.865,22.688,40.13484,-70.77857,6.7606,6.7615,3.339188,3.339426,33.1403,33.1421,6.9292,6.8719600000000005,0.3084,92.5802 (avg),C:\Data\ctd\kn217006.hex,40 08.09 N,070 46.58 W,2014-04-16T13:28:19Z,6,-9999999.0,7.269,2.56210184078413,1.07103446486183,0.507326923076923,1.26610249307479,<0.015,2.54710184078413,1.5325391114696838,0.2911443327458091,1.0
74,6,2014-04-16T13:40:01Z,22.59,22.416,40.13484,-70.77861999999998,6.7135,6.7249,3.3355370000000004,3.3365720000000003,33.1458,33.1462,6.9351,6.87919,0.2972,92.8401 (avg),C:\Data\ctd\kn217006.hex,40 08.09 N,070 46.58 W,2014-04-16T13:28:19Z,6,-9999999.0,7.276,2.89531914893617,1.14273551690279,0.526403846153846,1.02907202216066,0.032,2.86331914893617,0.261737305017932,0.1706279801164954,1.0
75,6,2014-04-16T13:40:01Z,22.59,22.416,40.13484,-70.77861999999998,6.7135,6.7249,3.3355370000000004,3.3365720000000003,33.1458,33.1462,6.9351,6.87919,0.2972,92.8401 (avg),C:\Data\ctd\kn217006.hex,40 08.09 N,070 46.58 W,2014-04-16T13:28:19Z,6,-9999999.0,7.276,2.89531914893617,1.14273551690279,0.526403846153846,1.02907202216066,0.032,2.86331914893617,1.5289773391115629,0.34235670974089716,1.0
76,7,2014-04-16T13:41:45Z,3.032,3.009,40.13514,-70.77919,6.8373,6.8388,3.343801,3.344175,33.1267,33.1293,6.9549,6.86043,0.3757,91.0350 (avg),C:\Data\ctd\kn217006.hex,40 08.09 N,070 46.58 W,2014-04-16T13:28:19Z,6,-9999999.0,7.254,2.65412000956251,0.927632360779913,0.505538461538461,1.13594736842105,<0.015,2.63912000956251,2.0747866302027282,0.6122233673699058,1.0
77,7,2014-04-16T13:41:45Z,3.032,3.009,40.13514,-70.77919,6.8373,6.8388,3.343801,3.344175,33.1267,33.1293,6.9549,6.86043,0.3757,91.0350 (avg),C:\Data\ctd\kn217006.hex,40 08.09 N,070 46.58 W,2014-04-16T13:28:19Z,6,-9999999.0,7.254,2.65412000956251,0.927632360779913,0.505538461538461,1.13594736842105,<0.015,2.63912000956251,1.6111912025916595,0.27720019516993155,1.0
78,8,2014-04-16T13:41:52Z,2.975,2.9530000000000003,40.13518,-70.7792,6.8395,6.8401,3.344084,3.344336,33.1276,33.1298,6.9536,6.86003,0.3188,92.3401 (avg),C:\Data\ctd\kn217006.hex,40 08.09 N,070 46.58 W,2014-04-16T13:28:19Z,6,-9999999.0,7.2410000000000005,2.50679799187186,0.801657595735727,0.498384615384615,0.996797783933518,0.045,2.46179799187186,2.2549605810797777,0.7934350197239378,1.0
79,8,2014-04-16T13:41:52Z,2.975,2.9530000000000003,40.13518,-70.7792,6.8395,6.8401,3.344084,3.344336,33.1276,33.1298,6.9536,6.86003,0.3188,92.3401 (avg),C:\Data\ctd\kn217006.hex,40 08.09 N,070 46.58 W,2014-04-16T13:28:19Z,6,-9999999.0,7.2410000000000005,2.50679799187186,0.801657595735727,0.498384615384615,0.996797783933518,0.045,2.46179799187186,1.6944076741629777,0.3514361750675164,1.0
80,1,2014-04-16T17:35:19Z,114.559,113.648,40.12152,-70.58949,12.0162,12.0218,4.051924,4.05282,35.4427,35.4461,4.9997,6.03257,0.1019,97.4850 (avg),C:\Data\ctd\kn217007.hex,40 07.27 N,070 35.20 W,2014-04-16T17:29:43Z,7,35.388000000000005,5.308,-9999999.0,-9999999.0,-9999999.0,-9999999,-9999999,-9999999.0,0.14692535581829524,0.3063002673430285,1.0
81,1,2014-04-16T17:35:19Z,114.559,113.648,40.12152,-70.58949,12.0162,12.0218,4.051924,4.05282,35.4427,35.4461,4.9997,6.03257,0.1019,97.4850 (avg),C:\Data\ctd\kn217007.hex,40 07.27 N,070 35.20 W,2014-04-16T17:29:43Z,7,35.388000000000005,5.308,-9999999.0,-9999999.0,-9999999.0,-9999999,-9999999,-9999999.0,0.107928816510365,0.18549753954828643,1.0
82,2,2014-04-16T17:35:31Z,114.794,113.882,40.12152,-70.58959,12.065999999999999,12.0812,4.059124,4.061403,35.4656,35.4734,4.9739,6.02543,0.0993,97.5489 (avg),C:\Data\ctd\kn217007.hex,40 07.27 N,070 35.20 W,2014-04-16T17:29:43Z,7,35.4101,5.331,-9999999.0,-9999999.0,-9999999.0,-9999999,-9999999,-9999999.0,0.15732715092047542,0.2944399653219784,1.0
83,2,2014-04-16T17:35:31Z,114.794,113.882,40.12152,-70.58959,12.065999999999999,12.0812,4.059124,4.061403,35.4656,35.4734,4.9739,6.02543,0.0993,97.5489 (avg),C:\Data\ctd\kn217007.hex,40 07.27 N,070 35.20 W,2014-04-16T17:29:43Z,7,35.4101,5.331,-9999999.0,-9999999.0,-9999999.0,-9999999,-9999999,-9999999.0,0.11294380147601149,0.18318198083798864,1.0
84,3,2014-04-16T17:38:34Z,99.729,98.94,40.12124,-70.59094,10.995999999999999,10.9965,3.911371,3.911617,35.032,35.034,5.3997,6.17983,0.128,96.8524 (avg),C:\Data\ctd\kn217007.hex,40 07.27 N,070 35.20 W,2014-04-16T17:29:43Z,7,35.0238,5.69,-9999999.0,-9999999.0,-9999999.0,-9999999,-9999999,-9999999.0,0.14590148574290637,0.29805054425222904,1.0
85,3,2014-04-16T17:38:34Z,99.729,98.94,40.12124,-70.59094,10.995999999999999,10.9965,3.911371,3.911617,35.032,35.034,5.3997,6.17983,0.128,96.8524 (avg),C:\Data\ctd\kn217007.hex,40 07.27 N,070 35.20 W,2014-04-16T17:29:43Z,7,35.0238,5.69,-9999999.0,-9999999.0,-9999999.0,-9999999,-9999999,-9999999.0,0.31532024468890907,0.3007678716198,1.0
86,4,2014-04-16T17:38:41Z,99.088,98.304,40.12124,-70.59101,10.8667,10.8616,3.8934,3.892689,34.9758,34.9735,5.4544,6.19911,0.1405,96.5479 (avg),C:\Data\ctd\kn217007.hex,40 07.27 N,070 35.20 W,2014-04-16T17:29:43Z,7,34.9941,5.702000000000001,-9999999.0,-9999999.0,-9999999.0,-9999999,-9999999,-9999999.0,0.13271446179789026,0.30810664690178957,1.0
87,4,2014-04-16T17:38:41Z,99.088,98.304,40.12124,-70.59101,10.8667,10.8616,3.8934,3.892689,34.9758,34.9735,5.4544,6.19911,0.1405,96.5479 (avg),C:\Data\ctd\kn217007.hex,40 07.27 N,070 35.20 W,2014-04-16T17:29:43Z,7,34.9941,5.702000000000001,-9999999.0,-9999999.0,-9999999.0,-9999999,-9999999,-9999999.0,0.40154454053388894,0.33438238605948495,1.0
88,5,2014-04-16T17:42:18Z,60.649,60.174,40.12114,-70.59272,8.0188,8.0176,3.505052,3.505242,33.7072,33.7104,6.6039,6.65278,0.2693,93.4887 (avg),C:\Data\ctd\kn217007.hex,40 07.27 N,070 35.20 W,2014-04-16T17:29:43Z,7,33.7124,6.882999999999999,-9999999.0,-9999999.0,-9999999.0,-9999999,-9999999,-9999999.0,0.11031773951400643,0.1678832475147145,1.0
89,5,2014-04-16T17:42:18Z,60.649,60.174,40.12114,-70.59272,8.0188,8.0176,3.505052,3.505242,33.7072,33.7104,6.6039,6.65278,0.2693,93.4887 (avg),C:\Data\ctd\kn217007.hex,40 07.27 N,070 35.20 W,2014-04-16T17:29:43Z,7,33.7124,6.882999999999999,-9999999.0,-9999999.0,-9999999.0,-9999999,-9999999,-9999999.0,1.374276902572814,0.41750888953809884,1.0
90,6,2014-04-16T17:42:25Z,60.452,59.979,40.12112,-70.5928,8.0066,8.0038,3.5039519999999995,3.5037800000000003,33.7072,33.7081,6.5811,6.6546,0.268,93.5190 (avg),C:\Data\ctd\kn217007.hex,40 07.27 N,070 35.20 W,2014-04-16T17:29:43Z,7,33.7112,6.896,-9999999.0,-9999999.0,-9999999.0,-9999999,-9999999,-9999999.0,0.0811588542691263,0.11544835835228226,1.0
91,6,2014-04-16T17:42:25Z,60.452,59.979,40.12112,-70.5928,8.0066,8.0038,3.5039519999999995,3.5037800000000003,33.7072,33.7081,6.5811,6.6546,0.268,93.5190 (avg),C:\Data\ctd\kn217007.hex,40 07.27 N,070 35.20 W,2014-04-16T17:29:43Z,7,33.7112,6.896,-9999999.0,-9999999.0,-9999999.0,-9999999,-9999999,-9999999.0,1.3434948422357336,0.3531661222149474,1.0
92,7,2014-04-16T17:46:58Z,6.698,6.647,40.12107,-70.59495,6.7589,6.7586,3.338256,3.338449,33.1396,33.141999999999996,6.9318,6.8722699999999985,0.2455,94.0482 (avg),C:\Data\ctd\kn217007.hex,40 07.27 N,070 35.20 W,2014-04-16T17:29:43Z,7,33.1454,7.234,-9999999.0,-9999999.0,-9999999.0,-9999999,-9999999,-9999999.0,1.1269314945320632,0.19550581378297266,1.0
93,8,2014-04-16T17:47:05Z,6.551,6.501,40.12108,-70.595,6.7625,6.7622,3.3391260000000003,3.3392690000000003,33.1458,33.1477,6.9464,6.871410000000001,0.2481,93.9860 (avg),C:\Data\ctd\kn217007.hex,40 07.27 N,070 35.20 W,2014-04-16T17:29:43Z,7,33.1555,7.233,-9999999.0,-9999999.0,-9999999.0,-9999999,-9999999,-9999999.0,1.053741103872952,0.22916980755111285,1.0
94,1,2014-04-17T01:14:44Z,125.022,124.024,40.22608,-70.88358000000002,10.5964,10.5998,3.860961,3.861658,34.8964,34.9002,5.2965,6.23821,0.3894,90.7244 (avg),C:\Data\ctd\kn217008.hex,40 13.56 N,070 53.01 W,2014-04-17T01:09:51Z,8,34.8987,5.678,9.71953526177385,0.999831336793379,0.822692307692308,4.18930193905817,0.226,9.49353526177385,0.16562440658922362,0.24461581232054258,1.0
95,2,2014-04-17T01:14:48Z,124.389,123.396,40.22606,-70.88355,10.5998,10.6018,3.861351,3.861836,34.8974,34.9003,5.3015,6.23772,0.3835,90.8566 (avg),C:\Data\ctd\kn217008.hex,40 13.56 N,070 53.01 W,2014-04-17T01:09:51Z,8,34.8985,5.5920000000000005,10.495183361224,0.485475873193996,0.825673076923077,4.52050969529086,0.243,10.252183361224,0.1587629912447973,0.22912258084191328,1.0
96,3,2014-04-17T01:17:52Z,62.407,61.918,40.22609,-70.88356,5.019,4.9874,3.190087,3.187057,33.1504,33.147,6.6398,7.15809,0.0907,97.7573 (avg),C:\Data\ctd\kn217008.hex,40 13.56 N,070 53.01 W,2014-04-17T01:09:51Z,8,33.16,6.896,2.82746736791776,2.2794959461355,0.662923076923077,1.01002493074792,0.015,2.81246736791776,0.13229413763657086,0.13990761941257104,1.0
97,4,2014-04-17T01:18:02Z,62.216,61.729,40.22608,-70.88356,5.0033,5.0102,3.1884650000000003,3.189185,33.1474,33.1489,6.6371,7.16091,0.0913,97.7430 (avg),C:\Data\ctd\kn217008.hex,40 13.56 N,070 53.01 W,2014-04-17T01:09:51Z,8,33.1612,6.902,2.24189720296438,2.68878945153598,0.606288461538462,0.610036011080332,0.016,2.22589720296438,0.10412085027326932,0.10420915352305693,1.0
98,5,2014-04-17T01:20:02Z,22.515,22.34,40.2261,-70.88356,6.6871,6.6938,3.329282,3.330075,33.1025,33.1047,6.997000000000001,6.88537,0.2189,94.6758 (avg),C:\Data\ctd\kn217008.hex,40 13.56 N,070 53.01 W,2014-04-17T01:09:51Z,8,33.1267,7.26,1.55408462825723,1.45493384766447,0.403,0.377767313019391,<0.015,1.53908462825723,0.8644321916328994,0.2657773611496938,1.0
99,6,2014-04-17T01:20:10Z,22.113000000000003,21.942,40.2261,-70.88356,6.6832,6.6889,3.329044,3.3297449999999995,33.1038,33.106,6.9874,6.88592,0.2156,94.7538 (avg),C:\Data\ctd\kn217008.hex,40 13.56 N,070 53.01 W,2014-04-17T01:09:51Z,8,33.1261,7.271,2.40734401147502,0.711533356712021,0.491826923076923,0.727493074792244,<0.015,2.39234401147502,0.9625037675718686,0.29298854890056947,1.0
100,7,2014-04-17T01:21:43Z,3.209,3.184,40.22608,-70.88356,6.6949,6.6949,3.328743,3.328989,33.0983,33.101,7.0207,6.8843,0.209,94.9085 (avg),C:\Data\ctd\kn217008.hex,40 13.56 N,070 53.01 W,2014-04-17T01:09:51Z,8,33.1029,7.297999999999999,1.90310303609849,1.79601176883153,0.394653846153846,0.377767313019391,<0.015,1.88810303609849,1.001605483129476,0.35035415983597906,1.0
101,8,2014-04-17T01:21:47Z,2.9760000000000004,2.9530000000000003,40.22608,-70.88356,6.6945,6.6938,3.328694,3.328849,33.0983,33.1007,6.9893,6.88438,0.2129,94.8163 (avg),C:\Data\ctd\kn217008.hex,40 13.56 N,070 53.01 W,2014-04-17T01:09:51Z,8,33.1029,7.2989999999999995,1.99930384891226,0.865889788189087,0.442942307692308,1.12113296398892,0.019,1.98030384891226,0.9454594300211169,0.3279926711702601,1.0
102,9,2014-04-17T01:21:49Z,3.1210000000000004,3.097,40.22608,-70.88356,6.6941,6.6935,3.32867,3.3288269999999995,33.0984,33.1007,6.9833,6.88444,0.2123,94.8306 (avg),C:\Data\ctd\kn217008.hex,40 13.56 N,070 53.01 W,2014-04-17T01:09:51Z,8,-9999999.0,-9999999.0,-9999999.0,-9999999.0,-9999999.0,-9999999,-9999999,-9999999.0,-9999999.0,-9999999.0,-9999999.0
103,10,2014-04-17T01:21:52Z,3.298,3.273,40.22608,-70.88356,6.6939,6.6934,3.328657,3.32886,33.0984,33.1011,7.0113,6.8844699999999985,0.2125,94.8273 (avg),C:\Data\ctd\kn217008.hex,40 13.56 N,070 53.01 W,2014-04-17T01:09:51Z,8,-9999999.0,-9999999.0,-9999999.0,-9999999.0,-9999999.0,-9999999,-9999999,-9999999.0,-9999999.0,-9999999.0,-9999999.0
104,11,2014-04-17T01:21:54Z,3.292,3.266,40.22608,-70.88356,6.6936,6.6933,3.328621,3.3288519999999995,33.0982,33.1011,7.0182,6.884519999999998,0.2121,94.8372 (avg),C:\Data\ctd\kn217008.hex,40 13.56 N,070 53.01 W,2014-04-17T01:09:51Z,8,-9999999.0,-9999999.0,-9999999.0,-9999999.0,-9999999.0,-9999999,-9999999,-9999999.0,-9999999.0,-9999999.0,-9999999.0
105,12,2014-04-17T01:21:56Z,3.015,2.992,40.22608,-70.88356,6.6935,6.6937,3.328597,3.328874,33.0982,33.1011,7.0142,6.884530000000002,0.2081,94.9311 (avg),C:\Data\ctd\kn217008.hex,40 13.56 N,070 53.01 W,2014-04-17T01:09:51Z,8,-9999999.0,-9999999.0,-9999999.0,-9999999.0,-9999999.0,-9999999,-9999999,-9999999.0,-9999999.0,-9999999.0,-9999999.0
106,13,2014-04-17T01:21:58Z,2.881,2.858,40.22608,-70.88356,6.6937,6.6936,3.328621,3.3288620000000004,33.0983,33.1011,7.0085,6.8845,0.2095,94.8967 (avg),C:\Data\ctd\kn217008.hex,40 13.56 N,070 53.01 W,2014-04-17T01:09:51Z,8,-9999999.0,-9999999.0,-9999999.0,-9999999.0,-9999999.0,-9999999,-9999999,-9999999.0,-9999999.0,-9999999.0,-9999999.0
107,14,2014-04-17T01:22:12Z,3.592,3.564,40.22608,-70.88356,6.6937,6.6935,3.328442,3.328882,33.096,33.1011,7.0002,6.8846,0.2094,94.9003 (avg),C:\Data\ctd\kn217008.hex,40 13.56 N,070 53.01 W,2014-04-17T01:09:51Z,8,-9999999.0,-9999999.0,-9999999.0,-9999999.0,-9999999.0,-9999999,-9999999,-9999999.0,-9999999.0,-9999999.0,-9999999.0
108,15,2014-04-17T01:22:14Z,3.497,3.47,40.22608,-70.88356,6.6937,6.6933,3.3285910000000003,3.328861,33.0977,33.101,6.9985,6.884530000000002,0.2117,94.8457 (avg),C:\Data\ctd\kn217008.hex,40 13.56 N,070 53.01 W,2014-04-17T01:09:51Z,8,-9999999.0,-9999999.0,-9999999.0,-9999999.0,-9999999.0,-9999999,-9999999,-9999999.0,-9999999.0,-9999999.0,-9999999.0
109,16,2014-04-17T01:22:16Z,3.033,3.01,40.22608,-70.88356,6.6935,6.6932,3.3285730000000004,3.3288260000000003,33.0979,33.101,7.0,6.88455,0.2149,94.7708 (avg),C:\Data\ctd\kn217008.hex,40 13.56 N,070 53.01 W,2014-04-17T01:09:51Z,8,-9999999.0,-9999999.0,-9999999.0,-9999999.0,-9999999.0,-9999999,-9999999,-9999999.0,-9999999.0,-9999999.0,-9999999.0
110,17,2014-04-17T01:22:18Z,2.563,2.544,40.22608,-70.88356,6.6935,6.6932,3.328585,3.328808,33.0983,33.1011,7.0013,6.884530000000002,0.2155,94.7565 (avg),C:\Data\ctd\kn217008.hex,40 13.56 N,070 53.01 W,2014-04-17T01:09:51Z,8,-9999999.0,-9999999.0,-9999999.0,-9999999.0,-9999999.0,-9999999,-9999999,-9999999.0,-9999999.0,-9999999.0,-9999999.0
111,18,2014-04-17T01:22:20Z,2.744,2.7230000000000003,40.22608,-70.88356,6.6937,6.6934,3.328627,3.328839,33.0984,33.1011,7.0007,6.88449,0.2149,94.7700 (avg),C:\Data\ctd\kn217008.hex,40 13.56 N,070 53.01 W,2014-04-17T01:09:51Z,8,-9999999.0,-9999999.0,-9999999.0,-9999999.0,-9999999.0,-9999999,-9999999,-9999999.0,-9999999.0,-9999999.0,-9999999.0
112,19,2014-04-17T01:22:22Z,3.52,3.4930000000000003,40.22608,-70.88356999999998,6.6942,6.694,3.328702,3.328918,33.0984,33.101,7.0055,6.884410000000001,0.2151,94.7656 (avg),C:\Data\ctd\kn217008.hex,40 13.56 N,070 53.01 W,2014-04-17T01:09:51Z,8,-9999999.0,-9999999.0,-9999999.0,-9999999.0,-9999999.0,-9999999,-9999999,-9999999.0,-9999999.0,-9999999.0,-9999999.0
113,20,2014-04-17T01:22:24Z,3.786,3.757,40.22608,-70.88358000000002,6.6947,6.6945,3.328734,3.328974,33.0982,33.101,7.0137,6.88435,0.2146,94.7763 (avg),C:\Data\ctd\kn217008.hex,40 13.56 N,070 53.01 W,2014-04-17T01:09:51Z,8,-9999999.0,-9999999.0,-9999999.0,-9999999.0,-9999999.0,-9999999,-9999999,-9999999.0,-9999999.0,-9999999.0,-9999999.0
114,21,2014-04-17T01:22:25Z,3.297,3.272,40.22608,-70.88358000000002,6.6946,6.6944,3.328695,3.328943,33.0981,33.101,7.0129,6.88437,0.2145,94.7788 (avg),C:\Data\ctd\kn217008.hex,40 13.56 N,070 53.01 W,2014-04-17T01:09:51Z,8,-9999999.0,-9999999.0,-9999999.0,-9999999.0,-9999999.0,-9999999,-9999999,-9999999.0,-9999999.0,-9999999.0,-9999999.0
115,22,2014-04-17T01:22:27Z,2.681,2.661,40.22608,-70.88356999999998,6.6945,6.6942,3.328668,3.328845,33.0982,33.1004,7.0106,6.88438,0.2432,94.1130 (avg),C:\Data\ctd\kn217008.hex,40 13.56 N,070 53.01 W,2014-04-17T01:09:51Z,8,-9999999.0,-9999999.0,-9999999.0,-9999999.0,-9999999.0,-9999999,-9999999,-9999999.0,-9999999.0,-9999999.0,-9999999.0
116,23,2014-04-17T01:22:29Z,2.509,2.49,40.22608,-70.88356,6.6941,6.6936,3.328632,3.3287980000000004,33.0983,33.1005,7.0066,6.88444,0.2533,93.8753 (avg),C:\Data\ctd\kn217008.hex,40 13.56 N,070 53.01 W,2014-04-17T01:09:51Z,8,-9999999.0,-9999999.0,-9999999.0,-9999999.0,-9999999.0,-9999999,-9999999,-9999999.0,-9999999.0,-9999999.0,-9999999.0
117,24,2014-04-17T01:22:32Z,3.816,3.787,40.22608,-70.88356999999998,6.6932,6.6926,3.328618,3.328775,33.0983,33.1006,7.0003,6.88457,0.2139,94.7934 (avg),C:\Data\ctd\kn217008.hex,40 13.56 N,070 53.01 W,2014-04-17T01:09:51Z,8,-9999999.0,-9999999.0,-9999999.0,-9999999.0,-9999999.0,-9999999,-9999999,-9999999.0,-9999999.0,-9999999.0,-9999999.0
118,1,2014-04-12T09:50:16Z,0.23,0.228,40.36476,-70.7722,11.4377,11.3758,-2e-06,0.000254,0.0029,0.0065,7.4809,7.63871,1.8878,62.3785 (avg),C:\Data\ctd\kn217999.hex,40 21.88 N,070 46.33 W,2014-04-12T09:50:07Z,999,-9999999.0,-9999999.0,-9999999.0,-9999999.0,-9999999.0,-9999999,-9999999,-9999999.0,-9999999.0,-9999999.0,-9999999.0
119,2,2014-04-12T09:50:19Z,0.22,0.218,40.36476,-70.7722,11.4402,11.3781,3.4021e-07,0.000251,0.0032,0.0065,7.481,7.638260000000002,1.8878,62.3785 (avg),C:\Data\ctd\kn217999.hex,40 21.88 N,070 46.33 W,2014-04-12T09:50:07Z,999,-9999999.0,-9999999.0,-9999999.0,-9999999.0,-9999999.0,-9999999,-9999999,-9999999.0,-9999999.0,-9999999.0,-9999999.0
