,Niskin #,Date Time,"Pressure, Digiquartz [db]","Depth [salt water, m]",Latitude [deg],Longitude [deg],"Temperature [ITS-90, deg C]","Temperature, 2 [ITS-90, deg C]",Conductivity [S/m],"Conductivity, 2 [S/m]","Salinity, Practical [PSU]","Salinity, Practical, 2 [PSU]","Oxygen, SBE 43 [ml/l]","Oxygen Saturation, Garcia & Gordon [ml/l]","Beam Attenuation, WET Labs C-Star [1/m]","Beam Transmission, WET Labs C-Star [%]",Hex name,Start Latitude,Start Longitude,Start Time,Cast #,Bottle Salinity [psu],Bottle Oxy [mL/L],Bottle Nitrate + Nitrite [µmol/L],Bottle Ammonium [µmol/L],Bottle Phosphate [µmol/L],Bottle Silicate [µmol/L],Bottle Nitrite [µmol/L],Bottle Nitrate [µmol/L]
0,1,Jul 06 2017 23:39:38,305.42400000000004,302.863,39.88712,-71.36012,8.2413,8.2419,3.672995,3.670923,35.1655,35.1428,1.6161,6.55704,0.1732,95.7628 (avg),D:\Data\ar20001.hex,39 53.23 N,071 21.61 W,2017-07-06T23:27:03Z,999,-9999999,-9999999,-9999999,-9999999,-9999999,-9999999,-9999999,-9999999
1,2,Jul 06 2017 23:43:52,280.064,277.733,39.88712,-71.36012,8.6133,8.6153,3.704244,3.706693,35.139,35.1629,1.9525,6.50402,0.1719,95.7945 (avg),D:\Data\ar20001.hex,39 53.23 N,071 21.61 W,2017-07-06T23:27:03Z,999,-9999999,-9999999,-9999999,-9999999,-9999999,-9999999,-9999999,-9999999
2,3,Jul 06 2017 23:46:53,239.547,237.577,39.88712,-71.36014,9.9069,9.9174,3.8272180000000002,3.83811,35.1665,35.268,1.7288,6.32078,0.17,95.8381 (avg),D:\Data\ar20001.hex,39 53.23 N,071 21.61 W,2017-07-06T23:27:03Z,999,-9999999,-9999999,-9999999,-9999999,-9999999,-9999999,-9999999,-9999999
3,4,Jul 06 2017 23:49:19,204.555,202.889,39.88712,-71.36014,10.6219,10.6233,3.911485,3.911304,35.3454,35.3422,2.5495,6.21697,0.168,95.8875 (avg),D:\Data\ar20001.hex,39 53.23 N,071 21.61 W,2017-07-06T23:27:03Z,999,-9999999,-9999999,-9999999,-9999999,-9999999,-9999999,-9999999,-9999999
4,5,Jul 06 2017 23:51:56,179.138,177.69099999999997,39.88714,-71.36014,11.2733,11.2787,3.980344,3.9805550000000003,35.4183,35.4152,2.6887,6.1285,0.1667,95.9183 (avg),D:\Data\ar20001.hex,39 53.23 N,071 21.61 W,2017-07-06T23:27:03Z,999,-9999999,-9999999,-9999999,-9999999,-9999999,-9999999,-9999999,-9999999
5,6,Jul 06 2017 23:56:09,138.845,137.736,39.8871,-71.36012,12.1869,12.1882,4.074497,4.074299,35.4901,35.4869,3.4805,6.00934,0.1664,95.9258 (avg),D:\Data\ar20001.hex,39 53.23 N,071 21.61 W,2017-07-06T23:27:03Z,999,-9999999,-9999999,-9999999,-9999999,-9999999,-9999999,-9999999,-9999999
6,7,Jul 06 2017 23:59:11,103.73700000000001,102.91799999999999,39.8871,-71.36014,12.4195,12.4085,4.090826,4.089482,35.4437,35.4411,3.8716,5.98209,0.1683,95.8786 (avg),D:\Data\ar20001.hex,39 53.23 N,071 21.61 W,2017-07-06T23:27:03Z,999,-9999999,-9999999,-9999999,-9999999,-9999999,-9999999,-9999999,-9999999
7,8,Jul 07 2017 00:01:54,78.658,78.041,39.88712,-71.36012,12.3134,12.3131,4.0648,4.064373000000001,35.3025,35.2987,4.1255,6.00061,0.1742,95.7391 (avg),D:\Data\ar20001.hex,39 53.23 N,071 21.61 W,2017-07-06T23:27:03Z,999,-9999999,-9999999,-9999999,-9999999,-9999999,-9999999,-9999999,-9999999
8,9,Jul 07 2017 00:05:17,53.622,53.205,39.88714,-71.36013,12.0988,12.1,4.005337,4.005199,34.937,34.9346,4.3265,6.04139,0.212,94.8379 (avg),D:\Data\ar20001.hex,39 53.23 N,071 21.61 W,2017-07-06T23:27:03Z,999,-9999999,-9999999,-9999999,-9999999,-9999999,-9999999,-9999999,-9999999
9,10,Jul 07 2017 00:07:52,38.593,38.294000000000004,39.88713,-71.36012,12.468,12.4705,4.0099860000000005,4.009991,34.6454,34.6431,4.6155,6.006130000000001,0.2811,93.2137 (avg),D:\Data\ar20001.hex,39 53.23 N,071 21.61 W,2017-07-06T23:27:03Z,999,-9999999,-9999999,-9999999,-9999999,-9999999,-9999999,-9999999,-9999999
10,11,Jul 07 2017 00:10:11,28.443,28.223000000000003,39.88712,-71.36012,13.2922,13.2509,4.0752440000000005,4.071435,34.5184,34.5199,4.8828,5.909619999999999,0.3823,90.8853 (avg),D:\Data\ar20001.hex,39 53.23 N,071 21.61 W,2017-07-06T23:27:03Z,999,-9999999,-9999999,-9999999,-9999999,-9999999,-9999999,-9999999,-9999999
11,12,Jul 07 2017 00:11:45,13.323,13.220999999999998,39.88712,-71.36013,17.8936,17.8518,4.456551999999999,4.452373000000001,33.9471,33.9462,4.9845,5.41603,0.488,88.5166 (avg),D:\Data\ar20001.hex,39 53.23 N,071 21.61 W,2017-07-06T23:27:03Z,999,-9999999,-9999999,-9999999,-9999999,-9999999,-9999999,-9999999,-9999999
12,1,Aug 02 2017 15:13:01,1010.706,999.538,50.786120000000004,-47.31275,3.3457,3.3478,3.231005,3.231099,34.8662,34.8652,4.5534,7.36764,0.1342,96.7012 (avg),D:\Data\AR21_003.hex,50 47.14 N,047 18.31 W,2017-08-02T14:13:54Z,003,-9999999,-9999999,-9999999,-9999999,-9999999,-9999999,-9999999,-9999999
13,1,Aug 02 2017 17:03:59,1013.302,1002.0989999999999,50.78648,-47.31814,3.3436,3.3454,3.230972,3.23104,34.8667,34.8657,4.4935,7.36799,0.134,96.7070 (avg),D:\Data\AR21_004.hex,50 47.19 N,047 19.09 W,2017-08-02T15:55:19Z,004,-9999999,-9999999,-9999999,-9999999,-9999999,-9999999,-9999999,-9999999
14,1,Aug 02 2017 18:42:27,1013.454,1002.2489999999999,50.78648,-47.31811,3.3391,3.3412,3.230444,3.230541,34.8652,34.864,4.7347,7.3689,0.1348,96.6863 (avg),D:\Data\AR21_005.hex,50 47.19 N,047 19.09 W,2017-08-02T17:41:30Z,005,-9999999,-9999999,-9999999,-9999999,-9999999,-9999999,-9999999,-9999999
15,1,Aug 02 2017 20:18:50,1014.3839999999999,1003.166,50.78648,-47.31813,3.3278,3.3295,3.229384,3.229393,34.864,34.8623,4.4981,7.370989999999999,0.1336,96.7164 (avg),D:\Data\AR21_006.hex,50 47.19 N,047 19.09 W,2017-08-02T19:20:56Z,006,-9999999,-9999999,-9999999,-9999999,-9999999,-9999999,-9999999,-9999999
16,2,Aug 02 2017 20:23:07,810.168,801.6,50.7865,-47.31813,3.3664,3.3684,3.223647,3.224053,34.8606,34.8633,4.7741,7.364210000000001,0.1361,96.6560 (avg),D:\Data\AR21_006.hex,50 47.19 N,047 19.09 W,2017-08-02T19:20:56Z,006,-9999999,-9999999,-9999999,-9999999,-9999999,-9999999,-9999999,-9999999
17,3,Aug 02 2017 20:23:20,811.373,802.789,50.7865,-47.31812,3.3669,3.3692,3.223782,3.224155,34.8611,34.863,4.7358,7.364089999999999,0.1357,96.6645 (avg),D:\Data\AR21_006.hex,50 47.19 N,047 19.09 W,2017-08-02T19:20:56Z,006,-9999999,-9999999,-9999999,-9999999,-9999999,-9999999,-9999999,-9999999
18,4,Aug 02 2017 20:32:38,304.822,301.965,50.78651,-47.31815,3.4852,3.4868,3.210429,3.210379,34.8453,34.843,4.4277,7.3436,0.1389,96.5876 (avg),D:\Data\AR21_006.hex,50 47.19 N,047 19.09 W,2017-08-02T19:20:56Z,006,-9999999,-9999999,-9999999,-9999999,-9999999,-9999999,-9999999,-9999999
19,5,Aug 02 2017 20:32:47,305.16,302.29900000000004,50.7865,-47.31815,3.4851,3.4871,3.2104630000000003,3.2104060000000003,34.8456,34.8428,4.4323,7.3436,0.139,96.5854 (avg),D:\Data\AR21_006.hex,50 47.19 N,047 19.09 W,2017-08-02T19:20:56Z,006,-9999999,-9999999,-9999999,-9999999,-9999999,-9999999,-9999999,-9999999
20,1,Aug 05 2017 20:52:18,1521.105,1501.2939999999999,59.92632,-39.516220000000004,3.5712,3.574,3.276132,3.276795,34.9073,34.9123,4.3687,7.32512,0.1287,96.8334 (avg),D:\Data\AR21_007.hex,59 55.58 N,039 30.97 W,2017-08-05T20:24:20Z,007,34.9281,6.445,8.20282906996443,1.116,0.597241053873378,5.57806055468839,<0.04,8.16282906996443
21,2,Aug 05 2017 21:02:53,1013.408,1001.415,59.92631,-39.516220000000004,3.3488,3.3502,3.230844,3.230991,34.8596,34.8599,4.4931,7.36742,0.1307,96.7870 (avg),D:\Data\AR21_007.hex,59 55.58 N,039 30.97 W,2017-08-05T20:24:20Z,007,34.8731,6.927,-9999999,-9999999,-9999999,-9999999,-9999999,-9999999
22,3,Aug 05 2017 21:12:52,507.29400000000004,501.899,59.9263,-39.516220000000004,3.6138,3.6145,3.231838,3.2348310000000002,34.8556,34.8907,3.8354,7.3200899999999995,0.1316,96.7638 (avg),D:\Data\AR21_007.hex,59 55.58 N,039 30.97 W,2017-08-05T20:24:20Z,007,34.8958,6.872,7.35625952905302,1.1155,0.537811639795517,4.34412594713611,<0.04,7.31625952905302
23,4,Aug 05 2017 21:14:32,487.311,482.151,59.92632,-39.5162,3.607,3.6087,3.233057,3.2332919999999996,34.8882,34.8893,4.0739,7.31969,0.131,96.7782 (avg),D:\Data\AR21_007.hex,59 55.58 N,039 30.97 W,2017-08-05T20:24:20Z,007,34.8954,6.917,-9999999,-9999999,-9999999,-9999999,-9999999,-9999999
24,5,Aug 05 2017 21:19:33,254.824,252.267,59.92632,-39.51621,3.8944,3.8957,3.249823,3.249684,34.9073,34.9043,5.5257,7.2678,0.1362,96.6535 (avg),D:\Data\AR21_007.hex,59 55.58 N,039 30.97 W,2017-08-05T20:24:20Z,007,34.9111,6.785,-9999999,-9999999,-9999999,-9999999,-9999999,-9999999
25,6,Aug 05 2017 21:22:35,133.965,132.66,59.92632,-39.51619,4.3111,4.3108,3.2820110000000002,3.2817410000000002,34.9116,34.9088,5.4694,7.194839999999999,0.14,96.5611 (avg),D:\Data\AR21_007.hex,59 55.58 N,039 30.97 W,2017-08-05T20:24:20Z,007,34.9291,6.751,-9999999,-9999999,-9999999,-9999999,-9999999,-9999999
26,7,Aug 05 2017 21:23:56,104.54,103.529,59.92632,-39.5162,4.6717,4.6797,3.314777,3.3152660000000003,34.9312,34.9285,5.4157,7.131989999999999,0.1402,96.5542 (avg),D:\Data\AR21_007.hex,59 55.58 N,039 30.97 W,2017-08-05T20:24:20Z,007,34.9704,6.695,8.74255463323734,1.26,0.588400314589068,5.17132697257569,<0.04,8.70255463323734
27,7,Aug 05 2017 21:23:56,104.54,103.529,59.92632,-39.5162,4.6717,4.6797,3.314777,3.3152660000000003,34.9312,34.9285,5.4157,7.131989999999999,0.1402,96.5542 (avg),D:\Data\AR21_007.hex,59 55.58 N,039 30.97 W,2017-08-05T20:24:20Z,007,34.9704,6.695,9.45619176689819,1.039,0.548125835627212,5.18823018637778,<0.04,9.41619176689819
28,8,Aug 05 2017 21:25:25,83.499,82.696,59.9263,-39.516220000000004,4.8298,4.8413,3.3277089999999996,3.3282550000000004,34.9269,34.9212,5.4789,7.10535,0.1455,96.4270 (avg),D:\Data\AR21_007.hex,59 55.58 N,039 30.97 W,2017-08-05T20:24:20Z,007,34.9531,6.707,-9999999,-9999999,-9999999,-9999999,-9999999,-9999999
29,9,Aug 05 2017 21:28:53,24.163,23.934,59.92632,-39.51617,8.305,8.3165,3.630749,3.631253,34.7871,34.7812,5.6385,6.56385,0.3088,92.5718 (avg),D:\Data\AR21_007.hex,59 55.58 N,039 30.97 W,2017-08-05T20:24:20Z,007,34.8012,6.942,-9999999,-9999999,-9999999,-9999999,-9999999,-9999999
30,10,Aug 05 2017 21:30:11,15.9,15.749,59.9263,-39.51623,8.4639,8.4626,3.6453629999999997,3.6449879999999997,34.7895,34.7868,5.6166,6.5405,0.3251,92.1947 (avg),D:\Data\AR21_007.hex,59 55.58 N,039 30.97 W,2017-08-05T20:24:20Z,007,34.7959,6.893,-9999999,-9999999,-9999999,-9999999,-9999999,-9999999
31,11,Aug 05 2017 21:31:43,3.003,2.975,59.92632,-39.5162,8.5003,8.506,3.64833,3.648557,34.7914,34.7881,5.6173,6.5351300000000005,0.3165,92.3919 (avg),D:\Data\AR21_007.hex,59 55.58 N,039 30.97 W,2017-08-05T20:24:20Z,007,34.7963,6.925,4.35678468575301,0.849,0.282903657097916,1.02475733675147,0.103333333333333,4.25345135241967
32,11,Aug 05 2017 21:31:43,3.003,2.975,59.92632,-39.5162,8.5003,8.506,3.64833,3.648557,34.7914,34.7881,5.6173,6.5351300000000005,0.3165,92.3919 (avg),D:\Data\AR21_007.hex,59 55.58 N,039 30.97 W,2017-08-05T20:24:20Z,007,34.7963,6.925,4.87901914280874,0.6785,0.292235548564687,1.23921686186543,0.0713333333333333,4.80768580947541
33,1,Aug 06 2017 15:36:24,2643.252,2601.973,59.970819999999996,-39.510259999999995,1.8166,1.8172,3.166441,3.1650270000000003,34.9079,34.8899,4.5766,7.65066,0.1511,96.2932 (avg),D:\Data\AR21_008.hex,59 58.25 N,039 30.62 W,2017-08-06T14:47:54Z,008,34.9131,-9999999,-9999999,-9999999,-9999999,-9999999,-9999999,-9999999
34,2,Aug 06 2017 15:39:26,2541.38,2502.284,59.97083000000001,-39.51024,1.9574,1.9595,3.1726520000000002,3.173638,34.8815,34.8912,4.5192,7.625,0.1515,96.2819 (avg),D:\Data\AR21_008.hex,59 58.25 N,039 30.62 W,2017-08-06T14:47:54Z,008,34.8966,-9999999,-9999999,-9999999,-9999999,-9999999,-9999999,-9999999
35,3,Aug 06 2017 15:47:36,2132.989,2102.175,59.970819999999996,-39.510259999999995,2.9157,2.9217,3.243265,3.244316,34.911,34.9173,4.1439,7.44366,0.1346,96.6918 (avg),D:\Data\AR21_008.hex,59 58.25 N,039 30.62 W,2017-08-06T14:47:54Z,008,34.9326,-9999999,-9999999,-9999999,-9999999,-9999999,-9999999,-9999999
36,4,Aug 06 2017 15:53:42,1828.5379999999998,1803.4089999999999,59.970819999999996,-39.510259999999995,3.3385,3.347,3.265864,3.270548,34.8805,34.9273,4.1322,7.3682300000000005,0.1333,96.7236 (avg),D:\Data\AR21_008.hex,59 58.25 N,039 30.62 W,2017-08-06T14:47:54Z,008,34.9326,-9999999,-9999999,-9999999,-9999999,-9999999,-9999999,-9999999
37,5,Aug 06 2017 15:59:58,1523.398,1503.5439999999999,59.970819999999996,-39.51024,3.5863,3.5892,3.278031,3.2789919999999997,34.9128,34.9211,4.0066,7.32215,0.134,96.7056 (avg),D:\Data\AR21_008.hex,59 58.25 N,039 30.62 W,2017-08-06T14:47:54Z,008,34.9265,-9999999,-9999999,-9999999,-9999999,-9999999,-9999999,-9999999
38,6,Aug 06 2017 16:06:03,1218.728,1203.713,59.970819999999996,-39.510259999999995,3.3211,3.3226,3.237602,3.237031,34.8647,34.8563,4.298,7.37217,0.1354,96.6719 (avg),D:\Data\AR21_008.hex,59 58.25 N,039 30.62 W,2017-08-06T14:47:54Z,008,34.8678,-9999999,-9999999,-9999999,-9999999,-9999999,-9999999,-9999999
39,7,Aug 06 2017 16:10:27,1016.451,1004.4119999999999,59.97083000000001,-39.51024,3.3341,3.3486,3.2292099999999997,3.230979,34.8541,34.8599,4.3544,7.37035,0.1363,96.6491 (avg),D:\Data\AR21_008.hex,59 58.25 N,039 30.62 W,2017-08-06T14:47:54Z,008,34.866,-9999999,-9999999,-9999999,-9999999,-9999999,-9999999,-9999999
40,8,Aug 06 2017 16:14:57,813.918,804.666,59.970819999999996,-39.510259999999995,3.3946,3.4113,3.2261490000000004,3.228398,34.8586,34.8677,4.2239,7.35922,0.1369,96.6364 (avg),D:\Data\AR21_008.hex,59 58.25 N,039 30.62 W,2017-08-06T14:47:54Z,008,34.8747,-9999999,-9999999,-9999999,-9999999,-9999999,-9999999,-9999999
41,9,Aug 06 2017 16:19:20,611.191,604.538,59.970819999999996,-39.510259999999995,3.5086,3.5109,3.2284080000000004,3.229253,34.8712,34.879,4.3463,7.33811,0.1377,96.6151 (avg),D:\Data\AR21_008.hex,59 58.25 N,039 30.62 W,2017-08-06T14:47:54Z,008,34.8851,-9999999,-9999999,-9999999,-9999999,-9999999,-9999999,-9999999
42,10,Aug 06 2017 16:23:48,408.995,404.73900000000003,59.97083000000001,-39.51025,3.6129,3.6146,3.230223,3.230107,34.89,34.8868,5.6413,7.31854,0.1375,96.6198 (avg),D:\Data\AR21_008.hex,59 58.25 N,039 30.62 W,2017-08-06T14:47:54Z,008,34.894,-9999999,-9999999,-9999999,-9999999,-9999999,-9999999,-9999999
43,11,Aug 06 2017 16:28:15,207.388,205.33,59.970819999999996,-39.510259999999995,3.9494,3.951,3.25252,3.252375,34.9066,34.9031,5.5136,7.25816,0.1436,96.4742 (avg),D:\Data\AR21_008.hex,59 58.25 N,039 30.62 W,2017-08-06T14:47:54Z,008,34.9092,-9999999,-9999999,-9999999,-9999999,-9999999,-9999999,-9999999
44,12,Aug 06 2017 16:30:20,145.89600000000002,144.469,59.97084,-39.51024,4.1229,4.1216,3.265557,3.265148,34.9103,34.9068,5.4903,7.2276,0.1461,96.4143 (avg),D:\Data\AR21_008.hex,59 58.25 N,039 30.62 W,2017-08-06T14:47:54Z,008,34.9113,-9999999,-9999999,-9999999,-9999999,-9999999,-9999999,-9999999
45,1,Aug 06 2017 21:46:30,1216.336,1201.358,59.97116,-39.5135,3.3234,3.3252,3.237228,3.23715,34.859,34.8561,5.5298,7.372039999999999,0.1305,96.7903 (avg),D:\Data\AR21_009.hex,59 58.27 N,039 30.81 W,2017-08-06T21:22:51Z,009,-9999999,-9999999,-9999999,-9999999,-9999999,-9999999,-9999999,-9999999
46,2,Aug 06 2017 21:47:56,1164.684,1150.483,59.97116,-39.5135,3.3242,3.326,3.235097,3.2350209999999997,34.859,34.8562,5.5407,7.3719,0.1312,96.7752 (avg),D:\Data\AR21_009.hex,59 58.27 N,039 30.81 W,2017-08-06T21:22:51Z,009,-9999999,-9999999,-9999999,-9999999,-9999999,-9999999,-9999999,-9999999
47,3,Aug 06 2017 21:49:02,1097.7269999999999,1084.515,59.97116,-39.5135,3.3361,3.3378,3.233436,3.233343,34.8607,34.8578,5.552,7.36965,0.1316,96.7652 (avg),D:\Data\AR21_009.hex,59 58.27 N,039 30.81 W,2017-08-06T21:22:51Z,009,-9999999,-9999999,-9999999,-9999999,-9999999,-9999999,-9999999,-9999999
48,4,Aug 06 2017 21:49:35,1064.876,1052.141,59.97116,-39.5135,3.3427,3.3444,3.232684,3.232595,34.8617,34.8588,5.561,7.36843,0.132,96.7553 (avg),D:\Data\AR21_009.hex,59 58.27 N,039 30.81 W,2017-08-06T21:22:51Z,009,-9999999,-9999999,-9999999,-9999999,-9999999,-9999999,-9999999,-9999999
49,5,Aug 06 2017 21:50:53,986.065,974.456,59.97116,-39.5135,3.3571,3.3583,3.230718,3.230594,34.8635,34.8607,5.5627,7.36573,0.1325,96.7415 (avg),D:\Data\AR21_009.hex,59 58.27 N,039 30.81 W,2017-08-06T21:22:51Z,009,-9999999,-9999999,-9999999,-9999999,-9999999,-9999999,-9999999,-9999999
50,6,Aug 06 2017 21:51:23,956.025,944.8380000000001,59.97116,-39.5135,3.3639,3.3652,3.230106,3.229981,34.8645,34.8616,5.5591,7.36445,0.1326,96.7393 (avg),D:\Data\AR21_009.hex,59 58.27 N,039 30.81 W,2017-08-06T21:22:51Z,009,-9999999,-9999999,-9999999,-9999999,-9999999,-9999999,-9999999,-9999999
51,7,Aug 06 2017 21:52:18,900.232,889.816,59.97116,-39.5135,3.3799,3.3812,3.229278,3.229149,34.8666,34.8637,5.5559,7.36147,0.1342,96.7024 (avg),D:\Data\AR21_009.hex,59 58.27 N,039 30.81 W,2017-08-06T21:22:51Z,009,-9999999,-9999999,-9999999,-9999999,-9999999,-9999999,-9999999,-9999999
52,8,Aug 06 2017 21:52:57,861.794,851.9019999999999,59.97115,-39.5135,3.3913,3.3923,3.22872,3.228561,34.8678,34.8649,5.5739,7.35935,0.1338,96.7106 (avg),D:\Data\AR21_009.hex,59 58.27 N,039 30.81 W,2017-08-06T21:22:51Z,009,-9999999,-9999999,-9999999,-9999999,-9999999,-9999999,-9999999,-9999999
53,9,Aug 06 2017 21:53:46,811.135,801.92,59.97116,-39.5135,3.4062,3.4072,3.227978,3.227825,34.8696,34.8667,5.5836,7.35658,0.1335,96.7175 (avg),D:\Data\AR21_009.hex,59 58.27 N,039 30.81 W,2017-08-06T21:22:51Z,009,-9999999,-9999999,-9999999,-9999999,-9999999,-9999999,-9999999,-9999999
54,10,Aug 06 2017 21:54:37,759.586,751.05,59.97116,-39.5135,3.4225,3.4238,3.2273,3.227169,34.8711,34.8682,5.6009,7.353560000000001,0.1339,96.7095 (avg),D:\Data\AR21_009.hex,59 58.27 N,039 30.81 W,2017-08-06T21:22:51Z,009,-9999999,-9999999,-9999999,-9999999,-9999999,-9999999,-9999999,-9999999
55,11,Aug 06 2017 21:55:10,725.883,717.783,59.97116,-39.5135,3.4496,3.4504,3.228494,3.228325,34.8744,34.8715,5.5976,7.34853,0.1334,96.7203 (avg),D:\Data\AR21_009.hex,59 58.27 N,039 30.81 W,2017-08-06T21:22:51Z,009,-9999999,-9999999,-9999999,-9999999,-9999999,-9999999,-9999999,-9999999
56,12,Aug 06 2017 21:55:47,689.687,682.05,59.97116,-39.5135,3.4751,3.4781,3.2293979999999998,3.2294240000000003,34.8772,34.8743,5.6033,7.3438300000000005,0.1351,96.6797 (avg),D:\Data\AR21_009.hex,59 58.27 N,039 30.81 W,2017-08-06T21:22:51Z,009,-9999999,-9999999,-9999999,-9999999,-9999999,-9999999,-9999999,-9999999
57,13,Aug 06 2017 21:57:00,615.946,609.234,59.97116,-39.5135,3.516,3.5177,3.230169,3.2300720000000003,34.882,34.879,5.6199,7.33625,0.1333,96.7239 (avg),D:\Data\AR21_009.hex,59 58.27 N,039 30.81 W,2017-08-06T21:22:51Z,009,-9999999,-9999999,-9999999,-9999999,-9999999,-9999999,-9999999,-9999999
58,14,Aug 06 2017 21:58:41,512.861,507.398,59.97116,-39.513490000000004,3.5682,3.5699,3.230684,3.230608,34.8875,34.8847,5.6339,7.32665,0.1337,96.7126 (avg),D:\Data\AR21_009.hex,59 58.27 N,039 30.81 W,2017-08-06T21:22:51Z,009,-9999999,-9999999,-9999999,-9999999,-9999999,-9999999,-9999999,-9999999
59,15,Aug 06 2017 21:59:39,454.3,449.524,59.97116,-39.513490000000004,3.5907,3.5921,3.230191,3.230066,34.8889,34.8859,5.6258,7.32255,0.133,96.7313 (avg),D:\Data\AR21_009.hex,59 58.27 N,039 30.81 W,2017-08-06T21:22:51Z,009,-9999999,-9999999,-9999999,-9999999,-9999999,-9999999,-9999999,-9999999
60,16,Aug 06 2017 22:00:24,409.227,404.969,59.97116,-39.5135,3.6221,3.624,3.231092,3.231018,34.8905,34.8876,5.6167,7.31688,0.1337,96.7142 (avg),D:\Data\AR21_009.hex,59 58.27 N,039 30.81 W,2017-08-06T21:22:51Z,009,-9999999,-9999999,-9999999,-9999999,-9999999,-9999999,-9999999,-9999999
61,17,Aug 06 2017 22:03:16,236.669,234.303,59.97116,-39.51348,3.8575,3.858,3.245257,3.245038,34.902,34.8989,5.5451,7.274560000000001,0.1395,96.5730 (avg),D:\Data\AR21_009.hex,59 58.27 N,039 30.81 W,2017-08-06T21:22:51Z,009,-9999999,-9999999,-9999999,-9999999,-9999999,-9999999,-9999999,-9999999
62,18,Aug 06 2017 22:03:36,216.514,214.36,59.97116,-39.51348,3.8611,3.859,3.244022,3.243586,34.8944,34.8915,5.5577,7.2743,0.1402,96.5542 (avg),D:\Data\AR21_009.hex,59 58.27 N,039 30.81 W,2017-08-06T21:22:51Z,009,-9999999,-9999999,-9999999,-9999999,-9999999,-9999999,-9999999,-9999999
63,19,Aug 06 2017 22:03:58,194.89,192.96200000000002,59.97116,-39.513490000000004,4.0072,4.0081,3.256997,3.256853,34.9051,34.9024,5.5081,7.2480899999999995,0.1429,96.4913 (avg),D:\Data\AR21_009.hex,59 58.27 N,039 30.81 W,2017-08-06T21:22:51Z,009,-9999999,-9999999,-9999999,-9999999,-9999999,-9999999,-9999999,-9999999
64,20,Aug 06 2017 22:04:22,170.446,168.77,59.97116,-39.5135,4.0834,4.0853,3.262793,3.26269,34.9062,34.9029,5.5069,7.234710000000001,0.1415,96.5239 (avg),D:\Data\AR21_009.hex,59 58.27 N,039 30.81 W,2017-08-06T21:22:51Z,009,-9999999,-9999999,-9999999,-9999999,-9999999,-9999999,-9999999,-9999999
65,21,Aug 06 2017 22:04:55,137.471,136.13,59.97116,-39.5135,4.2247,4.2261,3.2743290000000003,3.2741759999999998,34.9106,34.9074,5.4739,7.20987,0.1412,96.5313 (avg),D:\Data\AR21_009.hex,59 58.27 N,039 30.81 W,2017-08-06T21:22:51Z,009,-9999999,-9999999,-9999999,-9999999,-9999999,-9999999,-9999999,-9999999
66,22,Aug 06 2017 22:05:14,118.42299999999999,117.273,59.97116,-39.5135,4.2727,4.2748,3.277682,3.277568,34.9096,34.9061,5.4675,7.2015899999999995,0.1413,96.5275 (avg),D:\Data\AR21_009.hex,59 58.27 N,039 30.81 W,2017-08-06T21:22:51Z,009,-9999999,-9999999,-9999999,-9999999,-9999999,-9999999,-9999999,-9999999
67,23,Aug 06 2017 22:05:35,104.089,103.08200000000001,59.97116,-39.5135,4.3678,4.3701,3.28588,3.285778,34.9134,34.9097,5.4669,7.18497,0.1476,96.3782 (avg),D:\Data\AR21_009.hex,59 58.27 N,039 30.81 W,2017-08-06T21:22:51Z,009,-9999999,-9999999,-9999999,-9999999,-9999999,-9999999,-9999999,-9999999
68,24,Aug 06 2017 22:05:52,97.64399999999999,96.7,59.97116,-39.5135,4.3821,4.3826,3.2867040000000003,3.2864739999999997,34.9114,34.9082,5.4898,7.182589999999999,0.1433,96.4794 (avg),D:\Data\AR21_009.hex,59 58.27 N,039 30.81 W,2017-08-06T21:22:51Z,009,-9999999,-9999999,-9999999,-9999999,-9999999,-9999999,-9999999,-9999999
69,1,Aug 07 2017 17:13:27,2642.203,2601.0,59.7162,-39.338159999999995,2.1202,2.1215,3.191929,3.191863,34.8953,34.8932,5.4308,7.593189999999999,0.1451,96.4380 (avg),D:\Data\AR21_010.hex,59 42.97 N,039 20.29 W,2017-08-07T16:14:21Z,010,34.9036,6.791,-9999999,-9999999,-9999999,-9999999,-9999999,-9999999
70,2,Aug 07 2017 17:21:15,2234.444,2201.687,59.7162,-39.33818,3.0285,3.0307,3.258493,3.258508,34.9256,34.9235,5.1072,7.42225,0.132,96.7558 (avg),D:\Data\AR21_010.hex,59 42.97 N,039 20.29 W,2017-08-07T16:14:21Z,010,34.9951,6.336,-9999999,-9999999,-9999999,-9999999,-9999999,-9999999
71,3,Aug 07 2017 17:29:07,1827.11,1802.0439999999999,59.7162,-39.338159999999995,3.4214,3.4232,3.2772989999999997,3.277248,34.9296,34.9271,5.0666,7.35084,0.1319,96.7561 (avg),D:\Data\AR21_010.hex,59 42.97 N,039 20.29 W,2017-08-07T16:14:21Z,010,35.024,6.252,-9999999,-9999999,-9999999,-9999999,-9999999,-9999999
72,4,Aug 07 2017 17:35:15,1522.1689999999999,1502.366,59.7162,-39.33817,3.5531,3.5544,3.274784,3.27468,34.9099,34.9073,5.1744,7.32822,0.133,96.7302 (avg),D:\Data\AR21_010.hex,59 42.97 N,039 20.29 W,2017-08-07T16:14:21Z,010,34.9742,6.402,-9999999,-9999999,-9999999,-9999999,-9999999,-9999999
73,5,Aug 07 2017 17:44:37,1015.452,1003.447,59.7162,-39.33817,3.3716,3.3726,3.233441,3.233311,34.8655,34.8629,5.5638,7.36302,0.1347,96.6891 (avg),D:\Data\AR21_010.hex,59 42.97 N,039 20.29 W,2017-08-07T16:14:21Z,010,34.8796,6.833,-9999999,-9999999,-9999999,-9999999,-9999999,-9999999
74,6,Aug 07 2017 17:49:42,762.212,753.6569999999999,59.7162,-39.338159999999995,3.4729,3.4757,3.23245,3.232469,34.8778,34.8751,5.5841,7.344180000000001,0.1348,96.6863 (avg),D:\Data\AR21_010.hex,59 42.97 N,039 20.29 W,2017-08-07T16:14:21Z,010,34.947,6.87,-9999999,-9999999,-9999999,-9999999,-9999999,-9999999
75,7,Aug 07 2017 17:57:26,357.958,354.284,59.7162,-39.33817,3.6863,3.6879,3.234612,3.2345040000000003,34.8919,34.8888,5.5822,7.305389999999999,0.1375,96.6212 (avg),D:\Data\AR21_010.hex,59 42.97 N,039 20.29 W,2017-08-07T16:14:21Z,010,34.9074,6.84,-9999999,-9999999,-9999999,-9999999,-9999999,-9999999
76,8,Aug 07 2017 18:01:12,186.628,184.78900000000002,59.7162,-39.33818,4.2097,4.2083,3.275566,3.275184,34.9146,34.9116,5.415,7.212289999999999,0.1399,96.5619 (avg),D:\Data\AR21_010.hex,59 42.97 N,039 20.29 W,2017-08-07T16:14:21Z,010,34.9293,6.663,-9999999,-9999999,-9999999,-9999999,-9999999,-9999999
77,9,Aug 07 2017 18:02:53,136.439,135.111,59.7162,-39.33818,4.4291,4.4308,3.29328,3.2931660000000003,34.9182,34.915,5.434,7.174169999999999,0.1426,96.4968 (avg),D:\Data\AR21_010.hex,59 42.97 N,039 20.29 W,2017-08-07T16:14:21Z,010,34.934,6.594,-9999999,-9999999,-9999999,-9999999,-9999999,-9999999
78,10,Aug 07 2017 18:04:26,95.936,95.01100000000001,59.7162,-39.338159999999995,4.778,4.7609,3.3239699999999996,3.321929,34.9312,34.9254,5.4151,7.113919999999999,0.1433,96.4811 (avg),D:\Data\AR21_010.hex,59 42.97 N,039 20.29 W,2017-08-07T16:14:21Z,010,34.9933,6.628,-9999999,-9999999,-9999999,-9999999,-9999999,-9999999
79,11,Aug 07 2017 18:06:13,65.86399999999999,65.234,59.7162,-39.33818,5.1313,5.1649,3.355153,3.357995,34.9385,34.9361,5.4569,7.054119999999999,0.1466,96.4011 (avg),D:\Data\AR21_010.hex,59 42.97 N,039 20.29 W,2017-08-07T16:14:21Z,010,35.0237,6.682,-9999999,-9999999,-9999999,-9999999,-9999999,-9999999
80,12,Aug 07 2017 18:07:52,36.246,35.902,59.71621999999999,-39.33818,6.2518,6.2414,3.455019,3.453643,34.9295,34.9246,5.586,6.87166,0.2231,94.5747 (avg),D:\Data\AR21_010.hex,59 42.97 N,039 20.29 W,2017-08-07T16:14:21Z,010,34.9777,6.843,-9999999,-9999999,-9999999,-9999999,-9999999,-9999999
81,1,Aug 08 2017 16:45:00,2694.099,2651.756,59.7696,-39.86104,1.6383,1.638,3.151352,3.151159,34.8896,34.8876,5.5188,7.68613,0.1408,96.5396 (avg),D:\Data\AR21_011.hex,59 46.18 N,039 51.66 W,2017-08-08T15:55:08Z,011,34.9281,-9999999,-9999999,-9999999,-9999999,-9999999,-9999999,-9999999
82,2,Aug 08 2017 16:57:52,2030.655,2001.832,59.769580000000005,-39.86104,3.0931,3.0948,3.256316,3.256259,34.9285,34.926,5.0712,7.41032,0.1265,96.8852 (avg),D:\Data\AR21_011.hex,59 46.18 N,039 51.66 W,2017-08-08T15:55:08Z,011,34.8731,-9999999,-9999999,-9999999,-9999999,-9999999,-9999999,-9999999
83,3,Aug 08 2017 17:02:18,1832.684,1807.51,59.7696,-39.86104,3.2668,3.2686,3.2637009999999997,3.263656,34.9285,34.9261,5.069,7.37878,0.1273,96.8675 (avg),D:\Data\AR21_011.hex,59 46.18 N,039 51.66 W,2017-08-08T15:55:08Z,011,34.8958,-9999999,-9999999,-9999999,-9999999,-9999999,-9999999,-9999999
84,4,Aug 08 2017 17:08:42,1527.886,1507.9820000000002,59.7696,-39.86104,3.5608,3.5625,3.276953,3.276885,34.9247,34.9221,5.0784,7.326110000000001,0.1293,96.8187 (avg),D:\Data\AR21_011.hex,59 46.18 N,039 51.66 W,2017-08-08T15:55:08Z,011,34.8954,-9999999,-9999999,-9999999,-9999999,-9999999,-9999999,-9999999
85,5,Aug 08 2017 17:24:47,762.3789999999999,753.818,59.769580000000005,-39.861059999999995,3.4064,3.4079,3.22585,3.2257580000000003,34.8695,34.8668,5.6132,7.35655,0.1317,96.7625 (avg),D:\Data\AR21_011.hex,59 46.18 N,039 51.66 W,2017-08-08T15:55:08Z,011,34.9111,-9999999,-9999999,-9999999,-9999999,-9999999,-9999999,-9999999
86,6,Aug 08 2017 17:32:38,357.91900000000004,354.244,59.769580000000005,-39.86105,3.738,3.7394,3.2401470000000003,3.240008,34.9028,34.8997,5.5459,7.295660000000001,0.1329,96.7318 (avg),D:\Data\AR21_011.hex,59 46.18 N,039 51.66 W,2017-08-08T15:55:08Z,011,34.9291,-9999999,-9999999,-9999999,-9999999,-9999999,-9999999,-9999999
87,7,Aug 08 2017 17:36:41,186.69299999999998,184.85299999999998,59.76959,-39.86104,4.1454,4.1468,3.270206,3.270064,34.9193,34.9162,5.4571,7.22324,0.1365,96.6441 (avg),D:\Data\AR21_011.hex,59 46.18 N,039 51.66 W,2017-08-08T15:55:08Z,011,34.9704,-9999999,-9999999,-9999999,-9999999,-9999999,-9999999,-9999999
88,8,Aug 08 2017 17:38:50,136.24200000000002,134.916,59.769580000000005,-39.86104,4.3132,4.3135,3.28301,3.2828230000000005,34.92,34.9174,5.4631,7.1940800000000005,0.1397,96.5677 (avg),D:\Data\AR21_011.hex,59 46.18 N,039 51.66 W,2017-08-08T15:55:08Z,011,34.9531,-9999999,-9999999,-9999999,-9999999,-9999999,-9999999,-9999999
89,9,Aug 08 2017 17:40:36,96.20700000000001,95.279,59.769580000000005,-39.86104,4.4758,4.476,3.2948980000000003,3.294636,34.9095,34.9062,5.4469,7.1665600000000005,0.1405,96.5484 (avg),D:\Data\AR21_011.hex,59 46.18 N,039 51.66 W,2017-08-08T15:55:08Z,011,34.8012,-9999999,-9999999,-9999999,-9999999,-9999999,-9999999,-9999999
90,10,Aug 08 2017 17:42:23,65.899,65.26899999999999,59.7696,-39.86104,4.8529,4.8312,3.32778,3.3253489999999997,34.9129,34.9074,5.4726,7.102119999999999,0.1581,96.1244 (avg),D:\Data\AR21_011.hex,59 46.18 N,039 51.66 W,2017-08-08T15:55:08Z,011,34.7959,-9999999,-9999999,-9999999,-9999999,-9999999,-9999999,-9999999
91,11,Aug 08 2017 17:44:00,35.87,35.529,59.7696,-39.86104,7.1207,7.1176,3.5276919999999996,3.5268949999999997,34.851,34.8455,5.7009,6.73906,0.2495,93.9516 (avg),D:\Data\AR21_011.hex,59 46.18 N,039 51.66 W,2017-08-08T15:55:08Z,011,34.7963,-9999999,-9999999,-9999999,-9999999,-9999999,-9999999,-9999999
92,1,Aug 09 2017 13:22:30,1013.023,1001.041,59.85358000000001,-39.12815,3.3917,3.3937,3.2352830000000004,3.235214,34.8674,34.8645,5.5406,7.3593,0.1591,96.1004 (avg),D:\Data\AR21_012.hex,59 51.21 N,039 07.69 W,2017-08-09T13:01:16Z,012,34.8684,6.849,5.59415551414535,1.519,0.520621313409359,3.52326362687231,<0.04,5.55415551414535
93,2,Aug 09 2017 13:22:38,1012.9630000000001,1000.9830000000001,59.85358000000001,-39.12816,3.3913,3.3931,3.235246,3.2351490000000003,34.8674,34.8644,5.5428,7.359369999999999,0.1575,96.1382 (avg),D:\Data\AR21_012.hex,59 51.21 N,039 07.69 W,2017-08-09T13:01:16Z,012,34.8708,6.869,-9999999,-9999999,-9999999,-9999999,-9999999,-9999999
94,3,Aug 09 2017 13:27:22,810.035,800.8430000000001,59.85358000000001,-39.12814,3.5219,3.5237,3.239404,3.239302,34.8839,34.8807,5.5284,7.33511,0.1542,96.2168 (avg),D:\Data\AR21_012.hex,59 51.21 N,039 07.69 W,2017-08-09T13:01:16Z,012,34.8853,6.874,-9999999,-9999999,-9999999,-9999999,-9999999,-9999999
95,4,Aug 09 2017 13:27:30,810.288,801.0930000000001,59.85358000000001,-39.12814,3.5211,3.5229,3.239341,3.239244,34.8838,34.8807,5.5278,7.33525,0.1541,96.2190 (avg),D:\Data\AR21_012.hex,59 51.21 N,039 07.69 W,2017-08-09T13:01:16Z,012,34.8857,6.818,-9999999,-9999999,-9999999,-9999999,-9999999,-9999999
96,5,Aug 09 2017 13:35:58,405.967,401.75,59.85358000000001,-39.12814,3.7697,3.7712,3.245311,3.245172,34.9049,34.9016,5.5267,7.28995,0.1525,96.2596 (avg),D:\Data\AR21_012.hex,59 51.21 N,039 07.69 W,2017-08-09T13:01:16Z,012,34.9054,6.779,7.29029307131967,1.25,0.628674793550924,4.28073889537829,0.0453333333333333,7.24495973798634
97,6,Aug 09 2017 13:36:06,405.88599999999997,401.66900000000004,59.85358000000001,-39.12814,3.7706,3.772,3.245392,3.2452520000000002,34.9049,34.9017,5.527,7.28978,0.1519,96.2739 (avg),D:\Data\AR21_012.hex,59 51.21 N,039 07.69 W,2017-08-09T13:01:16Z,012,34.9206,6.799,7.54616296798238,1.3875,0.570227683837987,4.15660591901922,<0.04,7.50616296798238
98,7,Aug 09 2017 13:44:07,54.053000000000004,53.536,59.85358000000001,-39.12814,6.1175,6.08,3.4400190000000004,3.4363660000000005,34.8896,34.8871,5.5969,6.89496,0.1933,95.2834 (avg),D:\Data\AR21_012.hex,59 51.21 N,039 07.69 W,2017-08-09T13:01:16Z,012,34.8968,6.826,15.8789259698458,1.004,0.831029492725128,6.87960801744901,0.151333333333333,15.7275926365125
99,8,Aug 09 2017 13:44:15,53.282,52.773999999999994,59.85358000000001,-39.12814,6.0092,5.9721,3.430706,3.4273870000000004,34.8965,34.8972,5.5652,6.91206,0.2008,95.1049 (avg),D:\Data\AR21_012.hex,59 51.21 N,039 07.69 W,2017-08-09T13:01:16Z,012,34.92,6.818,-9999999,-9999999,-9999999,-9999999,-9999999,-9999999
100,9,Aug 09 2017 13:45:47,33.099000000000004,32.785,59.85358000000001,-39.12814,7.2738,7.2486,3.539824,3.537462,34.8309,34.8305,5.6561,6.716480000000001,0.2503,93.9348 (avg),D:\Data\AR21_012.hex,59 51.21 N,039 07.69 W,2017-08-09T13:01:16Z,012,34.8186,6.883,4.12490259190242,1.659,0.312372788045615,1.20541043426126,0.0723333333333333,4.05256925856909
101,10,Aug 09 2017 13:45:54,33.308,32.992,59.85358000000001,-39.12814,7.3477,7.2948,3.5464879999999996,3.541621,34.8292,34.8293,5.6594,6.705260000000001,0.2507,93.9254 (avg),D:\Data\AR21_012.hex,59 51.21 N,039 07.69 W,2017-08-09T13:01:16Z,012,34.8257,6.889,2.85554802642724,1.712,0.277009830908376,0.835652632340628,<0.04,2.81554802642724
102,11,Aug 09 2017 13:47:50,5.928999999999999,5.872999999999999,59.85358000000001,-39.12814,8.7644,8.7612,3.6668580000000004,3.6664449999999995,34.7259,34.7247,5.4974,6.499630000000001,0.275,93.3555 (avg),D:\Data\AR21_012.hex,59 51.21 N,039 07.69 W,2017-08-09T13:01:16Z,012,34.741,6.715,2.81356937150601,1.946,0.24262917813606,0.627531812402444,<0.04,2.77356937150601
103,12,Aug 09 2017 13:47:57,5.632999999999999,5.579,59.85358000000001,-39.12814,8.7511,8.7555,3.666036,3.666116,34.7305,34.727,5.5008,6.50136,0.277,93.3103 (avg),D:\Data\AR21_012.hex,59 51.21 N,039 07.69 W,2017-08-09T13:01:16Z,012,34.7392,6.721,-9999999,-9999999,-9999999,-9999999,-9999999,-9999999
